True_User,Target_Folder,Predicted_User,Status,Time,Face_Detected,Tolerance,Image_Size,JPEG_Quality,Num_References,Num_Test_Images,Test_Image_Path
Andy Samberg,Andy Samberg,,No Face Detected in Test,0.019340991973876953,True,0.4,240x160,70,1,10,../dataset/Andy Samberg/Andy Samberg_49.jpg
Andy Samberg,Andy Samberg,,No Match,0.04104495048522949,True,0.4,240x160,70,1,10,../dataset/Andy Samberg/Andy Samberg_57.jpg
Andy Samberg,Andy Samberg,,No Match,0.049823760986328125,True,0.4,240x160,70,1,10,../dataset/Andy Samberg/Andy Samberg_44.jpg
Andy Samberg,Andy Samberg,,No Match,0.059648990631103516,True,0.4,240x160,70,1,10,../dataset/Andy Samberg/Andy Samberg_55.jpg
Andy Samberg,Andy Samberg,,No Face Detected in Test,0.0242767333984375,True,0.4,240x160,70,1,10,../dataset/Andy Samberg/Andy Samberg_40.jpg
Andy Samberg,Andy Samberg,,No Face Detected in Test,0.024583101272583008,True,0.4,240x160,70,1,10,../dataset/Andy Samberg/Andy Samberg_9.jpg
Andy Samberg,Andy Samberg,,No Match,0.04604840278625488,True,0.4,240x160,70,1,10,../dataset/Andy Samberg/Andy Samberg_41.jpg
Andy Samberg,Andy Samberg,,No Face Detected in Test,0.02447056770324707,True,0.4,240x160,70,1,10,../dataset/Andy Samberg/Andy Samberg_19.jpg
Andy Samberg,Andy Samberg,,No Match,0.04548192024230957,True,0.4,240x160,70,1,10,../dataset/Andy Samberg/Andy Samberg_64.jpg
Andy Samberg,Andy Samberg,,No Match,0.045243263244628906,True,0.4,240x160,70,1,10,../dataset/Andy Samberg/Andy Samberg_11.jpg
Andy Samberg,Andy Samberg,,No Match,0.379962682723999,True,0.4,240x160,70,1,10,
Andy Samberg,Anushka Sharma,,No Face Detected in Test,0.014531612396240234,True,0.4,240x160,70,1,10,../dataset/Anushka Sharma/Anushka Sharma_20.jpg
Andy Samberg,Anushka Sharma,,No Match,0.03374528884887695,True,0.4,240x160,70,1,10,../dataset/Anushka Sharma/Anushka Sharma_58.jpg
Andy Samberg,Anushka Sharma,,No Match,0.046900033950805664,True,0.4,240x160,70,1,10,../dataset/Anushka Sharma/Anushka Sharma_48.jpg
Andy Samberg,Anushka Sharma,,No Match,0.04457831382751465,True,0.4,240x160,70,1,10,../dataset/Anushka Sharma/Anushka Sharma_40.jpg
Andy Samberg,Anushka Sharma,,No Face Detected in Test,0.02416396141052246,True,0.4,240x160,70,1,10,../dataset/Anushka Sharma/Anushka Sharma_36.jpg
Andy Samberg,Anushka Sharma,,No Face Detected in Test,0.02407550811767578,True,0.4,240x160,70,1,10,../dataset/Anushka Sharma/Anushka Sharma_63.jpg
Andy Samberg,Anushka Sharma,,No Face Detected in Test,0.016141891479492188,True,0.4,240x160,70,1,10,../dataset/Anushka Sharma/Anushka Sharma_44.jpg
Andy Samberg,Anushka Sharma,,No Face Detected in Test,0.015041828155517578,True,0.4,240x160,70,1,10,../dataset/Anushka Sharma/Anushka Sharma_31.jpg
Andy Samberg,Anushka Sharma,,No Match,0.0339207649230957,True,0.4,240x160,70,1,10,../dataset/Anushka Sharma/Anushka Sharma_41.jpg
Andy Samberg,Anushka Sharma,,No Face Detected in Test,0.024509429931640625,True,0.4,240x160,70,1,10,../dataset/Anushka Sharma/Anushka Sharma_33.jpg
Andy Samberg,Anushka Sharma,,No Match,0.27760863304138184,True,0.4,240x160,70,1,10,
Andy Samberg,Billie Eilish,,No Face Detected in Test,0.014130115509033203,True,0.4,240x160,70,1,10,../dataset/Billie Eilish/Billie Eilish_66.jpg
Andy Samberg,Billie Eilish,,No Match,0.03521871566772461,True,0.4,240x160,70,1,10,../dataset/Billie Eilish/Billie Eilish_12.jpg
Andy Samberg,Billie Eilish,,No Face Detected in Test,0.015653133392333984,True,0.4,240x160,70,1,10,../dataset/Billie Eilish/Billie Eilish_96.jpg
Andy Samberg,Billie Eilish,,No Match,0.03788876533508301,True,0.4,240x160,70,1,10,../dataset/Billie Eilish/Billie Eilish_73.jpg
Andy Samberg,Billie Eilish,,No Face Detected in Test,0.025526046752929688,True,0.4,240x160,70,1,10,../dataset/Billie Eilish/Billie Eilish_20.jpg
Andy Samberg,Billie Eilish,,No Match,0.04847908020019531,True,0.4,240x160,70,1,10,../dataset/Billie Eilish/Billie Eilish_43.jpg
Andy Samberg,Billie Eilish,,No Match,0.05069780349731445,True,0.4,240x160,70,1,10,../dataset/Billie Eilish/Billie Eilish_55.jpg
Andy Samberg,Billie Eilish,,No Face Detected in Test,0.02046990394592285,True,0.4,240x160,70,1,10,../dataset/Billie Eilish/Billie Eilish_80.jpg
Andy Samberg,Billie Eilish,,No Face Detected in Test,0.015997886657714844,True,0.4,240x160,70,1,10,../dataset/Billie Eilish/Billie Eilish_70.jpg
Andy Samberg,Billie Eilish,,No Face Detected in Test,0.015059471130371094,True,0.4,240x160,70,1,10,../dataset/Billie Eilish/Billie Eilish_40.jpg
Andy Samberg,Billie Eilish,,No Match,0.27912092208862305,True,0.4,240x160,70,1,10,
Andy Samberg,Camila Cabello,,No Face Detected in Test,0.019821643829345703,True,0.4,240x160,70,1,10,../dataset/Camila Cabello/Camila Cabello_3.jpg
Andy Samberg,Camila Cabello,,No Face Detected in Test,0.01542806625366211,True,0.4,240x160,70,1,10,../dataset/Camila Cabello/Camila Cabello_19.jpg
Andy Samberg,Camila Cabello,,No Face Detected in Test,0.021114110946655273,True,0.4,240x160,70,1,10,../dataset/Camila Cabello/Camila Cabello_84.jpg
Andy Samberg,Camila Cabello,,No Face Detected in Test,0.01587200164794922,True,0.4,240x160,70,1,10,../dataset/Camila Cabello/Camila Cabello_33.jpg
Andy Samberg,Camila Cabello,,No Face Detected in Test,0.0218505859375,True,0.4,240x160,70,1,10,../dataset/Camila Cabello/Camila Cabello_83.jpg
Andy Samberg,Camila Cabello,,No Face Detected in Test,0.016077756881713867,True,0.4,240x160,70,1,10,../dataset/Camila Cabello/Camila Cabello_36.jpg
Andy Samberg,Camila Cabello,,No Face Detected in Test,0.017834186553955078,True,0.4,240x160,70,1,10,../dataset/Camila Cabello/Camila Cabello_50.jpg
Andy Samberg,Camila Cabello,,No Match,0.05990099906921387,True,0.4,240x160,70,1,10,../dataset/Camila Cabello/Camila Cabello_1.jpg
Andy Samberg,Camila Cabello,,No Match,0.08326554298400879,True,0.4,240x160,70,1,10,../dataset/Camila Cabello/Camila Cabello_40.jpg
Andy Samberg,Camila Cabello,,No Face Detected in Test,0.024591445922851562,True,0.4,240x160,70,1,10,../dataset/Camila Cabello/Camila Cabello_42.jpg
Andy Samberg,Camila Cabello,,No Match,0.29575634002685547,True,0.4,240x160,70,1,10,
Andy Samberg,Courtney Cox,Courtney Cox,Incorrect Match,0.03513526916503906,True,0.4,240x160,70,1,10,../dataset/Courtney Cox/Courtney Cox_52.jpg
Andy Samberg,Dwayne Johnson,Dwayne Johnson,Incorrect Match,0.03488874435424805,True,0.4,240x160,70,1,10,../dataset/Dwayne Johnson/Dwayne Johnson_13.jpg
Andy Samberg,Ellen Degeneres,,No Match,0.05239677429199219,True,0.4,240x160,70,1,10,../dataset/Ellen Degeneres/Ellen Degeneres_47.jpg
Andy Samberg,Ellen Degeneres,,No Match,0.06598877906799316,True,0.4,240x160,70,1,10,../dataset/Ellen Degeneres/Ellen Degeneres_9.jpg
Andy Samberg,Ellen Degeneres,,No Match,0.04664325714111328,True,0.4,240x160,70,1,10,../dataset/Ellen Degeneres/Ellen Degeneres_1.jpg
Andy Samberg,Ellen Degeneres,,No Match,0.07890033721923828,True,0.4,240x160,70,1,10,../dataset/Ellen Degeneres/Ellen Degeneres_45.jpg
Andy Samberg,Ellen Degeneres,Ellen Degeneres,Incorrect Match,0.07154369354248047,True,0.4,240x160,70,1,10,../dataset/Ellen Degeneres/Ellen Degeneres_64.jpg
Andy Samberg,Hrithik Roshan,,No Match,0.07570433616638184,True,0.4,240x160,70,1,10,../dataset/Hrithik Roshan/Hrithik Roshan_10.jpg
Andy Samberg,Hrithik Roshan,,No Match,0.07845044136047363,True,0.4,240x160,70,1,10,../dataset/Hrithik Roshan/Hrithik Roshan_58.jpg
Andy Samberg,Hrithik Roshan,,No Match,0.06032252311706543,True,0.4,240x160,70,1,10,../dataset/Hrithik Roshan/Hrithik Roshan_9.jpg
Andy Samberg,Hrithik Roshan,,No Face Detected in Test,0.03269529342651367,True,0.4,240x160,70,1,10,../dataset/Hrithik Roshan/Hrithik Roshan_89.jpg
Andy Samberg,Hrithik Roshan,,No Match,0.055011749267578125,True,0.4,240x160,70,1,10,../dataset/Hrithik Roshan/Hrithik Roshan_17.jpg
Andy Samberg,Hrithik Roshan,,No Face Detected in Test,0.02458786964416504,True,0.4,240x160,70,1,10,../dataset/Hrithik Roshan/Hrithik Roshan_23.jpg
Andy Samberg,Hrithik Roshan,,No Match,0.053275346755981445,True,0.4,240x160,70,1,10,../dataset/Hrithik Roshan/Hrithik Roshan_12.jpg
Andy Samberg,Hrithik Roshan,,No Match,0.04862618446350098,True,0.4,240x160,70,1,10,../dataset/Hrithik Roshan/Hrithik Roshan_2.jpg
Andy Samberg,Hrithik Roshan,,No Match,0.0719759464263916,True,0.4,240x160,70,1,10,../dataset/Hrithik Roshan/Hrithik Roshan_55.jpg
Andy Samberg,Hrithik Roshan,,No Match,0.0624082088470459,True,0.4,240x160,70,1,10,../dataset/Hrithik Roshan/Hrithik Roshan_68.jpg
Andy Samberg,Hrithik Roshan,,No Match,0.5630578994750977,True,0.4,240x160,70,1,10,
Andy Samberg,Roger Federer,,No Match,0.036147356033325195,True,0.4,240x160,70,1,10,../dataset/Roger Federer/Roger Federer_46.jpg
Andy Samberg,Roger Federer,,No Match,0.051407575607299805,True,0.4,240x160,70,1,10,../dataset/Roger Federer/Roger Federer_25.jpg
Andy Samberg,Roger Federer,,No Match,0.04853653907775879,True,0.4,240x160,70,1,10,../dataset/Roger Federer/Roger Federer_64.jpg
Andy Samberg,Roger Federer,,No Match,0.04827451705932617,True,0.4,240x160,70,1,10,../dataset/Roger Federer/Roger Federer_45.jpg
Andy Samberg,Roger Federer,,No Match,0.047948360443115234,True,0.4,240x160,70,1,10,../dataset/Roger Federer/Roger Federer_40.jpg
Andy Samberg,Roger Federer,Roger Federer,Incorrect Match,0.057159423828125,True,0.4,240x160,70,1,10,../dataset/Roger Federer/Roger Federer_68.jpg
Andy Samberg,Tom Cruise,,No Match,0.03356003761291504,True,0.4,240x160,70,1,10,../dataset/Tom Cruise/Tom Cruise_47.jpg
Andy Samberg,Tom Cruise,,No Face Detected in Test,0.022835493087768555,True,0.4,240x160,70,1,10,../dataset/Tom Cruise/Tom Cruise_54.jpg
Andy Samberg,Tom Cruise,Tom Cruise,Incorrect Match,0.04587221145629883,True,0.4,240x160,70,1,10,../dataset/Tom Cruise/Tom Cruise_25.jpg
Anushka Sharma,Andy Samberg,,No Face Detected in Test,0.015102148056030273,True,0.4,240x160,70,1,10,../dataset/Andy Samberg/Andy Samberg_3.jpg
Anushka Sharma,Andy Samberg,,No Match,0.03308534622192383,True,0.4,240x160,70,1,10,../dataset/Andy Samberg/Andy Samberg_32.jpg
Anushka Sharma,Andy Samberg,,No Face Detected in Test,0.023717880249023438,True,0.4,240x160,70,1,10,../dataset/Andy Samberg/Andy Samberg_31.jpg
Anushka Sharma,Andy Samberg,,No Match,0.04854559898376465,True,0.4,240x160,70,1,10,../dataset/Andy Samberg/Andy Samberg_34.jpg
Anushka Sharma,Andy Samberg,,No Face Detected in Test,0.024771451950073242,True,0.4,240x160,70,1,10,../dataset/Andy Samberg/Andy Samberg_36.jpg
Anushka Sharma,Andy Samberg,,No Match,0.03295135498046875,True,0.4,240x160,70,1,10,../dataset/Andy Samberg/Andy Samberg_37.jpg
Anushka Sharma,Andy Samberg,,No Face Detected in Test,0.02428913116455078,True,0.4,240x160,70,1,10,../dataset/Andy Samberg/Andy Samberg_91.jpg
Anushka Sharma,Andy Samberg,,No Match,0.049577951431274414,True,0.4,240x160,70,1,10,../dataset/Andy Samberg/Andy Samberg_46.jpg
Anushka Sharma,Andy Samberg,,No Face Detected in Test,0.025366544723510742,True,0.4,240x160,70,1,10,../dataset/Andy Samberg/Andy Samberg_13.jpg
Anushka Sharma,Andy Samberg,,No Face Detected in Test,0.025292158126831055,True,0.4,240x160,70,1,10,../dataset/Andy Samberg/Andy Samberg_87.jpg
Anushka Sharma,Andy Samberg,,No Match,0.30269956588745117,True,0.4,240x160,70,1,10,
Anushka Sharma,Anushka Sharma,,No Face Detected in Test,0.014150619506835938,True,0.4,240x160,70,1,10,../dataset/Anushka Sharma/Anushka Sharma_22.jpg
Anushka Sharma,Anushka Sharma,,No Face Detected in Test,0.014007329940795898,True,0.4,240x160,70,1,10,../dataset/Anushka Sharma/Anushka Sharma_39.jpg
Anushka Sharma,Anushka Sharma,,No Match,0.033930301666259766,True,0.4,240x160,70,1,10,../dataset/Anushka Sharma/Anushka Sharma_12.jpg
Anushka Sharma,Anushka Sharma,,No Face Detected in Test,0.023546457290649414,True,0.4,240x160,70,1,10,../dataset/Anushka Sharma/Anushka Sharma_43.jpg
Anushka Sharma,Anushka Sharma,,No Match,0.0504152774810791,True,0.4,240x160,70,1,10,../dataset/Anushka Sharma/Anushka Sharma_3.jpg
Anushka Sharma,Anushka Sharma,,No Face Detected in Test,0.02478790283203125,True,0.4,240x160,70,1,10,../dataset/Anushka Sharma/Anushka Sharma_60.jpg
Anushka Sharma,Anushka Sharma,,No Face Detected in Test,0.024625062942504883,True,0.4,240x160,70,1,10,../dataset/Anushka Sharma/Anushka Sharma_44.jpg
Anushka Sharma,Anushka Sharma,,No Match,0.1708221435546875,True,0.4,240x160,70,1,10,../dataset/Anushka Sharma/Anushka Sharma_35.jpg
Anushka Sharma,Anushka Sharma,,No Match,0.15828561782836914,True,0.4,240x160,70,1,10,../dataset/Anushka Sharma/Anushka Sharma_28.jpg
Anushka Sharma,Anushka Sharma,,No Match,0.0541079044342041,True,0.4,240x160,70,1,10,../dataset/Anushka Sharma/Anushka Sharma_2.jpg
Anushka Sharma,Anushka Sharma,,No Match,0.568678617477417,True,0.4,240x160,70,1,10,
Anushka Sharma,Billie Eilish,,No Match,0.03429865837097168,True,0.4,240x160,70,1,10,../dataset/Billie Eilish/Billie Eilish_69.jpg
Anushka Sharma,Billie Eilish,,No Face Detected in Test,0.024484634399414062,True,0.4,240x160,70,1,10,../dataset/Billie Eilish/Billie Eilish_11.jpg
Anushka Sharma,Billie Eilish,,No Match,0.0492861270904541,True,0.4,240x160,70,1,10,../dataset/Billie Eilish/Billie Eilish_86.jpg
Anushka Sharma,Billie Eilish,,No Match,0.050573110580444336,True,0.4,240x160,70,1,10,../dataset/Billie Eilish/Billie Eilish_53.jpg
Anushka Sharma,Billie Eilish,,No Match,0.04774737358093262,True,0.4,240x160,70,1,10,../dataset/Billie Eilish/Billie Eilish_19.jpg
Anushka Sharma,Billie Eilish,,No Face Detected in Test,0.02571892738342285,True,0.4,240x160,70,1,10,../dataset/Billie Eilish/Billie Eilish_91.jpg
Anushka Sharma,Billie Eilish,,No Match,0.04794025421142578,True,0.4,240x160,70,1,10,../dataset/Billie Eilish/Billie Eilish_43.jpg
Anushka Sharma,Billie Eilish,,No Match,0.04992270469665527,True,0.4,240x160,70,1,10,../dataset/Billie Eilish/Billie Eilish_26.jpg
Anushka Sharma,Billie Eilish,,No Face Detected in Test,0.027581453323364258,True,0.4,240x160,70,1,10,../dataset/Billie Eilish/Billie Eilish_10.jpg
Anushka Sharma,Billie Eilish,,No Face Detected in Test,0.028958797454833984,True,0.4,240x160,70,1,10,../dataset/Billie Eilish/Billie Eilish_74.jpg
Anushka Sharma,Billie Eilish,,No Match,0.38651204109191895,True,0.4,240x160,70,1,10,
Anushka Sharma,Camila Cabello,,No Face Detected in Test,0.014660358428955078,True,0.4,240x160,70,1,10,../dataset/Camila Cabello/Camila Cabello_57.jpg
Anushka Sharma,Camila Cabello,,No Match,0.033205270767211914,True,0.4,240x160,70,1,10,../dataset/Camila Cabello/Camila Cabello_71.jpg
Anushka Sharma,Camila Cabello,,No Face Detected in Test,0.024184465408325195,True,0.4,240x160,70,1,10,../dataset/Camila Cabello/Camila Cabello_6.jpg
Anushka Sharma,Camila Cabello,,No Face Detected in Test,0.015628337860107422,True,0.4,240x160,70,1,10,../dataset/Camila Cabello/Camila Cabello_9.jpg
Anushka Sharma,Camila Cabello,,No Match,0.037282705307006836,True,0.4,240x160,70,1,10,../dataset/Camila Cabello/Camila Cabello_51.jpg
Anushka Sharma,Camila Cabello,,No Face Detected in Test,0.024186134338378906,True,0.4,240x160,70,1,10,../dataset/Camila Cabello/Camila Cabello_81.jpg
Anushka Sharma,Camila Cabello,,No Face Detected in Test,0.02436542510986328,True,0.4,240x160,70,1,10,../dataset/Camila Cabello/Camila Cabello_33.jpg
Anushka Sharma,Camila Cabello,,No Match,0.03674149513244629,True,0.4,240x160,70,1,10,../dataset/Camila Cabello/Camila Cabello_70.jpg
Anushka Sharma,Camila Cabello,,No Match,0.060948848724365234,True,0.4,240x160,70,1,10,../dataset/Camila Cabello/Camila Cabello_46.jpg
Anushka Sharma,Camila Cabello,,No Match,0.04661417007446289,True,0.4,240x160,70,1,10,../dataset/Camila Cabello/Camila Cabello_41.jpg
Anushka Sharma,Camila Cabello,,No Match,0.31781721115112305,True,0.4,240x160,70,1,10,
Anushka Sharma,Courtney Cox,,No Face Detected in Test,0.016364336013793945,True,0.4,240x160,70,1,10,../dataset/Courtney Cox/Courtney Cox_20.jpg
Anushka Sharma,Courtney Cox,,No Face Detected in Test,0.014560699462890625,True,0.4,240x160,70,1,10,../dataset/Courtney Cox/Courtney Cox_79.jpg
Anushka Sharma,Courtney Cox,,No Match,0.03404068946838379,True,0.4,240x160,70,1,10,../dataset/Courtney Cox/Courtney Cox_75.jpg
Anushka Sharma,Courtney Cox,,No Match,0.04655790328979492,True,0.4,240x160,70,1,10,../dataset/Courtney Cox/Courtney Cox_28.jpg
Anushka Sharma,Courtney Cox,,No Match,0.05090069770812988,True,0.4,240x160,70,1,10,../dataset/Courtney Cox/Courtney Cox_19.jpg
Anushka Sharma,Courtney Cox,,No Face Detected in Test,0.02619624137878418,True,0.4,240x160,70,1,10,../dataset/Courtney Cox/Courtney Cox_68.jpg
Anushka Sharma,Courtney Cox,,No Face Detected in Test,0.020647764205932617,True,0.4,240x160,70,1,10,../dataset/Courtney Cox/Courtney Cox_7.jpg
Anushka Sharma,Courtney Cox,,No Match,0.03388166427612305,True,0.4,240x160,70,1,10,../dataset/Courtney Cox/Courtney Cox_16.jpg
Anushka Sharma,Courtney Cox,,No Face Detected in Test,0.024737119674682617,True,0.4,240x160,70,1,10,../dataset/Courtney Cox/Courtney Cox_46.jpg
Anushka Sharma,Courtney Cox,,No Face Detected in Test,0.026149988174438477,True,0.4,240x160,70,1,10,../dataset/Courtney Cox/Courtney Cox_43.jpg
Anushka Sharma,Courtney Cox,,No Match,0.2940371036529541,True,0.4,240x160,70,1,10,
Anushka Sharma,Dwayne Johnson,,No Match,0.03362321853637695,True,0.4,240x160,70,1,10,../dataset/Dwayne Johnson/Dwayne Johnson_40.jpg
Anushka Sharma,Dwayne Johnson,,No Match,0.03876543045043945,True,0.4,240x160,70,1,10,../dataset/Dwayne Johnson/Dwayne Johnson_39.jpg
Anushka Sharma,Dwayne Johnson,,No Match,0.0468754768371582,True,0.4,240x160,70,1,10,../dataset/Dwayne Johnson/Dwayne Johnson_14.jpg
Anushka Sharma,Dwayne Johnson,,No Match,0.05476045608520508,True,0.4,240x160,70,1,10,../dataset/Dwayne Johnson/Dwayne Johnson_27.jpg
Anushka Sharma,Dwayne Johnson,Dwayne Johnson,Incorrect Match,0.04837775230407715,True,0.4,240x160,70,1,10,../dataset/Dwayne Johnson/Dwayne Johnson_9.jpg
Anushka Sharma,Ellen Degeneres,,No Match,0.03339695930480957,True,0.4,240x160,70,1,10,../dataset/Ellen Degeneres/Ellen Degeneres_63.jpg
Anushka Sharma,Ellen Degeneres,,No Face Detected in Test,0.025303125381469727,True,0.4,240x160,70,1,10,../dataset/Ellen Degeneres/Ellen Degeneres_33.jpg
Anushka Sharma,Ellen Degeneres,,No Face Detected in Test,0.015633106231689453,True,0.4,240x160,70,1,10,../dataset/Ellen Degeneres/Ellen Degeneres_70.jpg
Anushka Sharma,Ellen Degeneres,,No Match,0.03642702102661133,True,0.4,240x160,70,1,10,../dataset/Ellen Degeneres/Ellen Degeneres_67.jpg
Anushka Sharma,Ellen Degeneres,Ellen Degeneres,Incorrect Match,0.046782732009887695,True,0.4,240x160,70,1,10,../dataset/Ellen Degeneres/Ellen Degeneres_46.jpg
Anushka Sharma,Hrithik Roshan,,No Match,0.0334322452545166,True,0.4,240x160,70,1,10,../dataset/Hrithik Roshan/Hrithik Roshan_49.jpg
Anushka Sharma,Hrithik Roshan,,No Match,0.046125173568725586,True,0.4,240x160,70,1,10,../dataset/Hrithik Roshan/Hrithik Roshan_52.jpg
Anushka Sharma,Hrithik Roshan,,No Match,0.050267696380615234,True,0.4,240x160,70,1,10,../dataset/Hrithik Roshan/Hrithik Roshan_100.jpg
Anushka Sharma,Hrithik Roshan,,No Match,0.0488739013671875,True,0.4,240x160,70,1,10,../dataset/Hrithik Roshan/Hrithik Roshan_68.jpg
Anushka Sharma,Hrithik Roshan,,No Match,0.05046582221984863,True,0.4,240x160,70,1,10,../dataset/Hrithik Roshan/Hrithik Roshan_4.jpg
Anushka Sharma,Hrithik Roshan,,No Match,0.07336235046386719,True,0.4,240x160,70,1,10,../dataset/Hrithik Roshan/Hrithik Roshan_33.jpg
Anushka Sharma,Hrithik Roshan,,No Face Detected in Test,0.026387929916381836,True,0.4,240x160,70,1,10,../dataset/Hrithik Roshan/Hrithik Roshan_38.jpg
Anushka Sharma,Hrithik Roshan,,No Match,0.0509190559387207,True,0.4,240x160,70,1,10,../dataset/Hrithik Roshan/Hrithik Roshan_6.jpg
Anushka Sharma,Hrithik Roshan,,No Match,0.0489656925201416,True,0.4,240x160,70,1,10,../dataset/Hrithik Roshan/Hrithik Roshan_62.jpg
Anushka Sharma,Hrithik Roshan,,No Match,0.05275225639343262,True,0.4,240x160,70,1,10,../dataset/Hrithik Roshan/Hrithik Roshan_82.jpg
Anushka Sharma,Hrithik Roshan,,No Match,0.4815521240234375,True,0.4,240x160,70,1,10,
Anushka Sharma,Roger Federer,,No Match,0.03468465805053711,True,0.4,240x160,70,1,10,../dataset/Roger Federer/Roger Federer_13.jpg
Anushka Sharma,Roger Federer,,No Face Detected in Test,0.024805545806884766,True,0.4,240x160,70,1,10,../dataset/Roger Federer/Roger Federer_21.jpg
Anushka Sharma,Roger Federer,,No Face Detected in Test,0.02570796012878418,True,0.4,240x160,70,1,10,../dataset/Roger Federer/Roger Federer_59.jpg
Anushka Sharma,Roger Federer,,No Match,0.034828901290893555,True,0.4,240x160,70,1,10,../dataset/Roger Federer/Roger Federer_70.jpg
Anushka Sharma,Roger Federer,,No Match,0.04637908935546875,True,0.4,240x160,70,1,10,../dataset/Roger Federer/Roger Federer_27.jpg
Anushka Sharma,Roger Federer,,No Face Detected in Test,0.02613353729248047,True,0.4,240x160,70,1,10,../dataset/Roger Federer/Roger Federer_39.jpg
Anushka Sharma,Roger Federer,,No Match,0.03573107719421387,True,0.4,240x160,70,1,10,../dataset/Roger Federer/Roger Federer_32.jpg
Anushka Sharma,Roger Federer,,No Face Detected in Test,0.02561473846435547,True,0.4,240x160,70,1,10,../dataset/Roger Federer/Roger Federer_47.jpg
Anushka Sharma,Roger Federer,,No Face Detected in Test,0.02044367790222168,True,0.4,240x160,70,1,10,../dataset/Roger Federer/Roger Federer_5.jpg
Anushka Sharma,Roger Federer,,No Match,0.03493523597717285,True,0.4,240x160,70,1,10,../dataset/Roger Federer/Roger Federer_4.jpg
Anushka Sharma,Roger Federer,,No Match,0.3092644214630127,True,0.4,240x160,70,1,10,
Anushka Sharma,Tom Cruise,,No Match,0.033048152923583984,True,0.4,240x160,70,1,10,../dataset/Tom Cruise/Tom Cruise_12.jpg
Anushka Sharma,Tom Cruise,Tom Cruise,Incorrect Match,0.04907393455505371,True,0.4,240x160,70,1,10,../dataset/Tom Cruise/Tom Cruise_26.jpg
Billie Eilish,Andy Samberg,,No Face Detected in Test,0.014339447021484375,True,0.4,240x160,70,1,10,../dataset/Andy Samberg/Andy Samberg_43.jpg
Billie Eilish,Andy Samberg,,No Match,0.038452863693237305,True,0.4,240x160,70,1,10,../dataset/Andy Samberg/Andy Samberg_37.jpg
Billie Eilish,Andy Samberg,,No Face Detected in Test,0.015122175216674805,True,0.4,240x160,70,1,10,../dataset/Andy Samberg/Andy Samberg_68.jpg
Billie Eilish,Andy Samberg,,No Match,0.0344698429107666,True,0.4,240x160,70,1,10,../dataset/Andy Samberg/Andy Samberg_26.jpg
Billie Eilish,Andy Samberg,,No Face Detected in Test,0.025130271911621094,True,0.4,240x160,70,1,10,../dataset/Andy Samberg/Andy Samberg_29.jpg
Billie Eilish,Andy Samberg,,No Face Detected in Test,0.025162220001220703,True,0.4,240x160,70,1,10,../dataset/Andy Samberg/Andy Samberg_10.jpg
Billie Eilish,Andy Samberg,,No Match,0.048108577728271484,True,0.4,240x160,70,1,10,../dataset/Andy Samberg/Andy Samberg_1.jpg
Billie Eilish,Andy Samberg,,No Match,0.05515909194946289,True,0.4,240x160,70,1,10,../dataset/Andy Samberg/Andy Samberg_15.jpg
Billie Eilish,Andy Samberg,,No Face Detected in Test,0.027286052703857422,True,0.4,240x160,70,1,10,../dataset/Andy Samberg/Andy Samberg_9.jpg
Billie Eilish,Andy Samberg,,No Match,0.0548098087310791,True,0.4,240x160,70,1,10,../dataset/Andy Samberg/Andy Samberg_70.jpg
Billie Eilish,Andy Samberg,,No Match,0.3380403518676758,True,0.4,240x160,70,1,10,
Billie Eilish,Anushka Sharma,,No Match,0.03404974937438965,True,0.4,240x160,70,1,10,../dataset/Anushka Sharma/Anushka Sharma_19.jpg
Billie Eilish,Anushka Sharma,,No Match,0.07348132133483887,True,0.4,240x160,70,1,10,../dataset/Anushka Sharma/Anushka Sharma_9.jpg
Billie Eilish,Anushka Sharma,,No Match,0.0567319393157959,True,0.4,240x160,70,1,10,../dataset/Anushka Sharma/Anushka Sharma_4.jpg
Billie Eilish,Anushka Sharma,,No Match,0.05159926414489746,True,0.4,240x160,70,1,10,../dataset/Anushka Sharma/Anushka Sharma_67.jpg
Billie Eilish,Anushka Sharma,,No Match,0.05196642875671387,True,0.4,240x160,70,1,10,../dataset/Anushka Sharma/Anushka Sharma_52.jpg
Billie Eilish,Anushka Sharma,,No Face Detected in Test,0.028887033462524414,True,0.4,240x160,70,1,10,../dataset/Anushka Sharma/Anushka Sharma_31.jpg
Billie Eilish,Anushka Sharma,,No Match,0.0866401195526123,True,0.4,240x160,70,1,10,../dataset/Anushka Sharma/Anushka Sharma_32.jpg
Billie Eilish,Anushka Sharma,,No Face Detected in Test,0.02918219566345215,True,0.4,240x160,70,1,10,../dataset/Anushka Sharma/Anushka Sharma_36.jpg
Billie Eilish,Anushka Sharma,,No Match,0.07982683181762695,True,0.4,240x160,70,1,10,../dataset/Anushka Sharma/Anushka Sharma_15.jpg
Billie Eilish,Anushka Sharma,,No Match,0.07208371162414551,True,0.4,240x160,70,1,10,../dataset/Anushka Sharma/Anushka Sharma_3.jpg
Billie Eilish,Anushka Sharma,,No Match,0.5644485950469971,True,0.4,240x160,70,1,10,
Billie Eilish,Billie Eilish,,No Match,0.034482717514038086,True,0.4,240x160,70,1,10,../dataset/Billie Eilish/Billie Eilish_35.jpg
Billie Eilish,Billie Eilish,,No Face Detected in Test,0.027394771575927734,True,0.4,240x160,70,1,10,../dataset/Billie Eilish/Billie Eilish_10.jpg
Billie Eilish,Billie Eilish,,No Match,0.05293560028076172,True,0.4,240x160,70,1,10,../dataset/Billie Eilish/Billie Eilish_84.jpg
Billie Eilish,Billie Eilish,,No Face Detected in Test,0.027857542037963867,True,0.4,240x160,70,1,10,../dataset/Billie Eilish/Billie Eilish_20.jpg
Billie Eilish,Billie Eilish,,No Match,0.05496931076049805,True,0.4,240x160,70,1,10,../dataset/Billie Eilish/Billie Eilish_7.jpg
Billie Eilish,Billie Eilish,,No Match,0.0574033260345459,True,0.4,240x160,70,1,10,../dataset/Billie Eilish/Billie Eilish_21.jpg
Billie Eilish,Billie Eilish,,No Face Detected in Test,0.02786111831665039,True,0.4,240x160,70,1,10,../dataset/Billie Eilish/Billie Eilish_18.jpg
Billie Eilish,Billie Eilish,,No Match,0.04055380821228027,True,0.4,240x160,70,1,10,../dataset/Billie Eilish/Billie Eilish_88.jpg
Billie Eilish,Billie Eilish,,No Match,0.05218172073364258,True,0.4,240x160,70,1,10,../dataset/Billie Eilish/Billie Eilish_28.jpg
Billie Eilish,Billie Eilish,,No Face Detected in Test,0.027329206466674805,True,0.4,240x160,70,1,10,../dataset/Billie Eilish/Billie Eilish_68.jpg
Billie Eilish,Billie Eilish,,No Match,0.4029691219329834,True,0.4,240x160,70,1,10,
Billie Eilish,Camila Cabello,,No Face Detected in Test,0.01484990119934082,True,0.4,240x160,70,1,10,../dataset/Camila Cabello/Camila Cabello_10.jpg
Billie Eilish,Camila Cabello,,No Match,0.033518075942993164,True,0.4,240x160,70,1,10,../dataset/Camila Cabello/Camila Cabello_63.jpg
Billie Eilish,Camila Cabello,,No Face Detected in Test,0.02745223045349121,True,0.4,240x160,70,1,10,../dataset/Camila Cabello/Camila Cabello_45.jpg
Billie Eilish,Camila Cabello,,No Match,0.05130267143249512,True,0.4,240x160,70,1,10,../dataset/Camila Cabello/Camila Cabello_55.jpg
Billie Eilish,Camila Cabello,,No Face Detected in Test,0.027213096618652344,True,0.4,240x160,70,1,10,../dataset/Camila Cabello/Camila Cabello_74.jpg
Billie Eilish,Camila Cabello,,No Match,0.03493499755859375,True,0.4,240x160,70,1,10,../dataset/Camila Cabello/Camila Cabello_14.jpg
Billie Eilish,Camila Cabello,,No Face Detected in Test,0.028041839599609375,True,0.4,240x160,70,1,10,../dataset/Camila Cabello/Camila Cabello_58.jpg
Billie Eilish,Camila Cabello,,No Match,0.05187630653381348,True,0.4,240x160,70,1,10,../dataset/Camila Cabello/Camila Cabello_40.jpg
Billie Eilish,Camila Cabello,,No Face Detected in Test,0.02776932716369629,True,0.4,240x160,70,1,10,../dataset/Camila Cabello/Camila Cabello_86.jpg
Billie Eilish,Camila Cabello,,No Face Detected in Test,0.016081809997558594,True,0.4,240x160,70,1,10,../dataset/Camila Cabello/Camila Cabello_20.jpg
Billie Eilish,Camila Cabello,,No Match,0.31304025650024414,True,0.4,240x160,70,1,10,
Billie Eilish,Courtney Cox,,No Face Detected in Test,0.014556884765625,True,0.4,240x160,70,1,10,../dataset/Courtney Cox/Courtney Cox_43.jpg
Billie Eilish,Courtney Cox,,No Match,0.034177303314208984,True,0.4,240x160,70,1,10,../dataset/Courtney Cox/Courtney Cox_78.jpg
Billie Eilish,Courtney Cox,,No Match,0.056435585021972656,True,0.4,240x160,70,1,10,../dataset/Courtney Cox/Courtney Cox_19.jpg
Billie Eilish,Courtney Cox,Courtney Cox,Incorrect Match,0.050942182540893555,True,0.4,240x160,70,1,10,../dataset/Courtney Cox/Courtney Cox_65.jpg
Billie Eilish,Dwayne Johnson,,No Match,0.032868385314941406,True,0.4,240x160,70,1,10,../dataset/Dwayne Johnson/Dwayne Johnson_54.jpg
Billie Eilish,Dwayne Johnson,,No Match,0.052295684814453125,True,0.4,240x160,70,1,10,../dataset/Dwayne Johnson/Dwayne Johnson_24.jpg
Billie Eilish,Dwayne Johnson,,No Match,0.05713915824890137,True,0.4,240x160,70,1,10,../dataset/Dwayne Johnson/Dwayne Johnson_49.jpg
Billie Eilish,Dwayne Johnson,,No Match,0.0629580020904541,True,0.4,240x160,70,1,10,../dataset/Dwayne Johnson/Dwayne Johnson_59.jpg
Billie Eilish,Dwayne Johnson,,No Match,0.05740785598754883,True,0.4,240x160,70,1,10,../dataset/Dwayne Johnson/Dwayne Johnson_44.jpg
Billie Eilish,Dwayne Johnson,,No Match,0.06008553504943848,True,0.4,240x160,70,1,10,../dataset/Dwayne Johnson/Dwayne Johnson_29.jpg
Billie Eilish,Dwayne Johnson,,No Match,0.05731964111328125,True,0.4,240x160,70,1,10,../dataset/Dwayne Johnson/Dwayne Johnson_58.jpg
Billie Eilish,Dwayne Johnson,,No Match,0.06496548652648926,True,0.4,240x160,70,1,10,../dataset/Dwayne Johnson/Dwayne Johnson_57.jpg
Billie Eilish,Dwayne Johnson,,No Face Detected in Test,0.03203773498535156,True,0.4,240x160,70,1,10,../dataset/Dwayne Johnson/Dwayne Johnson_26.jpg
Billie Eilish,Dwayne Johnson,,No Match,0.061922550201416016,True,0.4,240x160,70,1,10,../dataset/Dwayne Johnson/Dwayne Johnson_52.jpg
Billie Eilish,Dwayne Johnson,,No Match,0.5390000343322754,True,0.4,240x160,70,1,10,
Billie Eilish,Ellen Degeneres,,No Match,0.03351306915283203,True,0.4,240x160,70,1,10,../dataset/Ellen Degeneres/Ellen Degeneres_65.jpg
Billie Eilish,Ellen Degeneres,,No Match,0.05675792694091797,True,0.4,240x160,70,1,10,../dataset/Ellen Degeneres/Ellen Degeneres_43.jpg
Billie Eilish,Ellen Degeneres,,No Face Detected in Test,0.028259992599487305,True,0.4,240x160,70,1,10,../dataset/Ellen Degeneres/Ellen Degeneres_14.jpg
Billie Eilish,Ellen Degeneres,,No Match,0.0556180477142334,True,0.4,240x160,70,1,10,../dataset/Ellen Degeneres/Ellen Degeneres_31.jpg
Billie Eilish,Ellen Degeneres,,No Match,0.08111286163330078,True,0.4,240x160,70,1,10,../dataset/Ellen Degeneres/Ellen Degeneres_61.jpg
Billie Eilish,Ellen Degeneres,Ellen Degeneres,Incorrect Match,0.12805485725402832,True,0.4,240x160,70,1,10,../dataset/Ellen Degeneres/Ellen Degeneres_4.jpg
Billie Eilish,Hrithik Roshan,,No Match,0.037628889083862305,True,0.4,240x160,70,1,10,../dataset/Hrithik Roshan/Hrithik Roshan_83.jpg
Billie Eilish,Hrithik Roshan,,No Match,0.0536799430847168,True,0.4,240x160,70,1,10,../dataset/Hrithik Roshan/Hrithik Roshan_2.jpg
Billie Eilish,Hrithik Roshan,,No Match,0.053071022033691406,True,0.4,240x160,70,1,10,../dataset/Hrithik Roshan/Hrithik Roshan_85.jpg
Billie Eilish,Hrithik Roshan,,No Match,0.05538344383239746,True,0.4,240x160,70,1,10,../dataset/Hrithik Roshan/Hrithik Roshan_46.jpg
Billie Eilish,Hrithik Roshan,,No Match,0.05330634117126465,True,0.4,240x160,70,1,10,../dataset/Hrithik Roshan/Hrithik Roshan_53.jpg
Billie Eilish,Hrithik Roshan,,No Match,0.0579686164855957,True,0.4,240x160,70,1,10,../dataset/Hrithik Roshan/Hrithik Roshan_8.jpg
Billie Eilish,Hrithik Roshan,,No Face Detected in Test,0.030766963958740234,True,0.4,240x160,70,1,10,../dataset/Hrithik Roshan/Hrithik Roshan_76.jpg
Billie Eilish,Hrithik Roshan,,No Match,0.05095720291137695,True,0.4,240x160,70,1,10,../dataset/Hrithik Roshan/Hrithik Roshan_26.jpg
Billie Eilish,Hrithik Roshan,,No Face Detected in Test,0.028616666793823242,True,0.4,240x160,70,1,10,../dataset/Hrithik Roshan/Hrithik Roshan_79.jpg
Billie Eilish,Hrithik Roshan,,No Face Detected in Test,0.028085947036743164,True,0.4,240x160,70,1,10,../dataset/Hrithik Roshan/Hrithik Roshan_5.jpg
Billie Eilish,Hrithik Roshan,,No Match,0.4494650363922119,True,0.4,240x160,70,1,10,
Billie Eilish,Roger Federer,,No Face Detected in Test,0.014448404312133789,True,0.4,240x160,70,1,10,../dataset/Roger Federer/Roger Federer_56.jpg
Billie Eilish,Roger Federer,,No Match,0.03885245323181152,True,0.4,240x160,70,1,10,../dataset/Roger Federer/Roger Federer_38.jpg
Billie Eilish,Roger Federer,,No Match,0.053312063217163086,True,0.4,240x160,70,1,10,../dataset/Roger Federer/Roger Federer_41.jpg
Billie Eilish,Roger Federer,,No Face Detected in Test,0.027584552764892578,True,0.4,240x160,70,1,10,../dataset/Roger Federer/Roger Federer_59.jpg
Billie Eilish,Roger Federer,,No Match,0.06883668899536133,True,0.4,240x160,70,1,10,../dataset/Roger Federer/Roger Federer_69.jpg
Billie Eilish,Roger Federer,,No Match,0.07540369033813477,True,0.4,240x160,70,1,10,../dataset/Roger Federer/Roger Federer_25.jpg
Billie Eilish,Roger Federer,,No Match,0.07847785949707031,True,0.4,240x160,70,1,10,../dataset/Roger Federer/Roger Federer_14.jpg
Billie Eilish,Roger Federer,,No Match,0.03542208671569824,True,0.4,240x160,70,1,10,../dataset/Roger Federer/Roger Federer_18.jpg
Billie Eilish,Roger Federer,,No Match,0.0511472225189209,True,0.4,240x160,70,1,10,../dataset/Roger Federer/Roger Federer_13.jpg
Billie Eilish,Roger Federer,,No Face Detected in Test,0.030027151107788086,True,0.4,240x160,70,1,10,../dataset/Roger Federer/Roger Federer_48.jpg
Billie Eilish,Roger Federer,,No Match,0.4735121726989746,True,0.4,240x160,70,1,10,
Billie Eilish,Tom Cruise,,No Face Detected in Test,0.014560699462890625,True,0.4,240x160,70,1,10,../dataset/Tom Cruise/Tom Cruise_51.jpg
Billie Eilish,Tom Cruise,,No Match,0.03367114067077637,True,0.4,240x160,70,1,10,../dataset/Tom Cruise/Tom Cruise_17.jpg
Billie Eilish,Tom Cruise,,No Face Detected in Test,0.027964115142822266,True,0.4,240x160,70,1,10,../dataset/Tom Cruise/Tom Cruise_3.jpg
Billie Eilish,Tom Cruise,,No Match,0.03384089469909668,True,0.4,240x160,70,1,10,../dataset/Tom Cruise/Tom Cruise_45.jpg
Billie Eilish,Tom Cruise,,No Face Detected in Test,0.020220518112182617,True,0.4,240x160,70,1,10,../dataset/Tom Cruise/Tom Cruise_23.jpg
Billie Eilish,Tom Cruise,,No Match,0.03407001495361328,True,0.4,240x160,70,1,10,../dataset/Tom Cruise/Tom Cruise_35.jpg
Billie Eilish,Tom Cruise,,No Match,0.05608415603637695,True,0.4,240x160,70,1,10,../dataset/Tom Cruise/Tom Cruise_8.jpg
Billie Eilish,Tom Cruise,,No Match,0.05325007438659668,True,0.4,240x160,70,1,10,../dataset/Tom Cruise/Tom Cruise_57.jpg
Billie Eilish,Tom Cruise,,No Face Detected in Test,0.028009891510009766,True,0.4,240x160,70,1,10,../dataset/Tom Cruise/Tom Cruise_30.jpg
Billie Eilish,Tom Cruise,,No Face Detected in Test,0.028992176055908203,True,0.4,240x160,70,1,10,../dataset/Tom Cruise/Tom Cruise_14.jpg
Billie Eilish,Tom Cruise,,No Match,0.33066368103027344,True,0.4,240x160,70,1,10,
Camila Cabello,Andy Samberg,,No Face Detected in Test,0.01451730728149414,True,0.4,240x160,70,1,10,../dataset/Andy Samberg/Andy Samberg_3.jpg
Camila Cabello,Andy Samberg,,No Face Detected in Test,0.0149993896484375,True,0.4,240x160,70,1,10,../dataset/Andy Samberg/Andy Samberg_74.jpg
Camila Cabello,Andy Samberg,,No Face Detected in Test,0.015249252319335938,True,0.4,240x160,70,1,10,../dataset/Andy Samberg/Andy Samberg_56.jpg
Camila Cabello,Andy Samberg,,No Match,0.03702425956726074,True,0.4,240x160,70,1,10,../dataset/Andy Samberg/Andy Samberg_32.jpg
Camila Cabello,Andy Samberg,,No Face Detected in Test,0.028615951538085938,True,0.4,240x160,70,1,10,../dataset/Andy Samberg/Andy Samberg_22.jpg
Camila Cabello,Andy Samberg,,No Face Detected in Test,0.02441883087158203,True,0.4,240x160,70,1,10,../dataset/Andy Samberg/Andy Samberg_54.jpg
Camila Cabello,Andy Samberg,,No Match,0.03458285331726074,True,0.4,240x160,70,1,10,../dataset/Andy Samberg/Andy Samberg_35.jpg
Camila Cabello,Andy Samberg,,No Match,0.05578136444091797,True,0.4,240x160,70,1,10,../dataset/Andy Samberg/Andy Samberg_55.jpg
Camila Cabello,Andy Samberg,,No Match,0.05630898475646973,True,0.4,240x160,70,1,10,../dataset/Andy Samberg/Andy Samberg_25.jpg
Camila Cabello,Andy Samberg,,No Match,0.056165456771850586,True,0.4,240x160,70,1,10,../dataset/Andy Samberg/Andy Samberg_24.jpg
Camila Cabello,Andy Samberg,,No Match,0.3376636505126953,True,0.4,240x160,70,1,10,
Camila Cabello,Anushka Sharma,,No Match,0.035257816314697266,True,0.4,240x160,70,1,10,../dataset/Anushka Sharma/Anushka Sharma_19.jpg
Camila Cabello,Anushka Sharma,,No Match,0.05317115783691406,True,0.4,240x160,70,1,10,../dataset/Anushka Sharma/Anushka Sharma_41.jpg
Camila Cabello,Anushka Sharma,,No Match,0.05421590805053711,True,0.4,240x160,70,1,10,../dataset/Anushka Sharma/Anushka Sharma_13.jpg
Camila Cabello,Anushka Sharma,,No Match,0.05361437797546387,True,0.4,240x160,70,1,10,../dataset/Anushka Sharma/Anushka Sharma_48.jpg
Camila Cabello,Anushka Sharma,,No Match,0.055947065353393555,True,0.4,240x160,70,1,10,../dataset/Anushka Sharma/Anushka Sharma_52.jpg
Camila Cabello,Anushka Sharma,,No Match,0.05340909957885742,True,0.4,240x160,70,1,10,../dataset/Anushka Sharma/Anushka Sharma_4.jpg
Camila Cabello,Anushka Sharma,,No Match,0.055571556091308594,True,0.4,240x160,70,1,10,../dataset/Anushka Sharma/Anushka Sharma_27.jpg
Camila Cabello,Anushka Sharma,,No Face Detected in Test,0.028458118438720703,True,0.4,240x160,70,1,10,../dataset/Anushka Sharma/Anushka Sharma_22.jpg
Camila Cabello,Anushka Sharma,,No Face Detected in Test,0.02852797508239746,True,0.4,240x160,70,1,10,../dataset/Anushka Sharma/Anushka Sharma_49.jpg
Camila Cabello,Anushka Sharma,,No Match,0.04788923263549805,True,0.4,240x160,70,1,10,../dataset/Anushka Sharma/Anushka Sharma_55.jpg
Camila Cabello,Anushka Sharma,,No Match,0.4660623073577881,True,0.4,240x160,70,1,10,
Camila Cabello,Billie Eilish,,No Match,0.03998231887817383,True,0.4,240x160,70,1,10,../dataset/Billie Eilish/Billie Eilish_51.jpg
Camila Cabello,Billie Eilish,,No Face Detected in Test,0.014821290969848633,True,0.4,240x160,70,1,10,../dataset/Billie Eilish/Billie Eilish_80.jpg
Camila Cabello,Billie Eilish,,No Match,0.0369114875793457,True,0.4,240x160,70,1,10,../dataset/Billie Eilish/Billie Eilish_71.jpg
Camila Cabello,Billie Eilish,,No Match,0.08156681060791016,True,0.4,240x160,70,1,10,../dataset/Billie Eilish/Billie Eilish_48.jpg
Camila Cabello,Billie Eilish,,No Match,0.05845212936401367,True,0.4,240x160,70,1,10,../dataset/Billie Eilish/Billie Eilish_82.jpg
Camila Cabello,Billie Eilish,,No Match,0.05537128448486328,True,0.4,240x160,70,1,10,../dataset/Billie Eilish/Billie Eilish_44.jpg
Camila Cabello,Billie Eilish,,No Match,0.054682016372680664,True,0.4,240x160,70,1,10,../dataset/Billie Eilish/Billie Eilish_19.jpg
Camila Cabello,Billie Eilish,,No Match,0.06347513198852539,True,0.4,240x160,70,1,10,../dataset/Billie Eilish/Billie Eilish_85.jpg
Camila Cabello,Billie Eilish,,No Match,0.11245870590209961,True,0.4,240x160,70,1,10,../dataset/Billie Eilish/Billie Eilish_17.jpg
Camila Cabello,Billie Eilish,,No Face Detected in Test,0.028661012649536133,True,0.4,240x160,70,1,10,../dataset/Billie Eilish/Billie Eilish_5.jpg
Camila Cabello,Billie Eilish,,No Match,0.5463821887969971,True,0.4,240x160,70,1,10,
Camila Cabello,Camila Cabello,,No Face Detected in Test,0.020320892333984375,True,0.4,240x160,70,1,10,../dataset/Camila Cabello/Camila Cabello_24.jpg
Camila Cabello,Camila Cabello,,No Match,0.05206632614135742,True,0.4,240x160,70,1,10,../dataset/Camila Cabello/Camila Cabello_41.jpg
Camila Cabello,Camila Cabello,,No Match,0.06930375099182129,True,0.4,240x160,70,1,10,../dataset/Camila Cabello/Camila Cabello_43.jpg
Camila Cabello,Camila Cabello,,No Match,0.06754803657531738,True,0.4,240x160,70,1,10,../dataset/Camila Cabello/Camila Cabello_1.jpg
Camila Cabello,Camila Cabello,,No Face Detected in Test,0.029810667037963867,True,0.4,240x160,70,1,10,../dataset/Camila Cabello/Camila Cabello_6.jpg
Camila Cabello,Camila Cabello,,No Face Detected in Test,0.0229036808013916,True,0.4,240x160,70,1,10,../dataset/Camila Cabello/Camila Cabello_53.jpg
Camila Cabello,Camila Cabello,,No Match,0.05735468864440918,True,0.4,240x160,70,1,10,../dataset/Camila Cabello/Camila Cabello_80.jpg
Camila Cabello,Camila Cabello,,No Face Detected in Test,0.02889704704284668,True,0.4,240x160,70,1,10,../dataset/Camila Cabello/Camila Cabello_29.jpg
Camila Cabello,Camila Cabello,,No Face Detected in Test,0.02229452133178711,True,0.4,240x160,70,1,10,../dataset/Camila Cabello/Camila Cabello_4.jpg
Camila Cabello,Camila Cabello,,No Face Detected in Test,0.020528554916381836,True,0.4,240x160,70,1,10,../dataset/Camila Cabello/Camila Cabello_52.jpg
Camila Cabello,Camila Cabello,,No Match,0.39102816581726074,True,0.4,240x160,70,1,10,
Camila Cabello,Courtney Cox,,No Face Detected in Test,0.01688241958618164,True,0.4,240x160,70,1,10,../dataset/Courtney Cox/Courtney Cox_2.jpg
Camila Cabello,Courtney Cox,Courtney Cox,Incorrect Match,0.08739113807678223,True,0.4,240x160,70,1,10,../dataset/Courtney Cox/Courtney Cox_49.jpg
Camila Cabello,Dwayne Johnson,Dwayne Johnson,Incorrect Match,0.051872968673706055,True,0.4,240x160,70,1,10,../dataset/Dwayne Johnson/Dwayne Johnson_13.jpg
Camila Cabello,Ellen Degeneres,,No Face Detected in Test,0.014940023422241211,True,0.4,240x160,70,1,10,../dataset/Ellen Degeneres/Ellen Degeneres_52.jpg
Camila Cabello,Ellen Degeneres,,No Face Detected in Test,0.01712346076965332,True,0.4,240x160,70,1,10,../dataset/Ellen Degeneres/Ellen Degeneres_54.jpg
Camila Cabello,Ellen Degeneres,,No Match,0.03877115249633789,True,0.4,240x160,70,1,10,../dataset/Ellen Degeneres/Ellen Degeneres_21.jpg
Camila Cabello,Ellen Degeneres,,No Match,0.04190206527709961,True,0.4,240x160,70,1,10,../dataset/Ellen Degeneres/Ellen Degeneres_29.jpg
Camila Cabello,Ellen Degeneres,Ellen Degeneres,Incorrect Match,0.05356931686401367,True,0.4,240x160,70,1,10,../dataset/Ellen Degeneres/Ellen Degeneres_60.jpg
Camila Cabello,Hrithik Roshan,,No Match,0.03748440742492676,True,0.4,240x160,70,1,10,../dataset/Hrithik Roshan/Hrithik Roshan_66.jpg
Camila Cabello,Hrithik Roshan,,No Match,0.055047035217285156,True,0.4,240x160,70,1,10,../dataset/Hrithik Roshan/Hrithik Roshan_67.jpg
Camila Cabello,Hrithik Roshan,,No Match,0.05724930763244629,True,0.4,240x160,70,1,10,../dataset/Hrithik Roshan/Hrithik Roshan_50.jpg
Camila Cabello,Hrithik Roshan,,No Match,0.07029914855957031,True,0.4,240x160,70,1,10,../dataset/Hrithik Roshan/Hrithik Roshan_59.jpg
Camila Cabello,Hrithik Roshan,,No Match,0.0988318920135498,True,0.4,240x160,70,1,10,../dataset/Hrithik Roshan/Hrithik Roshan_63.jpg
Camila Cabello,Hrithik Roshan,,No Face Detected in Test,0.028989076614379883,True,0.4,240x160,70,1,10,../dataset/Hrithik Roshan/Hrithik Roshan_30.jpg
Camila Cabello,Hrithik Roshan,,No Match,0.06977200508117676,True,0.4,240x160,70,1,10,../dataset/Hrithik Roshan/Hrithik Roshan_70.jpg
Camila Cabello,Hrithik Roshan,,No Face Detected in Test,0.029540061950683594,True,0.4,240x160,70,1,10,../dataset/Hrithik Roshan/Hrithik Roshan_99.jpg
Camila Cabello,Hrithik Roshan,,No Match,0.07419657707214355,True,0.4,240x160,70,1,10,../dataset/Hrithik Roshan/Hrithik Roshan_9.jpg
Camila Cabello,Hrithik Roshan,,No Match,0.05837750434875488,True,0.4,240x160,70,1,10,../dataset/Hrithik Roshan/Hrithik Roshan_21.jpg
Camila Cabello,Hrithik Roshan,,No Match,0.579787015914917,True,0.4,240x160,70,1,10,
Camila Cabello,Roger Federer,,No Match,0.05952596664428711,True,0.4,240x160,70,1,10,../dataset/Roger Federer/Roger Federer_22.jpg
Camila Cabello,Roger Federer,Roger Federer,Incorrect Match,0.07829618453979492,True,0.4,240x160,70,1,10,../dataset/Roger Federer/Roger Federer_43.jpg
Camila Cabello,Tom Cruise,,No Face Detected in Test,0.01759505271911621,True,0.4,240x160,70,1,10,../dataset/Tom Cruise/Tom Cruise_23.jpg
Camila Cabello,Tom Cruise,,No Face Detected in Test,0.017041683197021484,True,0.4,240x160,70,1,10,../dataset/Tom Cruise/Tom Cruise_27.jpg
Camila Cabello,Tom Cruise,,No Face Detected in Test,0.016959428787231445,True,0.4,240x160,70,1,10,../dataset/Tom Cruise/Tom Cruise_46.jpg
Camila Cabello,Tom Cruise,,No Face Detected in Test,0.016562461853027344,True,0.4,240x160,70,1,10,../dataset/Tom Cruise/Tom Cruise_37.jpg
Camila Cabello,Tom Cruise,Tom Cruise,Incorrect Match,0.03863954544067383,True,0.4,240x160,70,1,10,../dataset/Tom Cruise/Tom Cruise_22.jpg
Courtney Cox,Andy Samberg,,No Match,0.03502917289733887,True,0.4,240x160,70,1,10,../dataset/Andy Samberg/Andy Samberg_24.jpg
Courtney Cox,Andy Samberg,,No Match,0.053771257400512695,True,0.4,240x160,70,1,10,../dataset/Andy Samberg/Andy Samberg_89.jpg
Courtney Cox,Andy Samberg,,No Match,0.05184125900268555,True,0.4,240x160,70,1,10,../dataset/Andy Samberg/Andy Samberg_11.jpg
Courtney Cox,Andy Samberg,,No Face Detected in Test,0.024834156036376953,True,0.4,240x160,70,1,10,../dataset/Andy Samberg/Andy Samberg_47.jpg
Courtney Cox,Andy Samberg,,No Face Detected in Test,0.016217470169067383,True,0.4,240x160,70,1,10,../dataset/Andy Samberg/Andy Samberg_43.jpg
Courtney Cox,Andy Samberg,,No Face Detected in Test,0.015614748001098633,True,0.4,240x160,70,1,10,../dataset/Andy Samberg/Andy Samberg_73.jpg
Courtney Cox,Andy Samberg,,No Match,0.038629770278930664,True,0.4,240x160,70,1,10,../dataset/Andy Samberg/Andy Samberg_44.jpg
Courtney Cox,Andy Samberg,,No Face Detected in Test,0.02663135528564453,True,0.4,240x160,70,1,10,../dataset/Andy Samberg/Andy Samberg_22.jpg
Courtney Cox,Andy Samberg,,No Face Detected in Test,0.02776932716369629,True,0.4,240x160,70,1,10,../dataset/Andy Samberg/Andy Samberg_3.jpg
Courtney Cox,Andy Samberg,,No Match,0.04064154624938965,True,0.4,240x160,70,1,10,../dataset/Andy Samberg/Andy Samberg_84.jpg
Courtney Cox,Andy Samberg,,No Match,0.3309800624847412,True,0.4,240x160,70,1,10,
Courtney Cox,Anushka Sharma,,No Face Detected in Test,0.014899969100952148,True,0.4,240x160,70,1,10,../dataset/Anushka Sharma/Anushka Sharma_1.jpg
Courtney Cox,Anushka Sharma,,No Match,0.036243438720703125,True,0.4,240x160,70,1,10,../dataset/Anushka Sharma/Anushka Sharma_19.jpg
Courtney Cox,Anushka Sharma,,No Match,0.0492548942565918,True,0.4,240x160,70,1,10,../dataset/Anushka Sharma/Anushka Sharma_13.jpg
Courtney Cox,Anushka Sharma,,No Match,0.05593419075012207,True,0.4,240x160,70,1,10,../dataset/Anushka Sharma/Anushka Sharma_24.jpg
Courtney Cox,Anushka Sharma,,No Match,0.051430463790893555,True,0.4,240x160,70,1,10,../dataset/Anushka Sharma/Anushka Sharma_64.jpg
Courtney Cox,Anushka Sharma,,No Face Detected in Test,0.028792858123779297,True,0.4,240x160,70,1,10,../dataset/Anushka Sharma/Anushka Sharma_34.jpg
Courtney Cox,Anushka Sharma,,No Face Detected in Test,0.027973413467407227,True,0.4,240x160,70,1,10,../dataset/Anushka Sharma/Anushka Sharma_23.jpg
Courtney Cox,Anushka Sharma,,No Match,0.1655445098876953,True,0.4,240x160,70,1,10,../dataset/Anushka Sharma/Anushka Sharma_58.jpg
Courtney Cox,Anushka Sharma,,No Match,0.06157803535461426,True,0.4,240x160,70,1,10,../dataset/Anushka Sharma/Anushka Sharma_61.jpg
Courtney Cox,Anushka Sharma,,No Match,0.055806875228881836,True,0.4,240x160,70,1,10,../dataset/Anushka Sharma/Anushka Sharma_52.jpg
Courtney Cox,Anushka Sharma,,No Match,0.5474586486816406,True,0.4,240x160,70,1,10,
Courtney Cox,Billie Eilish,,No Face Detected in Test,0.016947031021118164,True,0.4,240x160,70,1,10,../dataset/Billie Eilish/Billie Eilish_66.jpg
Courtney Cox,Billie Eilish,,No Match,0.03795790672302246,True,0.4,240x160,70,1,10,../dataset/Billie Eilish/Billie Eilish_79.jpg
Courtney Cox,Billie Eilish,,No Face Detected in Test,0.026824235916137695,True,0.4,240x160,70,1,10,../dataset/Billie Eilish/Billie Eilish_70.jpg
Courtney Cox,Billie Eilish,,No Face Detected in Test,0.026292085647583008,True,0.4,240x160,70,1,10,../dataset/Billie Eilish/Billie Eilish_10.jpg
Courtney Cox,Billie Eilish,Billie Eilish,Incorrect Match,0.04329872131347656,True,0.4,240x160,70,1,10,../dataset/Billie Eilish/Billie Eilish_93.jpg
Courtney Cox,Camila Cabello,,No Match,0.03535652160644531,True,0.4,240x160,70,1,10,../dataset/Camila Cabello/Camila Cabello_32.jpg
Courtney Cox,Camila Cabello,,No Match,0.054265499114990234,True,0.4,240x160,70,1,10,../dataset/Camila Cabello/Camila Cabello_47.jpg
Courtney Cox,Camila Cabello,,No Face Detected in Test,0.02789926528930664,True,0.4,240x160,70,1,10,../dataset/Camila Cabello/Camila Cabello_72.jpg
Courtney Cox,Camila Cabello,,No Face Detected in Test,0.022741317749023438,True,0.4,240x160,70,1,10,../dataset/Camila Cabello/Camila Cabello_5.jpg
Courtney Cox,Camila Cabello,,No Face Detected in Test,0.015195846557617188,True,0.4,240x160,70,1,10,../dataset/Camila Cabello/Camila Cabello_9.jpg
Courtney Cox,Camila Cabello,,No Face Detected in Test,0.0156097412109375,True,0.4,240x160,70,1,10,../dataset/Camila Cabello/Camila Cabello_25.jpg
Courtney Cox,Camila Cabello,,No Face Detected in Test,0.01558375358581543,True,0.4,240x160,70,1,10,../dataset/Camila Cabello/Camila Cabello_86.jpg
Courtney Cox,Camila Cabello,,No Face Detected in Test,0.01588916778564453,True,0.4,240x160,70,1,10,../dataset/Camila Cabello/Camila Cabello_31.jpg
Courtney Cox,Camila Cabello,,No Face Detected in Test,0.015468358993530273,True,0.4,240x160,70,1,10,../dataset/Camila Cabello/Camila Cabello_4.jpg
Courtney Cox,Camila Cabello,,No Face Detected in Test,0.01531672477722168,True,0.4,240x160,70,1,10,../dataset/Camila Cabello/Camila Cabello_64.jpg
Courtney Cox,Camila Cabello,,No Match,0.23332619667053223,True,0.4,240x160,70,1,10,
Courtney Cox,Courtney Cox,,No Match,0.03259682655334473,True,0.4,240x160,70,1,10,../dataset/Courtney Cox/Courtney Cox_1.jpg
Courtney Cox,Courtney Cox,,No Face Detected in Test,0.02573990821838379,True,0.4,240x160,70,1,10,../dataset/Courtney Cox/Courtney Cox_22.jpg
Courtney Cox,Courtney Cox,,No Match,0.04988455772399902,True,0.4,240x160,70,1,10,../dataset/Courtney Cox/Courtney Cox_39.jpg
Courtney Cox,Courtney Cox,,No Face Detected in Test,0.02792978286743164,True,0.4,240x160,70,1,10,../dataset/Courtney Cox/Courtney Cox_24.jpg
Courtney Cox,Courtney Cox,,No Face Detected in Test,0.022324562072753906,True,0.4,240x160,70,1,10,../dataset/Courtney Cox/Courtney Cox_72.jpg
Courtney Cox,Courtney Cox,,No Face Detected in Test,0.020129680633544922,True,0.4,240x160,70,1,10,../dataset/Courtney Cox/Courtney Cox_34.jpg
Courtney Cox,Courtney Cox,,No Face Detected in Test,0.016779661178588867,True,0.4,240x160,70,1,10,../dataset/Courtney Cox/Courtney Cox_6.jpg
Courtney Cox,Courtney Cox,,No Face Detected in Test,0.01625227928161621,True,0.4,240x160,70,1,10,../dataset/Courtney Cox/Courtney Cox_14.jpg
Courtney Cox,Courtney Cox,,No Face Detected in Test,0.015921592712402344,True,0.4,240x160,70,1,10,../dataset/Courtney Cox/Courtney Cox_45.jpg
Courtney Cox,Courtney Cox,,No Match,0.041072845458984375,True,0.4,240x160,70,1,10,../dataset/Courtney Cox/Courtney Cox_15.jpg
Courtney Cox,Courtney Cox,,No Match,0.2686316967010498,True,0.4,240x160,70,1,10,
Courtney Cox,Dwayne Johnson,Dwayne Johnson,Incorrect Match,0.037114858627319336,True,0.4,240x160,70,1,10,../dataset/Dwayne Johnson/Dwayne Johnson_60.jpg
Courtney Cox,Ellen Degeneres,,No Face Detected in Test,0.02176809310913086,True,0.4,240x160,70,1,10,../dataset/Ellen Degeneres/Ellen Degeneres_70.jpg
Courtney Cox,Ellen Degeneres,,No Match,0.064727783203125,True,0.4,240x160,70,1,10,../dataset/Ellen Degeneres/Ellen Degeneres_34.jpg
Courtney Cox,Ellen Degeneres,,No Match,0.05411124229431152,True,0.4,240x160,70,1,10,../dataset/Ellen Degeneres/Ellen Degeneres_35.jpg
Courtney Cox,Ellen Degeneres,,No Match,0.04224538803100586,True,0.4,240x160,70,1,10,../dataset/Ellen Degeneres/Ellen Degeneres_48.jpg
Courtney Cox,Ellen Degeneres,,No Match,0.05420827865600586,True,0.4,240x160,70,1,10,../dataset/Ellen Degeneres/Ellen Degeneres_42.jpg
Courtney Cox,Ellen Degeneres,,No Face Detected in Test,0.02825188636779785,True,0.4,240x160,70,1,10,../dataset/Ellen Degeneres/Ellen Degeneres_28.jpg
Courtney Cox,Ellen Degeneres,Ellen Degeneres,Incorrect Match,0.052704811096191406,True,0.4,240x160,70,1,10,../dataset/Ellen Degeneres/Ellen Degeneres_26.jpg
Courtney Cox,Hrithik Roshan,,No Match,0.03792262077331543,True,0.4,240x160,70,1,10,../dataset/Hrithik Roshan/Hrithik Roshan_10.jpg
Courtney Cox,Hrithik Roshan,,No Match,0.05242490768432617,True,0.4,240x160,70,1,10,../dataset/Hrithik Roshan/Hrithik Roshan_17.jpg
Courtney Cox,Hrithik Roshan,,No Match,0.0532376766204834,True,0.4,240x160,70,1,10,../dataset/Hrithik Roshan/Hrithik Roshan_60.jpg
Courtney Cox,Hrithik Roshan,,No Match,0.05949807167053223,True,0.4,240x160,70,1,10,../dataset/Hrithik Roshan/Hrithik Roshan_18.jpg
Courtney Cox,Hrithik Roshan,,No Match,0.05279874801635742,True,0.4,240x160,70,1,10,../dataset/Hrithik Roshan/Hrithik Roshan_20.jpg
Courtney Cox,Hrithik Roshan,,No Match,0.05508112907409668,True,0.4,240x160,70,1,10,../dataset/Hrithik Roshan/Hrithik Roshan_49.jpg
Courtney Cox,Hrithik Roshan,,No Match,0.052093505859375,True,0.4,240x160,70,1,10,../dataset/Hrithik Roshan/Hrithik Roshan_67.jpg
Courtney Cox,Hrithik Roshan,,No Match,0.05549120903015137,True,0.4,240x160,70,1,10,../dataset/Hrithik Roshan/Hrithik Roshan_43.jpg
Courtney Cox,Hrithik Roshan,,No Match,0.05933380126953125,True,0.4,240x160,70,1,10,../dataset/Hrithik Roshan/Hrithik Roshan_9.jpg
Courtney Cox,Hrithik Roshan,,No Match,0.05364632606506348,True,0.4,240x160,70,1,10,../dataset/Hrithik Roshan/Hrithik Roshan_65.jpg
Courtney Cox,Hrithik Roshan,,No Match,0.5315279960632324,True,0.4,240x160,70,1,10,
Courtney Cox,Roger Federer,,No Match,0.03471708297729492,True,0.4,240x160,70,1,10,../dataset/Roger Federer/Roger Federer_22.jpg
Courtney Cox,Roger Federer,,No Face Detected in Test,0.027126789093017578,True,0.4,240x160,70,1,10,../dataset/Roger Federer/Roger Federer_9.jpg
Courtney Cox,Roger Federer,,No Match,0.03477215766906738,True,0.4,240x160,70,1,10,../dataset/Roger Federer/Roger Federer_18.jpg
Courtney Cox,Roger Federer,,No Face Detected in Test,0.015619516372680664,True,0.4,240x160,70,1,10,../dataset/Roger Federer/Roger Federer_44.jpg
Courtney Cox,Roger Federer,Roger Federer,Incorrect Match,0.03487992286682129,True,0.4,240x160,70,1,10,../dataset/Roger Federer/Roger Federer_61.jpg
Courtney Cox,Tom Cruise,,No Face Detected in Test,0.01468968391418457,True,0.4,240x160,70,1,10,../dataset/Tom Cruise/Tom Cruise_1.jpg
Courtney Cox,Tom Cruise,,No Face Detected in Test,0.015548944473266602,True,0.4,240x160,70,1,10,../dataset/Tom Cruise/Tom Cruise_2.jpg
Courtney Cox,Tom Cruise,,No Face Detected in Test,0.016364336013793945,True,0.4,240x160,70,1,10,../dataset/Tom Cruise/Tom Cruise_13.jpg
Courtney Cox,Tom Cruise,,No Match,0.03565526008605957,True,0.4,240x160,70,1,10,../dataset/Tom Cruise/Tom Cruise_50.jpg
Courtney Cox,Tom Cruise,,No Face Detected in Test,0.02642059326171875,True,0.4,240x160,70,1,10,../dataset/Tom Cruise/Tom Cruise_38.jpg
Courtney Cox,Tom Cruise,,No Face Detected in Test,0.026790618896484375,True,0.4,240x160,70,1,10,../dataset/Tom Cruise/Tom Cruise_30.jpg
Courtney Cox,Tom Cruise,,No Face Detected in Test,0.019150495529174805,True,0.4,240x160,70,1,10,../dataset/Tom Cruise/Tom Cruise_51.jpg
Courtney Cox,Tom Cruise,,No Match,0.03542757034301758,True,0.4,240x160,70,1,10,../dataset/Tom Cruise/Tom Cruise_32.jpg
Courtney Cox,Tom Cruise,,No Match,0.05635380744934082,True,0.4,240x160,70,1,10,../dataset/Tom Cruise/Tom Cruise_5.jpg
Courtney Cox,Tom Cruise,,No Match,0.04477572441101074,True,0.4,240x160,70,1,10,../dataset/Tom Cruise/Tom Cruise_45.jpg
Courtney Cox,Tom Cruise,,No Match,0.29117703437805176,True,0.4,240x160,70,1,10,
Dwayne Johnson,Andy Samberg,,No Match,0.04012012481689453,True,0.4,240x160,70,1,10,../dataset/Andy Samberg/Andy Samberg_83.jpg
Dwayne Johnson,Andy Samberg,,No Face Detected in Test,0.027797222137451172,True,0.4,240x160,70,1,10,../dataset/Andy Samberg/Andy Samberg_10.jpg
Dwayne Johnson,Andy Samberg,,No Match,0.11506271362304688,True,0.4,240x160,70,1,10,../dataset/Andy Samberg/Andy Samberg_34.jpg
Dwayne Johnson,Andy Samberg,,No Match,0.08717489242553711,True,0.4,240x160,70,1,10,../dataset/Andy Samberg/Andy Samberg_16.jpg
Dwayne Johnson,Andy Samberg,,No Match,0.051775455474853516,True,0.4,240x160,70,1,10,../dataset/Andy Samberg/Andy Samberg_23.jpg
Dwayne Johnson,Andy Samberg,,No Match,0.05449080467224121,True,0.4,240x160,70,1,10,../dataset/Andy Samberg/Andy Samberg_15.jpg
Dwayne Johnson,Andy Samberg,,No Face Detected in Test,0.029315471649169922,True,0.4,240x160,70,1,10,../dataset/Andy Samberg/Andy Samberg_29.jpg
Dwayne Johnson,Andy Samberg,,No Face Detected in Test,0.028154611587524414,True,0.4,240x160,70,1,10,../dataset/Andy Samberg/Andy Samberg_87.jpg
Dwayne Johnson,Andy Samberg,,No Face Detected in Test,0.02698659896850586,True,0.4,240x160,70,1,10,../dataset/Andy Samberg/Andy Samberg_33.jpg
Dwayne Johnson,Andy Samberg,,No Face Detected in Test,0.01647353172302246,True,0.4,240x160,70,1,10,../dataset/Andy Samberg/Andy Samberg_6.jpg
Dwayne Johnson,Andy Samberg,,No Match,0.47735142707824707,True,0.4,240x160,70,1,10,
Dwayne Johnson,Anushka Sharma,,No Match,0.0385282039642334,True,0.4,240x160,70,1,10,../dataset/Anushka Sharma/Anushka Sharma_2.jpg
Dwayne Johnson,Anushka Sharma,,No Face Detected in Test,0.02680373191833496,True,0.4,240x160,70,1,10,../dataset/Anushka Sharma/Anushka Sharma_31.jpg
Dwayne Johnson,Anushka Sharma,,No Face Detected in Test,0.027107954025268555,True,0.4,240x160,70,1,10,../dataset/Anushka Sharma/Anushka Sharma_20.jpg
Dwayne Johnson,Anushka Sharma,,No Match,0.053382158279418945,True,0.4,240x160,70,1,10,../dataset/Anushka Sharma/Anushka Sharma_27.jpg
Dwayne Johnson,Anushka Sharma,,No Match,0.05284380912780762,True,0.4,240x160,70,1,10,../dataset/Anushka Sharma/Anushka Sharma_62.jpg
Dwayne Johnson,Anushka Sharma,,No Face Detected in Test,0.02884817123413086,True,0.4,240x160,70,1,10,../dataset/Anushka Sharma/Anushka Sharma_25.jpg
Dwayne Johnson,Anushka Sharma,,No Match,0.055100440979003906,True,0.4,240x160,70,1,10,../dataset/Anushka Sharma/Anushka Sharma_55.jpg
Dwayne Johnson,Anushka Sharma,,No Match,0.05732536315917969,True,0.4,240x160,70,1,10,../dataset/Anushka Sharma/Anushka Sharma_54.jpg
Dwayne Johnson,Anushka Sharma,,No Face Detected in Test,0.030488967895507812,True,0.4,240x160,70,1,10,../dataset/Anushka Sharma/Anushka Sharma_38.jpg
Dwayne Johnson,Anushka Sharma,,No Match,0.056540727615356445,True,0.4,240x160,70,1,10,../dataset/Anushka Sharma/Anushka Sharma_15.jpg
Dwayne Johnson,Anushka Sharma,,No Match,0.4269695281982422,True,0.4,240x160,70,1,10,
Dwayne Johnson,Billie Eilish,,No Face Detected in Test,0.01464986801147461,True,0.4,240x160,70,1,10,../dataset/Billie Eilish/Billie Eilish_6.jpg
Dwayne Johnson,Billie Eilish,,No Face Detected in Test,0.016123533248901367,True,0.4,240x160,70,1,10,../dataset/Billie Eilish/Billie Eilish_13.jpg
Dwayne Johnson,Billie Eilish,,No Match,0.036884307861328125,True,0.4,240x160,70,1,10,../dataset/Billie Eilish/Billie Eilish_21.jpg
Dwayne Johnson,Billie Eilish,,No Match,0.052124977111816406,True,0.4,240x160,70,1,10,../dataset/Billie Eilish/Billie Eilish_48.jpg
Dwayne Johnson,Billie Eilish,,No Face Detected in Test,0.031482696533203125,True,0.4,240x160,70,1,10,../dataset/Billie Eilish/Billie Eilish_77.jpg
Dwayne Johnson,Billie Eilish,,No Match,0.055886268615722656,True,0.4,240x160,70,1,10,../dataset/Billie Eilish/Billie Eilish_60.jpg
Dwayne Johnson,Billie Eilish,,No Face Detected in Test,0.029532909393310547,True,0.4,240x160,70,1,10,../dataset/Billie Eilish/Billie Eilish_74.jpg
Dwayne Johnson,Billie Eilish,,No Face Detected in Test,0.018790006637573242,True,0.4,240x160,70,1,10,../dataset/Billie Eilish/Billie Eilish_16.jpg
Dwayne Johnson,Billie Eilish,,No Match,0.038440704345703125,True,0.4,240x160,70,1,10,../dataset/Billie Eilish/Billie Eilish_79.jpg
Dwayne Johnson,Billie Eilish,,No Face Detected in Test,0.029404640197753906,True,0.4,240x160,70,1,10,../dataset/Billie Eilish/Billie Eilish_4.jpg
Dwayne Johnson,Billie Eilish,,No Match,0.3233199119567871,True,0.4,240x160,70,1,10,
Dwayne Johnson,Camila Cabello,,No Face Detected in Test,0.016187429428100586,True,0.4,240x160,70,1,10,../dataset/Camila Cabello/Camila Cabello_6.jpg
Dwayne Johnson,Camila Cabello,,No Face Detected in Test,0.016498327255249023,True,0.4,240x160,70,1,10,../dataset/Camila Cabello/Camila Cabello_5.jpg
Dwayne Johnson,Camila Cabello,,No Face Detected in Test,0.016725540161132812,True,0.4,240x160,70,1,10,../dataset/Camila Cabello/Camila Cabello_20.jpg
Dwayne Johnson,Camila Cabello,,No Match,0.03762650489807129,True,0.4,240x160,70,1,10,../dataset/Camila Cabello/Camila Cabello_56.jpg
Dwayne Johnson,Camila Cabello,,No Match,0.05523228645324707,True,0.4,240x160,70,1,10,../dataset/Camila Cabello/Camila Cabello_65.jpg
Dwayne Johnson,Camila Cabello,,No Face Detected in Test,0.028842687606811523,True,0.4,240x160,70,1,10,../dataset/Camila Cabello/Camila Cabello_9.jpg
Dwayne Johnson,Camila Cabello,,No Match,0.04778027534484863,True,0.4,240x160,70,1,10,../dataset/Camila Cabello/Camila Cabello_80.jpg
Dwayne Johnson,Camila Cabello,,No Face Detected in Test,0.028996944427490234,True,0.4,240x160,70,1,10,../dataset/Camila Cabello/Camila Cabello_64.jpg
Dwayne Johnson,Camila Cabello,,No Face Detected in Test,0.022822141647338867,True,0.4,240x160,70,1,10,../dataset/Camila Cabello/Camila Cabello_37.jpg
Dwayne Johnson,Camila Cabello,,No Face Detected in Test,0.017782211303710938,True,0.4,240x160,70,1,10,../dataset/Camila Cabello/Camila Cabello_39.jpg
Dwayne Johnson,Camila Cabello,,No Match,0.288494348526001,True,0.4,240x160,70,1,10,
Dwayne Johnson,Courtney Cox,,No Match,0.0366213321685791,True,0.4,240x160,70,1,10,../dataset/Courtney Cox/Courtney Cox_38.jpg
Dwayne Johnson,Courtney Cox,,No Face Detected in Test,0.029315710067749023,True,0.4,240x160,70,1,10,../dataset/Courtney Cox/Courtney Cox_10.jpg
Dwayne Johnson,Courtney Cox,,No Match,0.05475449562072754,True,0.4,240x160,70,1,10,../dataset/Courtney Cox/Courtney Cox_64.jpg
Dwayne Johnson,Courtney Cox,,No Face Detected in Test,0.028821468353271484,True,0.4,240x160,70,1,10,../dataset/Courtney Cox/Courtney Cox_33.jpg
Dwayne Johnson,Courtney Cox,,No Face Detected in Test,0.019512414932250977,True,0.4,240x160,70,1,10,../dataset/Courtney Cox/Courtney Cox_7.jpg
Dwayne Johnson,Courtney Cox,,No Match,0.04059553146362305,True,0.4,240x160,70,1,10,../dataset/Courtney Cox/Courtney Cox_37.jpg
Dwayne Johnson,Courtney Cox,,No Face Detected in Test,0.028936147689819336,True,0.4,240x160,70,1,10,../dataset/Courtney Cox/Courtney Cox_56.jpg
Dwayne Johnson,Courtney Cox,,No Face Detected in Test,0.020549774169921875,True,0.4,240x160,70,1,10,../dataset/Courtney Cox/Courtney Cox_36.jpg
Dwayne Johnson,Courtney Cox,,No Face Detected in Test,0.01621270179748535,True,0.4,240x160,70,1,10,../dataset/Courtney Cox/Courtney Cox_34.jpg
Dwayne Johnson,Courtney Cox,,No Match,0.03972291946411133,True,0.4,240x160,70,1,10,../dataset/Courtney Cox/Courtney Cox_18.jpg
Dwayne Johnson,Courtney Cox,,No Match,0.31504249572753906,True,0.4,240x160,70,1,10,
Dwayne Johnson,Dwayne Johnson,,No Match,0.0374758243560791,True,0.4,240x160,70,1,10,../dataset/Dwayne Johnson/Dwayne Johnson_51.jpg
Dwayne Johnson,Dwayne Johnson,,No Match,0.05771684646606445,True,0.4,240x160,70,1,10,../dataset/Dwayne Johnson/Dwayne Johnson_29.jpg
Dwayne Johnson,Dwayne Johnson,Dwayne Johnson,Correct Match,0.05459713935852051,True,0.4,240x160,70,1,10,../dataset/Dwayne Johnson/Dwayne Johnson_22.jpg
Dwayne Johnson,Ellen Degeneres,,No Face Detected in Test,0.01542210578918457,True,0.4,240x160,70,1,10,../dataset/Ellen Degeneres/Ellen Degeneres_57.jpg
Dwayne Johnson,Ellen Degeneres,Ellen Degeneres,Incorrect Match,0.04099631309509277,True,0.4,240x160,70,1,10,../dataset/Ellen Degeneres/Ellen Degeneres_19.jpg
Dwayne Johnson,Hrithik Roshan,,No Match,0.0411379337310791,True,0.4,240x160,70,1,10,../dataset/Hrithik Roshan/Hrithik Roshan_24.jpg
Dwayne Johnson,Hrithik Roshan,,No Match,0.06182384490966797,True,0.4,240x160,70,1,10,../dataset/Hrithik Roshan/Hrithik Roshan_16.jpg
Dwayne Johnson,Hrithik Roshan,,No Match,0.07557249069213867,True,0.4,240x160,70,1,10,../dataset/Hrithik Roshan/Hrithik Roshan_77.jpg
Dwayne Johnson,Hrithik Roshan,,No Match,0.10797476768493652,True,0.4,240x160,70,1,10,../dataset/Hrithik Roshan/Hrithik Roshan_17.jpg
Dwayne Johnson,Hrithik Roshan,,No Match,0.06689596176147461,True,0.4,240x160,70,1,10,../dataset/Hrithik Roshan/Hrithik Roshan_43.jpg
Dwayne Johnson,Hrithik Roshan,,No Match,0.07287859916687012,True,0.4,240x160,70,1,10,../dataset/Hrithik Roshan/Hrithik Roshan_70.jpg
Dwayne Johnson,Hrithik Roshan,,No Match,0.06570696830749512,True,0.4,240x160,70,1,10,../dataset/Hrithik Roshan/Hrithik Roshan_67.jpg
Dwayne Johnson,Hrithik Roshan,,No Face Detected in Test,0.029888153076171875,True,0.4,240x160,70,1,10,../dataset/Hrithik Roshan/Hrithik Roshan_88.jpg
Dwayne Johnson,Hrithik Roshan,,No Match,0.060277700424194336,True,0.4,240x160,70,1,10,../dataset/Hrithik Roshan/Hrithik Roshan_85.jpg
Dwayne Johnson,Hrithik Roshan,,No Match,0.0606234073638916,True,0.4,240x160,70,1,10,../dataset/Hrithik Roshan/Hrithik Roshan_63.jpg
Dwayne Johnson,Hrithik Roshan,,No Match,0.6427798271179199,True,0.4,240x160,70,1,10,
Dwayne Johnson,Roger Federer,,No Face Detected in Test,0.015294313430786133,True,0.4,240x160,70,1,10,../dataset/Roger Federer/Roger Federer_62.jpg
Dwayne Johnson,Roger Federer,,No Face Detected in Test,0.017920494079589844,True,0.4,240x160,70,1,10,../dataset/Roger Federer/Roger Federer_9.jpg
Dwayne Johnson,Roger Federer,Roger Federer,Incorrect Match,0.03931879997253418,True,0.4,240x160,70,1,10,../dataset/Roger Federer/Roger Federer_33.jpg
Dwayne Johnson,Tom Cruise,,No Face Detected in Test,0.015187978744506836,True,0.4,240x160,70,1,10,../dataset/Tom Cruise/Tom Cruise_13.jpg
Dwayne Johnson,Tom Cruise,,No Match,0.0381166934967041,True,0.4,240x160,70,1,10,../dataset/Tom Cruise/Tom Cruise_48.jpg
Dwayne Johnson,Tom Cruise,,No Face Detected in Test,0.0290374755859375,True,0.4,240x160,70,1,10,../dataset/Tom Cruise/Tom Cruise_51.jpg
Dwayne Johnson,Tom Cruise,,No Match,0.055539608001708984,True,0.4,240x160,70,1,10,../dataset/Tom Cruise/Tom Cruise_57.jpg
Dwayne Johnson,Tom Cruise,,No Face Detected in Test,0.03165555000305176,True,0.4,240x160,70,1,10,../dataset/Tom Cruise/Tom Cruise_11.jpg
Dwayne Johnson,Tom Cruise,,No Face Detected in Test,0.03181052207946777,True,0.4,240x160,70,1,10,../dataset/Tom Cruise/Tom Cruise_14.jpg
Dwayne Johnson,Tom Cruise,,No Match,0.044950246810913086,True,0.4,240x160,70,1,10,../dataset/Tom Cruise/Tom Cruise_50.jpg
Dwayne Johnson,Tom Cruise,,No Face Detected in Test,0.02921128273010254,True,0.4,240x160,70,1,10,../dataset/Tom Cruise/Tom Cruise_46.jpg
Dwayne Johnson,Tom Cruise,,No Match,0.05671548843383789,True,0.4,240x160,70,1,10,../dataset/Tom Cruise/Tom Cruise_24.jpg
Dwayne Johnson,Tom Cruise,,No Face Detected in Test,0.028640270233154297,True,0.4,240x160,70,1,10,../dataset/Tom Cruise/Tom Cruise_31.jpg
Dwayne Johnson,Tom Cruise,,No Match,0.36086511611938477,True,0.4,240x160,70,1,10,
Ellen Degeneres,Andy Samberg,,No Match,0.03949928283691406,True,0.4,240x160,70,1,10,../dataset/Andy Samberg/Andy Samberg_62.jpg
Ellen Degeneres,Andy Samberg,,No Face Detected in Test,0.017200231552124023,True,0.4,240x160,70,1,10,../dataset/Andy Samberg/Andy Samberg_68.jpg
Ellen Degeneres,Andy Samberg,,No Face Detected in Test,0.016335725784301758,True,0.4,240x160,70,1,10,../dataset/Andy Samberg/Andy Samberg_38.jpg
Ellen Degeneres,Andy Samberg,,No Match,0.037451982498168945,True,0.4,240x160,70,1,10,../dataset/Andy Samberg/Andy Samberg_26.jpg
Ellen Degeneres,Andy Samberg,,No Match,0.06960701942443848,True,0.4,240x160,70,1,10,../dataset/Andy Samberg/Andy Samberg_1.jpg
Ellen Degeneres,Andy Samberg,,No Match,0.06049847602844238,True,0.4,240x160,70,1,10,../dataset/Andy Samberg/Andy Samberg_5.jpg
Ellen Degeneres,Andy Samberg,,No Match,0.05411958694458008,True,0.4,240x160,70,1,10,../dataset/Andy Samberg/Andy Samberg_16.jpg
Ellen Degeneres,Andy Samberg,,No Face Detected in Test,0.029974937438964844,True,0.4,240x160,70,1,10,../dataset/Andy Samberg/Andy Samberg_87.jpg
Ellen Degeneres,Andy Samberg,,No Match,0.059694528579711914,True,0.4,240x160,70,1,10,../dataset/Andy Samberg/Andy Samberg_89.jpg
Ellen Degeneres,Andy Samberg,,No Match,0.05703234672546387,True,0.4,240x160,70,1,10,../dataset/Andy Samberg/Andy Samberg_59.jpg
Ellen Degeneres,Andy Samberg,,No Match,0.44141411781311035,True,0.4,240x160,70,1,10,
Ellen Degeneres,Anushka Sharma,,No Face Detected in Test,0.01586008071899414,True,0.4,240x160,70,1,10,../dataset/Anushka Sharma/Anushka Sharma_23.jpg
Ellen Degeneres,Anushka Sharma,,No Match,0.04001784324645996,True,0.4,240x160,70,1,10,../dataset/Anushka Sharma/Anushka Sharma_41.jpg
Ellen Degeneres,Anushka Sharma,,No Match,0.055350303649902344,True,0.4,240x160,70,1,10,../dataset/Anushka Sharma/Anushka Sharma_2.jpg
Ellen Degeneres,Anushka Sharma,,No Face Detected in Test,0.029125213623046875,True,0.4,240x160,70,1,10,../dataset/Anushka Sharma/Anushka Sharma_60.jpg
Ellen Degeneres,Anushka Sharma,,No Match,0.054826974868774414,True,0.4,240x160,70,1,10,../dataset/Anushka Sharma/Anushka Sharma_3.jpg
Ellen Degeneres,Anushka Sharma,,No Match,0.05550432205200195,True,0.4,240x160,70,1,10,../dataset/Anushka Sharma/Anushka Sharma_28.jpg
Ellen Degeneres,Anushka Sharma,,No Match,0.05977797508239746,True,0.4,240x160,70,1,10,../dataset/Anushka Sharma/Anushka Sharma_27.jpg
Ellen Degeneres,Anushka Sharma,,No Match,0.05930757522583008,True,0.4,240x160,70,1,10,../dataset/Anushka Sharma/Anushka Sharma_26.jpg
Ellen Degeneres,Anushka Sharma,,No Face Detected in Test,0.029446840286254883,True,0.4,240x160,70,1,10,../dataset/Anushka Sharma/Anushka Sharma_14.jpg
Ellen Degeneres,Anushka Sharma,,No Match,0.05666828155517578,True,0.4,240x160,70,1,10,../dataset/Anushka Sharma/Anushka Sharma_61.jpg
Ellen Degeneres,Anushka Sharma,,No Match,0.4558854103088379,True,0.4,240x160,70,1,10,
Ellen Degeneres,Billie Eilish,,No Face Detected in Test,0.016639232635498047,True,0.4,240x160,70,1,10,../dataset/Billie Eilish/Billie Eilish_24.jpg
Ellen Degeneres,Billie Eilish,,No Match,0.03801417350769043,True,0.4,240x160,70,1,10,../dataset/Billie Eilish/Billie Eilish_12.jpg
Ellen Degeneres,Billie Eilish,,No Face Detected in Test,0.029281139373779297,True,0.4,240x160,70,1,10,../dataset/Billie Eilish/Billie Eilish_13.jpg
Ellen Degeneres,Billie Eilish,Billie Eilish,Incorrect Match,0.04352068901062012,True,0.4,240x160,70,1,10,../dataset/Billie Eilish/Billie Eilish_93.jpg
Ellen Degeneres,Camila Cabello,,No Face Detected in Test,0.01667499542236328,True,0.4,240x160,70,1,10,../dataset/Camila Cabello/Camila Cabello_36.jpg
Ellen Degeneres,Camila Cabello,,No Face Detected in Test,0.016759395599365234,True,0.4,240x160,70,1,10,../dataset/Camila Cabello/Camila Cabello_25.jpg
Ellen Degeneres,Camila Cabello,,No Face Detected in Test,0.016851186752319336,True,0.4,240x160,70,1,10,../dataset/Camila Cabello/Camila Cabello_44.jpg
Ellen Degeneres,Camila Cabello,,No Face Detected in Test,0.0170896053314209,True,0.4,240x160,70,1,10,../dataset/Camila Cabello/Camila Cabello_72.jpg
Ellen Degeneres,Camila Cabello,,No Face Detected in Test,0.0188143253326416,True,0.4,240x160,70,1,10,../dataset/Camila Cabello/Camila Cabello_42.jpg
Ellen Degeneres,Camila Cabello,,No Face Detected in Test,0.017428159713745117,True,0.4,240x160,70,1,10,../dataset/Camila Cabello/Camila Cabello_52.jpg
Ellen Degeneres,Camila Cabello,,No Face Detected in Test,0.01751112937927246,True,0.4,240x160,70,1,10,../dataset/Camila Cabello/Camila Cabello_29.jpg
Ellen Degeneres,Camila Cabello,,No Face Detected in Test,0.017229318618774414,True,0.4,240x160,70,1,10,../dataset/Camila Cabello/Camila Cabello_83.jpg
Ellen Degeneres,Camila Cabello,,No Face Detected in Test,0.016881704330444336,True,0.4,240x160,70,1,10,../dataset/Camila Cabello/Camila Cabello_27.jpg
Ellen Degeneres,Camila Cabello,,No Match,0.039539337158203125,True,0.4,240x160,70,1,10,../dataset/Camila Cabello/Camila Cabello_17.jpg
Ellen Degeneres,Camila Cabello,,No Match,0.1947791576385498,True,0.4,240x160,70,1,10,
Ellen Degeneres,Courtney Cox,,No Face Detected in Test,0.015094280242919922,True,0.4,240x160,70,1,10,../dataset/Courtney Cox/Courtney Cox_76.jpg
Ellen Degeneres,Courtney Cox,Courtney Cox,Incorrect Match,0.040224552154541016,True,0.4,240x160,70,1,10,../dataset/Courtney Cox/Courtney Cox_4.jpg
Ellen Degeneres,Dwayne Johnson,,No Face Detected in Test,0.015258073806762695,True,0.4,240x160,70,1,10,../dataset/Dwayne Johnson/Dwayne Johnson_8.jpg
Ellen Degeneres,Dwayne Johnson,Dwayne Johnson,Incorrect Match,0.04020261764526367,True,0.4,240x160,70,1,10,../dataset/Dwayne Johnson/Dwayne Johnson_22.jpg
Ellen Degeneres,Ellen Degeneres,Ellen Degeneres,Correct Match,0.03841543197631836,True,0.4,240x160,70,1,10,../dataset/Ellen Degeneres/Ellen Degeneres_5.jpg
Ellen Degeneres,Hrithik Roshan,,No Face Detected in Test,0.015650510787963867,True,0.4,240x160,70,1,10,../dataset/Hrithik Roshan/Hrithik Roshan_61.jpg
Ellen Degeneres,Hrithik Roshan,,No Face Detected in Test,0.017594099044799805,True,0.4,240x160,70,1,10,../dataset/Hrithik Roshan/Hrithik Roshan_28.jpg
Ellen Degeneres,Hrithik Roshan,,No Match,0.07234454154968262,True,0.4,240x160,70,1,10,../dataset/Hrithik Roshan/Hrithik Roshan_16.jpg
Ellen Degeneres,Hrithik Roshan,,No Face Detected in Test,0.029086828231811523,True,0.4,240x160,70,1,10,../dataset/Hrithik Roshan/Hrithik Roshan_99.jpg
Ellen Degeneres,Hrithik Roshan,,No Face Detected in Test,0.03009176254272461,True,0.4,240x160,70,1,10,../dataset/Hrithik Roshan/Hrithik Roshan_93.jpg
Ellen Degeneres,Hrithik Roshan,,No Face Detected in Test,0.01893019676208496,True,0.4,240x160,70,1,10,../dataset/Hrithik Roshan/Hrithik Roshan_89.jpg
Ellen Degeneres,Hrithik Roshan,,No Match,0.05929970741271973,True,0.4,240x160,70,1,10,../dataset/Hrithik Roshan/Hrithik Roshan_51.jpg
Ellen Degeneres,Hrithik Roshan,,No Match,0.058527469635009766,True,0.4,240x160,70,1,10,../dataset/Hrithik Roshan/Hrithik Roshan_11.jpg
Ellen Degeneres,Hrithik Roshan,,No Face Detected in Test,0.031067371368408203,True,0.4,240x160,70,1,10,../dataset/Hrithik Roshan/Hrithik Roshan_27.jpg
Ellen Degeneres,Hrithik Roshan,,No Match,0.05722355842590332,True,0.4,240x160,70,1,10,../dataset/Hrithik Roshan/Hrithik Roshan_60.jpg
Ellen Degeneres,Hrithik Roshan,,No Match,0.3898160457611084,True,0.4,240x160,70,1,10,
Ellen Degeneres,Roger Federer,,No Match,0.03342032432556152,True,0.4,240x160,70,1,10,../dataset/Roger Federer/Roger Federer_35.jpg
Ellen Degeneres,Roger Federer,,No Match,0.0552678108215332,True,0.4,240x160,70,1,10,../dataset/Roger Federer/Roger Federer_27.jpg
Ellen Degeneres,Roger Federer,,No Match,0.055005788803100586,True,0.4,240x160,70,1,10,../dataset/Roger Federer/Roger Federer_50.jpg
Ellen Degeneres,Roger Federer,,No Face Detected in Test,0.028805255889892578,True,0.4,240x160,70,1,10,../dataset/Roger Federer/Roger Federer_21.jpg
Ellen Degeneres,Roger Federer,,No Face Detected in Test,0.015503883361816406,True,0.4,240x160,70,1,10,../dataset/Roger Federer/Roger Federer_44.jpg
Ellen Degeneres,Roger Federer,Roger Federer,Incorrect Match,0.039916276931762695,True,0.4,240x160,70,1,10,../dataset/Roger Federer/Roger Federer_65.jpg
Ellen Degeneres,Tom Cruise,,No Match,0.03377103805541992,True,0.4,240x160,70,1,10,../dataset/Tom Cruise/Tom Cruise_40.jpg
Ellen Degeneres,Tom Cruise,Tom Cruise,Incorrect Match,0.06252336502075195,True,0.4,240x160,70,1,10,../dataset/Tom Cruise/Tom Cruise_21.jpg
Hrithik Roshan,Andy Samberg,,No Match,0.03683018684387207,True,0.4,240x160,70,1,10,../dataset/Andy Samberg/Andy Samberg_37.jpg
Hrithik Roshan,Andy Samberg,,No Face Detected in Test,0.029997825622558594,True,0.4,240x160,70,1,10,../dataset/Andy Samberg/Andy Samberg_39.jpg
Hrithik Roshan,Andy Samberg,,No Match,0.05583810806274414,True,0.4,240x160,70,1,10,../dataset/Andy Samberg/Andy Samberg_45.jpg
Hrithik Roshan,Andy Samberg,,No Match,0.053399085998535156,True,0.4,240x160,70,1,10,../dataset/Andy Samberg/Andy Samberg_5.jpg
Hrithik Roshan,Andy Samberg,,No Face Detected in Test,0.024773836135864258,True,0.4,240x160,70,1,10,../dataset/Andy Samberg/Andy Samberg_47.jpg
Hrithik Roshan,Andy Samberg,,No Match,0.039259910583496094,True,0.4,240x160,70,1,10,../dataset/Andy Samberg/Andy Samberg_83.jpg
Hrithik Roshan,Andy Samberg,,No Match,0.05529522895812988,True,0.4,240x160,70,1,10,../dataset/Andy Samberg/Andy Samberg_18.jpg
Hrithik Roshan,Andy Samberg,,No Face Detected in Test,0.028536081314086914,True,0.4,240x160,70,1,10,../dataset/Andy Samberg/Andy Samberg_21.jpg
Hrithik Roshan,Andy Samberg,,No Match,0.06035804748535156,True,0.4,240x160,70,1,10,../dataset/Andy Samberg/Andy Samberg_52.jpg
Hrithik Roshan,Andy Samberg,,No Match,0.0534360408782959,True,0.4,240x160,70,1,10,../dataset/Andy Samberg/Andy Samberg_69.jpg
Hrithik Roshan,Andy Samberg,,No Match,0.43772435188293457,True,0.4,240x160,70,1,10,
Hrithik Roshan,Anushka Sharma,,No Match,0.03421640396118164,True,0.4,240x160,70,1,10,../dataset/Anushka Sharma/Anushka Sharma_12.jpg
Hrithik Roshan,Anushka Sharma,,No Match,0.056577444076538086,True,0.4,240x160,70,1,10,../dataset/Anushka Sharma/Anushka Sharma_8.jpg
Hrithik Roshan,Anushka Sharma,,No Face Detected in Test,0.028844594955444336,True,0.4,240x160,70,1,10,../dataset/Anushka Sharma/Anushka Sharma_30.jpg
Hrithik Roshan,Anushka Sharma,,No Match,0.058388471603393555,True,0.4,240x160,70,1,10,../dataset/Anushka Sharma/Anushka Sharma_9.jpg
Hrithik Roshan,Anushka Sharma,,No Face Detected in Test,0.029038429260253906,True,0.4,240x160,70,1,10,../dataset/Anushka Sharma/Anushka Sharma_34.jpg
Hrithik Roshan,Anushka Sharma,,No Face Detected in Test,0.028943538665771484,True,0.4,240x160,70,1,10,../dataset/Anushka Sharma/Anushka Sharma_63.jpg
Hrithik Roshan,Anushka Sharma,,No Match,0.03684234619140625,True,0.4,240x160,70,1,10,../dataset/Anushka Sharma/Anushka Sharma_50.jpg
Hrithik Roshan,Anushka Sharma,,No Face Detected in Test,0.028652191162109375,True,0.4,240x160,70,1,10,../dataset/Anushka Sharma/Anushka Sharma_1.jpg
Hrithik Roshan,Anushka Sharma,,No Face Detected in Test,0.028964757919311523,True,0.4,240x160,70,1,10,../dataset/Anushka Sharma/Anushka Sharma_49.jpg
Hrithik Roshan,Anushka Sharma,,No Face Detected in Test,0.025864124298095703,True,0.4,240x160,70,1,10,../dataset/Anushka Sharma/Anushka Sharma_18.jpg
Hrithik Roshan,Anushka Sharma,,No Match,0.35633230209350586,True,0.4,240x160,70,1,10,
Hrithik Roshan,Billie Eilish,,No Match,0.03926205635070801,True,0.4,240x160,70,1,10,../dataset/Billie Eilish/Billie Eilish_26.jpg
Hrithik Roshan,Billie Eilish,,No Face Detected in Test,0.028089046478271484,True,0.4,240x160,70,1,10,../dataset/Billie Eilish/Billie Eilish_68.jpg
Hrithik Roshan,Billie Eilish,Billie Eilish,Incorrect Match,0.0541834831237793,True,0.4,240x160,70,1,10,../dataset/Billie Eilish/Billie Eilish_93.jpg
Hrithik Roshan,Camila Cabello,,No Match,0.04846501350402832,True,0.4,240x160,70,1,10,../dataset/Camila Cabello/Camila Cabello_63.jpg
Hrithik Roshan,Camila Cabello,,No Match,0.06292438507080078,True,0.4,240x160,70,1,10,../dataset/Camila Cabello/Camila Cabello_55.jpg
Hrithik Roshan,Camila Cabello,,No Match,0.05743050575256348,True,0.4,240x160,70,1,10,../dataset/Camila Cabello/Camila Cabello_1.jpg
Hrithik Roshan,Camila Cabello,,No Face Detected in Test,0.03444409370422363,True,0.4,240x160,70,1,10,../dataset/Camila Cabello/Camila Cabello_29.jpg
Hrithik Roshan,Camila Cabello,,No Face Detected in Test,0.029378175735473633,True,0.4,240x160,70,1,10,../dataset/Camila Cabello/Camila Cabello_58.jpg
Hrithik Roshan,Camila Cabello,,No Match,0.0531315803527832,True,0.4,240x160,70,1,10,../dataset/Camila Cabello/Camila Cabello_59.jpg
Hrithik Roshan,Camila Cabello,,No Face Detected in Test,0.03312969207763672,True,0.4,240x160,70,1,10,../dataset/Camila Cabello/Camila Cabello_12.jpg
Hrithik Roshan,Camila Cabello,,No Face Detected in Test,0.024420976638793945,True,0.4,240x160,70,1,10,../dataset/Camila Cabello/Camila Cabello_86.jpg
Hrithik Roshan,Camila Cabello,,No Match,0.06002664566040039,True,0.4,240x160,70,1,10,../dataset/Camila Cabello/Camila Cabello_62.jpg
Hrithik Roshan,Camila Cabello,,No Face Detected in Test,0.03445744514465332,True,0.4,240x160,70,1,10,../dataset/Camila Cabello/Camila Cabello_57.jpg
Hrithik Roshan,Camila Cabello,,No Match,0.4378085136413574,True,0.4,240x160,70,1,10,
Hrithik Roshan,Courtney Cox,,No Match,0.05128335952758789,True,0.4,240x160,70,1,10,../dataset/Courtney Cox/Courtney Cox_48.jpg
Hrithik Roshan,Courtney Cox,,No Face Detected in Test,0.03447318077087402,True,0.4,240x160,70,1,10,../dataset/Courtney Cox/Courtney Cox_2.jpg
Hrithik Roshan,Courtney Cox,,No Face Detected in Test,0.029934167861938477,True,0.4,240x160,70,1,10,../dataset/Courtney Cox/Courtney Cox_74.jpg
Hrithik Roshan,Courtney Cox,,No Face Detected in Test,0.024537086486816406,True,0.4,240x160,70,1,10,../dataset/Courtney Cox/Courtney Cox_55.jpg
Hrithik Roshan,Courtney Cox,,No Face Detected in Test,0.024031639099121094,True,0.4,240x160,70,1,10,../dataset/Courtney Cox/Courtney Cox_44.jpg
Hrithik Roshan,Courtney Cox,,No Face Detected in Test,0.022701740264892578,True,0.4,240x160,70,1,10,../dataset/Courtney Cox/Courtney Cox_60.jpg
Hrithik Roshan,Courtney Cox,,No Match,0.06060028076171875,True,0.4,240x160,70,1,10,../dataset/Courtney Cox/Courtney Cox_39.jpg
Hrithik Roshan,Courtney Cox,,No Face Detected in Test,0.055449485778808594,True,0.4,240x160,70,1,10,../dataset/Courtney Cox/Courtney Cox_58.jpg
Hrithik Roshan,Courtney Cox,,No Match,0.08479666709899902,True,0.4,240x160,70,1,10,../dataset/Courtney Cox/Courtney Cox_16.jpg
Hrithik Roshan,Courtney Cox,,No Face Detected in Test,0.03430819511413574,True,0.4,240x160,70,1,10,../dataset/Courtney Cox/Courtney Cox_5.jpg
Hrithik Roshan,Courtney Cox,,No Match,0.4221158027648926,True,0.4,240x160,70,1,10,
Hrithik Roshan,Dwayne Johnson,,No Face Detected in Test,0.02423691749572754,True,0.4,240x160,70,1,10,../dataset/Dwayne Johnson/Dwayne Johnson_16.jpg
Hrithik Roshan,Dwayne Johnson,,No Face Detected in Test,0.030435562133789062,True,0.4,240x160,70,1,10,../dataset/Dwayne Johnson/Dwayne Johnson_8.jpg
Hrithik Roshan,Dwayne Johnson,Dwayne Johnson,Incorrect Match,0.054106712341308594,True,0.4,240x160,70,1,10,../dataset/Dwayne Johnson/Dwayne Johnson_55.jpg
Hrithik Roshan,Ellen Degeneres,,No Face Detected in Test,0.023984193801879883,True,0.4,240x160,70,1,10,../dataset/Ellen Degeneres/Ellen Degeneres_8.jpg
Hrithik Roshan,Ellen Degeneres,,No Match,0.05318784713745117,True,0.4,240x160,70,1,10,../dataset/Ellen Degeneres/Ellen Degeneres_6.jpg
Hrithik Roshan,Ellen Degeneres,Ellen Degeneres,Incorrect Match,0.06512165069580078,True,0.4,240x160,70,1,10,../dataset/Ellen Degeneres/Ellen Degeneres_60.jpg
Hrithik Roshan,Hrithik Roshan,,No Face Detected in Test,0.02522134780883789,True,0.4,240x160,70,1,10,../dataset/Hrithik Roshan/Hrithik Roshan_28.jpg
Hrithik Roshan,Hrithik Roshan,,No Face Detected in Test,0.023986101150512695,True,0.4,240x160,70,1,10,../dataset/Hrithik Roshan/Hrithik Roshan_79.jpg
Hrithik Roshan,Hrithik Roshan,,No Face Detected in Test,0.021753311157226562,True,0.4,240x160,70,1,10,../dataset/Hrithik Roshan/Hrithik Roshan_5.jpg
Hrithik Roshan,Hrithik Roshan,,No Match,0.04652547836303711,True,0.4,240x160,70,1,10,../dataset/Hrithik Roshan/Hrithik Roshan_6.jpg
Hrithik Roshan,Hrithik Roshan,,No Match,0.0616607666015625,True,0.4,240x160,70,1,10,../dataset/Hrithik Roshan/Hrithik Roshan_43.jpg
Hrithik Roshan,Hrithik Roshan,,No Match,0.09485912322998047,True,0.4,240x160,70,1,10,../dataset/Hrithik Roshan/Hrithik Roshan_33.jpg
Hrithik Roshan,Hrithik Roshan,,No Match,0.0640869140625,True,0.4,240x160,70,1,10,../dataset/Hrithik Roshan/Hrithik Roshan_82.jpg
Hrithik Roshan,Hrithik Roshan,,No Match,0.06867051124572754,True,0.4,240x160,70,1,10,../dataset/Hrithik Roshan/Hrithik Roshan_96.jpg
Hrithik Roshan,Hrithik Roshan,,No Face Detected in Test,0.03551673889160156,True,0.4,240x160,70,1,10,../dataset/Hrithik Roshan/Hrithik Roshan_23.jpg
Hrithik Roshan,Hrithik Roshan,,No Match,0.0650486946105957,True,0.4,240x160,70,1,10,../dataset/Hrithik Roshan/Hrithik Roshan_20.jpg
Hrithik Roshan,Hrithik Roshan,,No Match,0.507328987121582,True,0.4,240x160,70,1,10,
Hrithik Roshan,Roger Federer,,No Match,0.05134725570678711,True,0.4,240x160,70,1,10,../dataset/Roger Federer/Roger Federer_42.jpg
Hrithik Roshan,Roger Federer,Roger Federer,Incorrect Match,0.06350898742675781,True,0.4,240x160,70,1,10,../dataset/Roger Federer/Roger Federer_54.jpg
Hrithik Roshan,Tom Cruise,,No Match,0.06158185005187988,True,0.4,240x160,70,1,10,../dataset/Tom Cruise/Tom Cruise_50.jpg
Hrithik Roshan,Tom Cruise,,No Match,0.06508874893188477,True,0.4,240x160,70,1,10,../dataset/Tom Cruise/Tom Cruise_17.jpg
Hrithik Roshan,Tom Cruise,,No Face Detected in Test,0.03531241416931152,True,0.4,240x160,70,1,10,../dataset/Tom Cruise/Tom Cruise_6.jpg
Hrithik Roshan,Tom Cruise,,No Match,0.06552362442016602,True,0.4,240x160,70,1,10,../dataset/Tom Cruise/Tom Cruise_12.jpg
Hrithik Roshan,Tom Cruise,,No Face Detected in Test,0.03497195243835449,True,0.4,240x160,70,1,10,../dataset/Tom Cruise/Tom Cruise_46.jpg
Hrithik Roshan,Tom Cruise,,No Match,0.06140279769897461,True,0.4,240x160,70,1,10,../dataset/Tom Cruise/Tom Cruise_32.jpg
Hrithik Roshan,Tom Cruise,,No Match,0.06953668594360352,True,0.4,240x160,70,1,10,../dataset/Tom Cruise/Tom Cruise_15.jpg
Hrithik Roshan,Tom Cruise,,No Face Detected in Test,0.025671958923339844,True,0.4,240x160,70,1,10,../dataset/Tom Cruise/Tom Cruise_34.jpg
Hrithik Roshan,Tom Cruise,,No Match,0.11498522758483887,True,0.4,240x160,70,1,10,../dataset/Tom Cruise/Tom Cruise_8.jpg
Hrithik Roshan,Tom Cruise,,No Match,0.08008551597595215,True,0.4,240x160,70,1,10,../dataset/Tom Cruise/Tom Cruise_24.jpg
Hrithik Roshan,Tom Cruise,,No Match,0.6141607761383057,True,0.4,240x160,70,1,10,
Roger Federer,Andy Samberg,,No Match,0.07303667068481445,True,0.4,240x160,70,1,10,../dataset/Andy Samberg/Andy Samberg_42.jpg
Roger Federer,Andy Samberg,,No Face Detected in Test,0.034464120864868164,True,0.4,240x160,70,1,10,../dataset/Andy Samberg/Andy Samberg_36.jpg
Roger Federer,Andy Samberg,,No Match,0.06147956848144531,True,0.4,240x160,70,1,10,../dataset/Andy Samberg/Andy Samberg_90.jpg
Roger Federer,Andy Samberg,,No Face Detected in Test,0.03419137001037598,True,0.4,240x160,70,1,10,../dataset/Andy Samberg/Andy Samberg_48.jpg
Roger Federer,Andy Samberg,,No Match,0.0820012092590332,True,0.4,240x160,70,1,10,../dataset/Andy Samberg/Andy Samberg_46.jpg
Roger Federer,Andy Samberg,,No Match,0.07673311233520508,True,0.4,240x160,70,1,10,../dataset/Andy Samberg/Andy Samberg_58.jpg
Roger Federer,Andy Samberg,,No Match,0.068939208984375,True,0.4,240x160,70,1,10,../dataset/Andy Samberg/Andy Samberg_30.jpg
Roger Federer,Andy Samberg,,No Face Detected in Test,0.034604787826538086,True,0.4,240x160,70,1,10,../dataset/Andy Samberg/Andy Samberg_60.jpg
Roger Federer,Andy Samberg,,No Face Detected in Test,0.03460359573364258,True,0.4,240x160,70,1,10,../dataset/Andy Samberg/Andy Samberg_9.jpg
Roger Federer,Andy Samberg,,No Face Detected in Test,0.024051904678344727,True,0.4,240x160,70,1,10,../dataset/Andy Samberg/Andy Samberg_21.jpg
Roger Federer,Andy Samberg,,No Match,0.5241055488586426,True,0.4,240x160,70,1,10,
Roger Federer,Anushka Sharma,,No Face Detected in Test,0.024678945541381836,True,0.4,240x160,70,1,10,../dataset/Anushka Sharma/Anushka Sharma_63.jpg
Roger Federer,Anushka Sharma,,No Match,0.08028960227966309,True,0.4,240x160,70,1,10,../dataset/Anushka Sharma/Anushka Sharma_50.jpg
Roger Federer,Anushka Sharma,,No Match,0.07983016967773438,True,0.4,240x160,70,1,10,../dataset/Anushka Sharma/Anushka Sharma_57.jpg
Roger Federer,Anushka Sharma,,No Match,0.10384321212768555,True,0.4,240x160,70,1,10,../dataset/Anushka Sharma/Anushka Sharma_61.jpg
Roger Federer,Anushka Sharma,,No Face Detected in Test,0.038335561752319336,True,0.4,240x160,70,1,10,../dataset/Anushka Sharma/Anushka Sharma_60.jpg
Roger Federer,Anushka Sharma,,No Face Detected in Test,0.0300290584564209,True,0.4,240x160,70,1,10,../dataset/Anushka Sharma/Anushka Sharma_44.jpg
Roger Federer,Anushka Sharma,,No Match,0.06719851493835449,True,0.4,240x160,70,1,10,../dataset/Anushka Sharma/Anushka Sharma_66.jpg
Roger Federer,Anushka Sharma,,No Face Detected in Test,0.04020261764526367,True,0.4,240x160,70,1,10,../dataset/Anushka Sharma/Anushka Sharma_25.jpg
Roger Federer,Anushka Sharma,,No Face Detected in Test,0.036322593688964844,True,0.4,240x160,70,1,10,../dataset/Anushka Sharma/Anushka Sharma_53.jpg
Roger Federer,Anushka Sharma,,No Match,0.09045696258544922,True,0.4,240x160,70,1,10,../dataset/Anushka Sharma/Anushka Sharma_28.jpg
Roger Federer,Anushka Sharma,,No Match,0.5911872386932373,True,0.4,240x160,70,1,10,
Roger Federer,Billie Eilish,,No Match,0.05351567268371582,True,0.4,240x160,70,1,10,../dataset/Billie Eilish/Billie Eilish_75.jpg
Roger Federer,Billie Eilish,,No Match,0.08296895027160645,True,0.4,240x160,70,1,10,../dataset/Billie Eilish/Billie Eilish_22.jpg
Roger Federer,Billie Eilish,,No Match,0.08693790435791016,True,0.4,240x160,70,1,10,../dataset/Billie Eilish/Billie Eilish_71.jpg
Roger Federer,Billie Eilish,,No Match,0.0828695297241211,True,0.4,240x160,70,1,10,../dataset/Billie Eilish/Billie Eilish_19.jpg
Roger Federer,Billie Eilish,,No Face Detected in Test,0.024110794067382812,True,0.4,240x160,70,1,10,../dataset/Billie Eilish/Billie Eilish_40.jpg
Roger Federer,Billie Eilish,,No Match,0.05259346961975098,True,0.4,240x160,70,1,10,../dataset/Billie Eilish/Billie Eilish_57.jpg
Roger Federer,Billie Eilish,,No Face Detected in Test,0.034299373626708984,True,0.4,240x160,70,1,10,../dataset/Billie Eilish/Billie Eilish_2.jpg
Roger Federer,Billie Eilish,,No Match,0.06027626991271973,True,0.4,240x160,70,1,10,../dataset/Billie Eilish/Billie Eilish_46.jpg
Roger Federer,Billie Eilish,,No Match,0.05700874328613281,True,0.4,240x160,70,1,10,../dataset/Billie Eilish/Billie Eilish_48.jpg
Roger Federer,Billie Eilish,,No Face Detected in Test,0.03495955467224121,True,0.4,240x160,70,1,10,../dataset/Billie Eilish/Billie Eilish_14.jpg
Roger Federer,Billie Eilish,,No Match,0.56954026222229,True,0.4,240x160,70,1,10,
Roger Federer,Camila Cabello,,No Match,0.05758190155029297,True,0.4,240x160,70,1,10,../dataset/Camila Cabello/Camila Cabello_41.jpg
Roger Federer,Camila Cabello,,No Match,0.06240034103393555,True,0.4,240x160,70,1,10,../dataset/Camila Cabello/Camila Cabello_23.jpg
Roger Federer,Camila Cabello,,No Face Detected in Test,0.0347285270690918,True,0.4,240x160,70,1,10,../dataset/Camila Cabello/Camila Cabello_81.jpg
Roger Federer,Camila Cabello,,No Face Detected in Test,0.02539348602294922,True,0.4,240x160,70,1,10,../dataset/Camila Cabello/Camila Cabello_86.jpg
Roger Federer,Camila Cabello,,No Match,0.053961753845214844,True,0.4,240x160,70,1,10,../dataset/Camila Cabello/Camila Cabello_75.jpg
Roger Federer,Camila Cabello,,No Face Detected in Test,0.03478407859802246,True,0.4,240x160,70,1,10,../dataset/Camila Cabello/Camila Cabello_48.jpg
Roger Federer,Camila Cabello,,No Face Detected in Test,0.024520158767700195,True,0.4,240x160,70,1,10,../dataset/Camila Cabello/Camila Cabello_85.jpg
Roger Federer,Camila Cabello,,No Match,0.06073427200317383,True,0.4,240x160,70,1,10,../dataset/Camila Cabello/Camila Cabello_43.jpg
Roger Federer,Camila Cabello,,No Match,0.07176876068115234,True,0.4,240x160,70,1,10,../dataset/Camila Cabello/Camila Cabello_70.jpg
Roger Federer,Camila Cabello,,No Face Detected in Test,0.037239789962768555,True,0.4,240x160,70,1,10,../dataset/Camila Cabello/Camila Cabello_64.jpg
Roger Federer,Camila Cabello,,No Match,0.46311306953430176,True,0.4,240x160,70,1,10,
Roger Federer,Courtney Cox,,No Face Detected in Test,0.0241243839263916,True,0.4,240x160,70,1,10,../dataset/Courtney Cox/Courtney Cox_61.jpg
Roger Federer,Courtney Cox,,No Face Detected in Test,0.02406620979309082,True,0.4,240x160,70,1,10,../dataset/Courtney Cox/Courtney Cox_23.jpg
Roger Federer,Courtney Cox,,No Face Detected in Test,0.0239565372467041,True,0.4,240x160,70,1,10,../dataset/Courtney Cox/Courtney Cox_12.jpg
Roger Federer,Courtney Cox,,No Face Detected in Test,0.02475905418395996,True,0.4,240x160,70,1,10,../dataset/Courtney Cox/Courtney Cox_59.jpg
Roger Federer,Courtney Cox,,No Face Detected in Test,0.02455878257751465,True,0.4,240x160,70,1,10,../dataset/Courtney Cox/Courtney Cox_56.jpg
Roger Federer,Courtney Cox,,No Face Detected in Test,0.023941755294799805,True,0.4,240x160,70,1,10,../dataset/Courtney Cox/Courtney Cox_2.jpg
Roger Federer,Courtney Cox,,No Face Detected in Test,0.02422785758972168,True,0.4,240x160,70,1,10,../dataset/Courtney Cox/Courtney Cox_26.jpg
Roger Federer,Courtney Cox,,No Match,0.052167654037475586,True,0.4,240x160,70,1,10,../dataset/Courtney Cox/Courtney Cox_47.jpg
Roger Federer,Courtney Cox,,No Face Detected in Test,0.03495478630065918,True,0.4,240x160,70,1,10,../dataset/Courtney Cox/Courtney Cox_68.jpg
Roger Federer,Courtney Cox,,No Face Detected in Test,0.024041414260864258,True,0.4,240x160,70,1,10,../dataset/Courtney Cox/Courtney Cox_41.jpg
Roger Federer,Courtney Cox,,No Match,0.28079843521118164,True,0.4,240x160,70,1,10,
Roger Federer,Dwayne Johnson,Dwayne Johnson,Incorrect Match,0.053060293197631836,True,0.4,240x160,70,1,10,../dataset/Dwayne Johnson/Dwayne Johnson_13.jpg
Roger Federer,Ellen Degeneres,,No Match,0.05597949028015137,True,0.4,240x160,70,1,10,../dataset/Ellen Degeneres/Ellen Degeneres_35.jpg
Roger Federer,Ellen Degeneres,,No Match,0.06534576416015625,True,0.4,240x160,70,1,10,../dataset/Ellen Degeneres/Ellen Degeneres_30.jpg
Roger Federer,Ellen Degeneres,,No Match,0.07075262069702148,True,0.4,240x160,70,1,10,../dataset/Ellen Degeneres/Ellen Degeneres_63.jpg
Roger Federer,Ellen Degeneres,,No Match,0.052100181579589844,True,0.4,240x160,70,1,10,../dataset/Ellen Degeneres/Ellen Degeneres_48.jpg
Roger Federer,Ellen Degeneres,,No Face Detected in Test,0.035032033920288086,True,0.4,240x160,70,1,10,../dataset/Ellen Degeneres/Ellen Degeneres_51.jpg
Roger Federer,Ellen Degeneres,,No Face Detected in Test,0.03511524200439453,True,0.4,240x160,70,1,10,../dataset/Ellen Degeneres/Ellen Degeneres_69.jpg
Roger Federer,Ellen Degeneres,,No Face Detected in Test,0.024332284927368164,True,0.4,240x160,70,1,10,../dataset/Ellen Degeneres/Ellen Degeneres_36.jpg
Roger Federer,Ellen Degeneres,Ellen Degeneres,Incorrect Match,0.053200721740722656,True,0.4,240x160,70,1,10,../dataset/Ellen Degeneres/Ellen Degeneres_59.jpg
Roger Federer,Hrithik Roshan,,No Face Detected in Test,0.02419447898864746,True,0.4,240x160,70,1,10,../dataset/Hrithik Roshan/Hrithik Roshan_27.jpg
Roger Federer,Hrithik Roshan,,No Match,0.05403566360473633,True,0.4,240x160,70,1,10,../dataset/Hrithik Roshan/Hrithik Roshan_78.jpg
Roger Federer,Hrithik Roshan,,No Match,0.06705570220947266,True,0.4,240x160,70,1,10,../dataset/Hrithik Roshan/Hrithik Roshan_67.jpg
Roger Federer,Hrithik Roshan,,No Match,0.07168912887573242,True,0.4,240x160,70,1,10,../dataset/Hrithik Roshan/Hrithik Roshan_26.jpg
Roger Federer,Hrithik Roshan,,No Match,0.06467223167419434,True,0.4,240x160,70,1,10,../dataset/Hrithik Roshan/Hrithik Roshan_36.jpg
Roger Federer,Hrithik Roshan,,No Match,0.06696701049804688,True,0.4,240x160,70,1,10,../dataset/Hrithik Roshan/Hrithik Roshan_17.jpg
Roger Federer,Hrithik Roshan,,No Face Detected in Test,0.03472542762756348,True,0.4,240x160,70,1,10,../dataset/Hrithik Roshan/Hrithik Roshan_1.jpg
Roger Federer,Hrithik Roshan,,No Face Detected in Test,0.03151416778564453,True,0.4,240x160,70,1,10,../dataset/Hrithik Roshan/Hrithik Roshan_69.jpg
Roger Federer,Hrithik Roshan,,No Match,0.052765607833862305,True,0.4,240x160,70,1,10,../dataset/Hrithik Roshan/Hrithik Roshan_47.jpg
Roger Federer,Hrithik Roshan,,No Face Detected in Test,0.034664154052734375,True,0.4,240x160,70,1,10,../dataset/Hrithik Roshan/Hrithik Roshan_75.jpg
Roger Federer,Hrithik Roshan,,No Match,0.5022835731506348,True,0.4,240x160,70,1,10,
Roger Federer,Roger Federer,Roger Federer,Correct Match,0.05260038375854492,True,0.4,240x160,70,1,10,../dataset/Roger Federer/Roger Federer_65.jpg
Roger Federer,Tom Cruise,,No Match,0.06836318969726562,True,0.4,240x160,70,1,10,../dataset/Tom Cruise/Tom Cruise_7.jpg
Roger Federer,Tom Cruise,,No Match,0.06782770156860352,True,0.4,240x160,70,1,10,../dataset/Tom Cruise/Tom Cruise_35.jpg
Roger Federer,Tom Cruise,,No Face Detected in Test,0.03558635711669922,True,0.4,240x160,70,1,10,../dataset/Tom Cruise/Tom Cruise_1.jpg
Roger Federer,Tom Cruise,,No Match,0.05467367172241211,True,0.4,240x160,70,1,10,../dataset/Tom Cruise/Tom Cruise_24.jpg
Roger Federer,Tom Cruise,,No Face Detected in Test,0.03477644920349121,True,0.4,240x160,70,1,10,../dataset/Tom Cruise/Tom Cruise_18.jpg
Roger Federer,Tom Cruise,,No Face Detected in Test,0.03502964973449707,True,0.4,240x160,70,1,10,../dataset/Tom Cruise/Tom Cruise_14.jpg
Roger Federer,Tom Cruise,,No Match,0.056854248046875,True,0.4,240x160,70,1,10,../dataset/Tom Cruise/Tom Cruise_48.jpg
Roger Federer,Tom Cruise,,No Match,0.0709998607635498,True,0.4,240x160,70,1,10,../dataset/Tom Cruise/Tom Cruise_53.jpg
Roger Federer,Tom Cruise,,No Face Detected in Test,0.03159070014953613,True,0.4,240x160,70,1,10,../dataset/Tom Cruise/Tom Cruise_56.jpg
Roger Federer,Tom Cruise,,No Face Detected in Test,0.023997783660888672,True,0.4,240x160,70,1,10,../dataset/Tom Cruise/Tom Cruise_54.jpg
Roger Federer,Tom Cruise,,No Match,0.47969961166381836,True,0.4,240x160,70,1,10,
Tom Cruise,Andy Samberg,,No Match,0.05191493034362793,True,0.4,240x160,70,1,10,../dataset/Andy Samberg/Andy Samberg_50.jpg
Tom Cruise,Andy Samberg,,No Face Detected in Test,0.03484463691711426,True,0.4,240x160,70,1,10,../dataset/Andy Samberg/Andy Samberg_4.jpg
Tom Cruise,Andy Samberg,,No Match,0.06331372261047363,True,0.4,240x160,70,1,10,../dataset/Andy Samberg/Andy Samberg_24.jpg
Tom Cruise,Andy Samberg,,No Face Detected in Test,0.03464174270629883,True,0.4,240x160,70,1,10,../dataset/Andy Samberg/Andy Samberg_13.jpg
Tom Cruise,Andy Samberg,,No Match,0.08850765228271484,True,0.4,240x160,70,1,10,../dataset/Andy Samberg/Andy Samberg_41.jpg
Tom Cruise,Andy Samberg,,No Match,0.10196304321289062,True,0.4,240x160,70,1,10,../dataset/Andy Samberg/Andy Samberg_57.jpg
Tom Cruise,Andy Samberg,,No Face Detected in Test,0.09225654602050781,True,0.4,240x160,70,1,10,../dataset/Andy Samberg/Andy Samberg_53.jpg
Tom Cruise,Andy Samberg,,No Match,0.07525968551635742,True,0.4,240x160,70,1,10,../dataset/Andy Samberg/Andy Samberg_78.jpg
Tom Cruise,Andy Samberg,,No Match,0.08918547630310059,True,0.4,240x160,70,1,10,../dataset/Andy Samberg/Andy Samberg_59.jpg
Tom Cruise,Andy Samberg,,No Face Detected in Test,0.03465914726257324,True,0.4,240x160,70,1,10,../dataset/Andy Samberg/Andy Samberg_31.jpg
Tom Cruise,Andy Samberg,,No Match,0.6665465831756592,True,0.4,240x160,70,1,10,
Tom Cruise,Anushka Sharma,,No Face Detected in Test,0.024215221405029297,True,0.4,240x160,70,1,10,../dataset/Anushka Sharma/Anushka Sharma_36.jpg
Tom Cruise,Anushka Sharma,,No Match,0.05492544174194336,True,0.4,240x160,70,1,10,../dataset/Anushka Sharma/Anushka Sharma_48.jpg
Tom Cruise,Anushka Sharma,,No Match,0.06419706344604492,True,0.4,240x160,70,1,10,../dataset/Anushka Sharma/Anushka Sharma_27.jpg
Tom Cruise,Anushka Sharma,,No Face Detected in Test,0.03468179702758789,True,0.4,240x160,70,1,10,../dataset/Anushka Sharma/Anushka Sharma_6.jpg
Tom Cruise,Anushka Sharma,,No Face Detected in Test,0.0316624641418457,True,0.4,240x160,70,1,10,../dataset/Anushka Sharma/Anushka Sharma_22.jpg
Tom Cruise,Anushka Sharma,,No Face Detected in Test,0.02498936653137207,True,0.4,240x160,70,1,10,../dataset/Anushka Sharma/Anushka Sharma_14.jpg
Tom Cruise,Anushka Sharma,,No Match,0.051749467849731445,True,0.4,240x160,70,1,10,../dataset/Anushka Sharma/Anushka Sharma_26.jpg
Tom Cruise,Anushka Sharma,,No Match,0.06527972221374512,True,0.4,240x160,70,1,10,../dataset/Anushka Sharma/Anushka Sharma_2.jpg
Tom Cruise,Anushka Sharma,,No Face Detected in Test,0.034909963607788086,True,0.4,240x160,70,1,10,../dataset/Anushka Sharma/Anushka Sharma_63.jpg
Tom Cruise,Anushka Sharma,,No Face Detected in Test,0.03381609916687012,True,0.4,240x160,70,1,10,../dataset/Anushka Sharma/Anushka Sharma_18.jpg
Tom Cruise,Anushka Sharma,,No Match,0.420426607131958,True,0.4,240x160,70,1,10,
Tom Cruise,Billie Eilish,,No Match,0.053250789642333984,True,0.4,240x160,70,1,10,../dataset/Billie Eilish/Billie Eilish_75.jpg
Tom Cruise,Billie Eilish,,No Match,0.06506204605102539,True,0.4,240x160,70,1,10,../dataset/Billie Eilish/Billie Eilish_33.jpg
Tom Cruise,Billie Eilish,,No Match,0.06593728065490723,True,0.4,240x160,70,1,10,../dataset/Billie Eilish/Billie Eilish_61.jpg
Tom Cruise,Billie Eilish,,No Match,0.07029533386230469,True,0.4,240x160,70,1,10,../dataset/Billie Eilish/Billie Eilish_59.jpg
Tom Cruise,Billie Eilish,,No Match,0.0708472728729248,True,0.4,240x160,70,1,10,../dataset/Billie Eilish/Billie Eilish_63.jpg
Tom Cruise,Billie Eilish,,No Match,0.07058882713317871,True,0.4,240x160,70,1,10,../dataset/Billie Eilish/Billie Eilish_39.jpg
Tom Cruise,Billie Eilish,Billie Eilish,Incorrect Match,0.0650031566619873,True,0.4,240x160,70,1,10,../dataset/Billie Eilish/Billie Eilish_30.jpg
Tom Cruise,Camila Cabello,,No Face Detected in Test,0.024014711380004883,True,0.4,240x160,70,1,10,../dataset/Camila Cabello/Camila Cabello_6.jpg
Tom Cruise,Camila Cabello,,No Match,0.06461000442504883,True,0.4,240x160,70,1,10,../dataset/Camila Cabello/Camila Cabello_63.jpg
Tom Cruise,Camila Cabello,,No Match,0.12334656715393066,True,0.4,240x160,70,1,10,../dataset/Camila Cabello/Camila Cabello_46.jpg
Tom Cruise,Camila Cabello,,No Match,0.09298205375671387,True,0.4,240x160,70,1,10,../dataset/Camila Cabello/Camila Cabello_40.jpg
Tom Cruise,Camila Cabello,,No Face Detected in Test,0.03454017639160156,True,0.4,240x160,70,1,10,../dataset/Camila Cabello/Camila Cabello_37.jpg
Tom Cruise,Camila Cabello,,No Match,0.1095128059387207,True,0.4,240x160,70,1,10,../dataset/Camila Cabello/Camila Cabello_17.jpg
Tom Cruise,Camila Cabello,,No Match,0.0680994987487793,True,0.4,240x160,70,1,10,../dataset/Camila Cabello/Camila Cabello_1.jpg
Tom Cruise,Camila Cabello,,No Face Detected in Test,0.034888267517089844,True,0.4,240x160,70,1,10,../dataset/Camila Cabello/Camila Cabello_27.jpg
Tom Cruise,Camila Cabello,,No Face Detected in Test,0.026511430740356445,True,0.4,240x160,70,1,10,../dataset/Camila Cabello/Camila Cabello_39.jpg
Tom Cruise,Camila Cabello,,No Face Detected in Test,0.024827957153320312,True,0.4,240x160,70,1,10,../dataset/Camila Cabello/Camila Cabello_83.jpg
Tom Cruise,Camila Cabello,,No Match,0.6033334732055664,True,0.4,240x160,70,1,10,
Tom Cruise,Courtney Cox,,No Face Detected in Test,0.02447056770324707,True,0.4,240x160,70,1,10,../dataset/Courtney Cox/Courtney Cox_53.jpg
Tom Cruise,Courtney Cox,,No Face Detected in Test,0.030765056610107422,True,0.4,240x160,70,1,10,../dataset/Courtney Cox/Courtney Cox_69.jpg
Tom Cruise,Courtney Cox,,No Match,0.07840371131896973,True,0.4,240x160,70,1,10,../dataset/Courtney Cox/Courtney Cox_42.jpg
Tom Cruise,Courtney Cox,,No Face Detected in Test,0.03433704376220703,True,0.4,240x160,70,1,10,../dataset/Courtney Cox/Courtney Cox_72.jpg
Tom Cruise,Courtney Cox,,No Face Detected in Test,0.03482770919799805,True,0.4,240x160,70,1,10,../dataset/Courtney Cox/Courtney Cox_70.jpg
Tom Cruise,Courtney Cox,,No Face Detected in Test,0.024876117706298828,True,0.4,240x160,70,1,10,../dataset/Courtney Cox/Courtney Cox_25.jpg
Tom Cruise,Courtney Cox,,No Face Detected in Test,0.02502274513244629,True,0.4,240x160,70,1,10,../dataset/Courtney Cox/Courtney Cox_73.jpg
Tom Cruise,Courtney Cox,,No Face Detected in Test,0.0312347412109375,True,0.4,240x160,70,1,10,../dataset/Courtney Cox/Courtney Cox_29.jpg
Tom Cruise,Courtney Cox,,No Face Detected in Test,0.026092529296875,True,0.4,240x160,70,1,10,../dataset/Courtney Cox/Courtney Cox_60.jpg
Tom Cruise,Courtney Cox,Courtney Cox,Incorrect Match,0.05882143974304199,True,0.4,240x160,70,1,10,../dataset/Courtney Cox/Courtney Cox_49.jpg
Tom Cruise,Dwayne Johnson,,No Face Detected in Test,0.025601863861083984,True,0.4,240x160,70,1,10,../dataset/Dwayne Johnson/Dwayne Johnson_8.jpg
Tom Cruise,Dwayne Johnson,,No Match,0.07505917549133301,True,0.4,240x160,70,1,10,../dataset/Dwayne Johnson/Dwayne Johnson_52.jpg
Tom Cruise,Dwayne Johnson,,No Match,0.09677863121032715,True,0.4,240x160,70,1,10,../dataset/Dwayne Johnson/Dwayne Johnson_36.jpg
Tom Cruise,Dwayne Johnson,Dwayne Johnson,Incorrect Match,0.07814860343933105,True,0.4,240x160,70,1,10,../dataset/Dwayne Johnson/Dwayne Johnson_12.jpg
Tom Cruise,Ellen Degeneres,,No Face Detected in Test,0.026803255081176758,True,0.4,240x160,70,1,10,../dataset/Ellen Degeneres/Ellen Degeneres_52.jpg
Tom Cruise,Ellen Degeneres,,No Match,0.05315756797790527,True,0.4,240x160,70,1,10,../dataset/Ellen Degeneres/Ellen Degeneres_21.jpg
Tom Cruise,Ellen Degeneres,,No Face Detected in Test,0.03438401222229004,True,0.4,240x160,70,1,10,../dataset/Ellen Degeneres/Ellen Degeneres_70.jpg
Tom Cruise,Ellen Degeneres,,No Match,0.06034564971923828,True,0.4,240x160,70,1,10,../dataset/Ellen Degeneres/Ellen Degeneres_34.jpg
Tom Cruise,Ellen Degeneres,,No Match,0.07309341430664062,True,0.4,240x160,70,1,10,../dataset/Ellen Degeneres/Ellen Degeneres_39.jpg
Tom Cruise,Ellen Degeneres,,No Match,0.07003641128540039,True,0.4,240x160,70,1,10,../dataset/Ellen Degeneres/Ellen Degeneres_12.jpg
Tom Cruise,Ellen Degeneres,,No Match,0.07847094535827637,True,0.4,240x160,70,1,10,../dataset/Ellen Degeneres/Ellen Degeneres_65.jpg
Tom Cruise,Ellen Degeneres,,No Face Detected in Test,0.03753948211669922,True,0.4,240x160,70,1,10,../dataset/Ellen Degeneres/Ellen Degeneres_69.jpg
Tom Cruise,Ellen Degeneres,,No Face Detected in Test,0.0371248722076416,True,0.4,240x160,70,1,10,../dataset/Ellen Degeneres/Ellen Degeneres_58.jpg
Tom Cruise,Ellen Degeneres,,No Match,0.0544743537902832,True,0.4,240x160,70,1,10,../dataset/Ellen Degeneres/Ellen Degeneres_17.jpg
Tom Cruise,Ellen Degeneres,,No Match,0.5254299640655518,True,0.4,240x160,70,1,10,
Tom Cruise,Hrithik Roshan,,No Match,0.052919864654541016,True,0.4,240x160,70,1,10,../dataset/Hrithik Roshan/Hrithik Roshan_14.jpg
Tom Cruise,Hrithik Roshan,,No Match,0.06767535209655762,True,0.4,240x160,70,1,10,../dataset/Hrithik Roshan/Hrithik Roshan_29.jpg
Tom Cruise,Hrithik Roshan,,No Match,0.12492752075195312,True,0.4,240x160,70,1,10,../dataset/Hrithik Roshan/Hrithik Roshan_3.jpg
Tom Cruise,Hrithik Roshan,,No Match,0.08023452758789062,True,0.4,240x160,70,1,10,../dataset/Hrithik Roshan/Hrithik Roshan_58.jpg
Tom Cruise,Hrithik Roshan,,No Match,0.0957186222076416,True,0.4,240x160,70,1,10,../dataset/Hrithik Roshan/Hrithik Roshan_9.jpg
Tom Cruise,Hrithik Roshan,,No Match,0.07680010795593262,True,0.4,240x160,70,1,10,../dataset/Hrithik Roshan/Hrithik Roshan_53.jpg
Tom Cruise,Hrithik Roshan,,No Match,0.07127881050109863,True,0.4,240x160,70,1,10,../dataset/Hrithik Roshan/Hrithik Roshan_62.jpg
Tom Cruise,Hrithik Roshan,,No Match,0.07651495933532715,True,0.4,240x160,70,1,10,../dataset/Hrithik Roshan/Hrithik Roshan_17.jpg
Tom Cruise,Hrithik Roshan,,No Face Detected in Test,0.03494715690612793,True,0.4,240x160,70,1,10,../dataset/Hrithik Roshan/Hrithik Roshan_5.jpg
Tom Cruise,Hrithik Roshan,,No Face Detected in Test,0.027639150619506836,True,0.4,240x160,70,1,10,../dataset/Hrithik Roshan/Hrithik Roshan_89.jpg
Tom Cruise,Hrithik Roshan,,No Match,0.7086560726165771,True,0.4,240x160,70,1,10,
Tom Cruise,Roger Federer,,No Match,0.06152915954589844,True,0.4,240x160,70,1,10,../dataset/Roger Federer/Roger Federer_41.jpg
Tom Cruise,Roger Federer,,No Face Detected in Test,0.03425240516662598,True,0.4,240x160,70,1,10,../dataset/Roger Federer/Roger Federer_19.jpg
Tom Cruise,Roger Federer,,No Face Detected in Test,0.03406214714050293,True,0.4,240x160,70,1,10,../dataset/Roger Federer/Roger Federer_23.jpg
Tom Cruise,Roger Federer,,No Face Detected in Test,0.024655818939208984,True,0.4,240x160,70,1,10,../dataset/Roger Federer/Roger Federer_58.jpg
Tom Cruise,Roger Federer,,No Match,0.05156373977661133,True,0.4,240x160,70,1,10,../dataset/Roger Federer/Roger Federer_67.jpg
Tom Cruise,Roger Federer,,No Face Detected in Test,0.03580665588378906,True,0.4,240x160,70,1,10,../dataset/Roger Federer/Roger Federer_6.jpg
Tom Cruise,Roger Federer,Roger Federer,Incorrect Match,0.05376315116882324,True,0.4,240x160,70,1,10,../dataset/Roger Federer/Roger Federer_54.jpg
Tom Cruise,Tom Cruise,,No Match,0.05153226852416992,True,0.4,240x160,70,1,10,../dataset/Tom Cruise/Tom Cruise_35.jpg
Tom Cruise,Tom Cruise,,No Face Detected in Test,0.03461813926696777,True,0.4,240x160,70,1,10,../dataset/Tom Cruise/Tom Cruise_38.jpg
Tom Cruise,Tom Cruise,,No Face Detected in Test,0.03445148468017578,True,0.4,240x160,70,1,10,../dataset/Tom Cruise/Tom Cruise_30.jpg
Tom Cruise,Tom Cruise,,No Match,0.05899810791015625,True,0.4,240x160,70,1,10,../dataset/Tom Cruise/Tom Cruise_5.jpg
Tom Cruise,Tom Cruise,,No Match,0.06458806991577148,True,0.4,240x160,70,1,10,../dataset/Tom Cruise/Tom Cruise_8.jpg
Tom Cruise,Tom Cruise,,No Match,0.06308960914611816,True,0.4,240x160,70,1,10,../dataset/Tom Cruise/Tom Cruise_10.jpg
Tom Cruise,Tom Cruise,Tom Cruise,Correct Match,0.07046866416931152,True,0.4,240x160,70,1,10,../dataset/Tom Cruise/Tom Cruise_49.jpg
Andy Samberg,Andy Samberg,,No Match,0.07981181144714355,True,0.4,320x240,70,1,10,../dataset/Andy Samberg/Andy Samberg_37.jpg
Andy Samberg,Andy Samberg,,No Match,0.10335755348205566,True,0.4,320x240,70,1,10,../dataset/Andy Samberg/Andy Samberg_80.jpg
Andy Samberg,Andy Samberg,,No Match,0.10468816757202148,True,0.4,320x240,70,1,10,../dataset/Andy Samberg/Andy Samberg_24.jpg
Andy Samberg,Andy Samberg,,No Match,0.1153402328491211,True,0.4,320x240,70,1,10,../dataset/Andy Samberg/Andy Samberg_70.jpg
Andy Samberg,Andy Samberg,,No Match,0.13420820236206055,True,0.4,320x240,70,1,10,../dataset/Andy Samberg/Andy Samberg_15.jpg
Andy Samberg,Andy Samberg,,No Face Detected in Test,0.06556940078735352,True,0.4,320x240,70,1,10,../dataset/Andy Samberg/Andy Samberg_74.jpg
Andy Samberg,Andy Samberg,,No Face Detected in Test,0.058740854263305664,True,0.4,320x240,70,1,10,../dataset/Andy Samberg/Andy Samberg_91.jpg
Andy Samberg,Andy Samberg,,No Face Detected in Test,0.07715106010437012,True,0.4,320x240,70,1,10,../dataset/Andy Samberg/Andy Samberg_61.jpg
Andy Samberg,Andy Samberg,,No Face Detected in Test,0.06081056594848633,True,0.4,320x240,70,1,10,../dataset/Andy Samberg/Andy Samberg_82.jpg
Andy Samberg,Andy Samberg,,No Match,0.08543276786804199,True,0.4,320x240,70,1,10,../dataset/Andy Samberg/Andy Samberg_41.jpg
Andy Samberg,Andy Samberg,,No Match,0.88511061668396,True,0.4,320x240,70,1,10,
Andy Samberg,Anushka Sharma,,No Face Detected in Test,0.05140495300292969,True,0.4,320x240,70,1,10,../dataset/Anushka Sharma/Anushka Sharma_46.jpg
Andy Samberg,Anushka Sharma,,No Match,0.08003067970275879,True,0.4,320x240,70,1,10,../dataset/Anushka Sharma/Anushka Sharma_12.jpg
Andy Samberg,Anushka Sharma,,No Match,0.10233545303344727,True,0.4,320x240,70,1,10,../dataset/Anushka Sharma/Anushka Sharma_5.jpg
Andy Samberg,Anushka Sharma,,No Face Detected in Test,0.07276630401611328,True,0.4,320x240,70,1,10,../dataset/Anushka Sharma/Anushka Sharma_31.jpg
Andy Samberg,Anushka Sharma,,No Face Detected in Test,0.051641225814819336,True,0.4,320x240,70,1,10,../dataset/Anushka Sharma/Anushka Sharma_14.jpg
Andy Samberg,Anushka Sharma,,No Face Detected in Test,0.05097818374633789,True,0.4,320x240,70,1,10,../dataset/Anushka Sharma/Anushka Sharma_22.jpg
Andy Samberg,Anushka Sharma,,No Face Detected in Test,0.05064272880554199,True,0.4,320x240,70,1,10,../dataset/Anushka Sharma/Anushka Sharma_23.jpg
Andy Samberg,Anushka Sharma,,No Match,0.07836246490478516,True,0.4,320x240,70,1,10,../dataset/Anushka Sharma/Anushka Sharma_21.jpg
Andy Samberg,Anushka Sharma,,No Face Detected in Test,0.07302403450012207,True,0.4,320x240,70,1,10,../dataset/Anushka Sharma/Anushka Sharma_20.jpg
Andy Samberg,Anushka Sharma,,No Match,0.08408069610595703,True,0.4,320x240,70,1,10,../dataset/Anushka Sharma/Anushka Sharma_42.jpg
Andy Samberg,Anushka Sharma,,No Match,0.6952667236328125,True,0.4,320x240,70,1,10,
Andy Samberg,Billie Eilish,,No Match,0.08007264137268066,True,0.4,320x240,70,1,10,../dataset/Billie Eilish/Billie Eilish_47.jpg
Andy Samberg,Billie Eilish,,No Match,0.09114766120910645,True,0.4,320x240,70,1,10,../dataset/Billie Eilish/Billie Eilish_88.jpg
Andy Samberg,Billie Eilish,Billie Eilish,Incorrect Match,0.11061477661132812,True,0.4,320x240,70,1,10,../dataset/Billie Eilish/Billie Eilish_8.jpg
Andy Samberg,Camila Cabello,,No Match,0.0783085823059082,True,0.4,320x240,70,1,10,../dataset/Camila Cabello/Camila Cabello_42.jpg
Andy Samberg,Camila Cabello,,No Match,0.10667562484741211,True,0.4,320x240,70,1,10,../dataset/Camila Cabello/Camila Cabello_60.jpg
Andy Samberg,Camila Cabello,,No Match,0.0807502269744873,True,0.4,320x240,70,1,10,../dataset/Camila Cabello/Camila Cabello_14.jpg
Andy Samberg,Camila Cabello,,No Face Detected in Test,0.06403493881225586,True,0.4,320x240,70,1,10,../dataset/Camila Cabello/Camila Cabello_2.jpg
Andy Samberg,Camila Cabello,,No Face Detected in Test,0.051468849182128906,True,0.4,320x240,70,1,10,../dataset/Camila Cabello/Camila Cabello_33.jpg
Andy Samberg,Camila Cabello,,No Face Detected in Test,0.05119585990905762,True,0.4,320x240,70,1,10,../dataset/Camila Cabello/Camila Cabello_64.jpg
Andy Samberg,Camila Cabello,,No Match,0.08002161979675293,True,0.4,320x240,70,1,10,../dataset/Camila Cabello/Camila Cabello_34.jpg
Andy Samberg,Camila Cabello,,No Match,0.10163044929504395,True,0.4,320x240,70,1,10,../dataset/Camila Cabello/Camila Cabello_79.jpg
Andy Samberg,Camila Cabello,,No Face Detected in Test,0.06112051010131836,True,0.4,320x240,70,1,10,../dataset/Camila Cabello/Camila Cabello_9.jpg
Andy Samberg,Camila Cabello,,No Match,0.09604740142822266,True,0.4,320x240,70,1,10,../dataset/Camila Cabello/Camila Cabello_52.jpg
Andy Samberg,Camila Cabello,,No Match,0.7712540626525879,True,0.4,320x240,70,1,10,
Andy Samberg,Courtney Cox,Courtney Cox,Incorrect Match,0.08075523376464844,True,0.4,320x240,70,1,10,../dataset/Courtney Cox/Courtney Cox_53.jpg
Andy Samberg,Dwayne Johnson,Dwayne Johnson,Incorrect Match,0.08412957191467285,True,0.4,320x240,70,1,10,../dataset/Dwayne Johnson/Dwayne Johnson_22.jpg
Andy Samberg,Ellen Degeneres,,No Match,0.08045649528503418,True,0.4,320x240,70,1,10,../dataset/Ellen Degeneres/Ellen Degeneres_14.jpg
Andy Samberg,Ellen Degeneres,,No Match,0.10624456405639648,True,0.4,320x240,70,1,10,../dataset/Ellen Degeneres/Ellen Degeneres_47.jpg
Andy Samberg,Ellen Degeneres,,No Face Detected in Test,0.07304143905639648,True,0.4,320x240,70,1,10,../dataset/Ellen Degeneres/Ellen Degeneres_54.jpg
Andy Samberg,Ellen Degeneres,,No Match,0.0796658992767334,True,0.4,320x240,70,1,10,../dataset/Ellen Degeneres/Ellen Degeneres_49.jpg
Andy Samberg,Ellen Degeneres,,No Face Detected in Test,0.050545454025268555,True,0.4,320x240,70,1,10,../dataset/Ellen Degeneres/Ellen Degeneres_72.jpg
Andy Samberg,Ellen Degeneres,,No Match,0.07969069480895996,True,0.4,320x240,70,1,10,../dataset/Ellen Degeneres/Ellen Degeneres_35.jpg
Andy Samberg,Ellen Degeneres,,No Face Detected in Test,0.07328128814697266,True,0.4,320x240,70,1,10,../dataset/Ellen Degeneres/Ellen Degeneres_52.jpg
Andy Samberg,Ellen Degeneres,,No Match,0.08213615417480469,True,0.4,320x240,70,1,10,../dataset/Ellen Degeneres/Ellen Degeneres_43.jpg
Andy Samberg,Ellen Degeneres,,No Face Detected in Test,0.07104063034057617,True,0.4,320x240,70,1,10,../dataset/Ellen Degeneres/Ellen Degeneres_36.jpg
Andy Samberg,Ellen Degeneres,Ellen Degeneres,Incorrect Match,0.0821082592010498,True,0.4,320x240,70,1,10,../dataset/Ellen Degeneres/Ellen Degeneres_71.jpg
Andy Samberg,Hrithik Roshan,,No Face Detected in Test,0.05090618133544922,True,0.4,320x240,70,1,10,../dataset/Hrithik Roshan/Hrithik Roshan_48.jpg
Andy Samberg,Hrithik Roshan,,No Match,0.08012080192565918,True,0.4,320x240,70,1,10,../dataset/Hrithik Roshan/Hrithik Roshan_39.jpg
Andy Samberg,Hrithik Roshan,,No Match,0.10684585571289062,True,0.4,320x240,70,1,10,../dataset/Hrithik Roshan/Hrithik Roshan_42.jpg
Andy Samberg,Hrithik Roshan,,No Face Detected in Test,0.0731210708618164,True,0.4,320x240,70,1,10,../dataset/Hrithik Roshan/Hrithik Roshan_47.jpg
Andy Samberg,Hrithik Roshan,,No Match,0.08446168899536133,True,0.4,320x240,70,1,10,../dataset/Hrithik Roshan/Hrithik Roshan_15.jpg
Andy Samberg,Hrithik Roshan,,No Match,0.10350370407104492,True,0.4,320x240,70,1,10,../dataset/Hrithik Roshan/Hrithik Roshan_53.jpg
Andy Samberg,Hrithik Roshan,,No Match,0.10511183738708496,True,0.4,320x240,70,1,10,../dataset/Hrithik Roshan/Hrithik Roshan_71.jpg
Andy Samberg,Hrithik Roshan,,No Face Detected in Test,0.07214617729187012,True,0.4,320x240,70,1,10,../dataset/Hrithik Roshan/Hrithik Roshan_37.jpg
Andy Samberg,Hrithik Roshan,,No Match,0.0944063663482666,True,0.4,320x240,70,1,10,../dataset/Hrithik Roshan/Hrithik Roshan_13.jpg
Andy Samberg,Hrithik Roshan,,No Match,0.10333538055419922,True,0.4,320x240,70,1,10,../dataset/Hrithik Roshan/Hrithik Roshan_57.jpg
Andy Samberg,Hrithik Roshan,,No Match,0.8739590644836426,True,0.4,320x240,70,1,10,
Andy Samberg,Roger Federer,,No Face Detected in Test,0.05091047286987305,True,0.4,320x240,70,1,10,../dataset/Roger Federer/Roger Federer_28.jpg
Andy Samberg,Roger Federer,,No Match,0.08036589622497559,True,0.4,320x240,70,1,10,../dataset/Roger Federer/Roger Federer_6.jpg
Andy Samberg,Roger Federer,,No Match,0.13763785362243652,True,0.4,320x240,70,1,10,../dataset/Roger Federer/Roger Federer_43.jpg
Andy Samberg,Roger Federer,Roger Federer,Incorrect Match,0.10149431228637695,True,0.4,320x240,70,1,10,../dataset/Roger Federer/Roger Federer_71.jpg
Andy Samberg,Tom Cruise,,No Face Detected in Test,0.05094647407531738,True,0.4,320x240,70,1,10,../dataset/Tom Cruise/Tom Cruise_3.jpg
Andy Samberg,Tom Cruise,Tom Cruise,Incorrect Match,0.08211278915405273,True,0.4,320x240,70,1,10,../dataset/Tom Cruise/Tom Cruise_21.jpg
Anushka Sharma,Andy Samberg,,No Match,0.07927966117858887,True,0.4,320x240,70,1,10,../dataset/Andy Samberg/Andy Samberg_37.jpg
Anushka Sharma,Andy Samberg,,No Face Detected in Test,0.07238173484802246,True,0.4,320x240,70,1,10,../dataset/Andy Samberg/Andy Samberg_33.jpg
Anushka Sharma,Andy Samberg,,No Match,0.08061790466308594,True,0.4,320x240,70,1,10,../dataset/Andy Samberg/Andy Samberg_23.jpg
Anushka Sharma,Andy Samberg,,No Match,0.09021735191345215,True,0.4,320x240,70,1,10,../dataset/Andy Samberg/Andy Samberg_90.jpg
Anushka Sharma,Andy Samberg,,No Match,0.10532975196838379,True,0.4,320x240,70,1,10,../dataset/Andy Samberg/Andy Samberg_55.jpg
Anushka Sharma,Andy Samberg,,No Face Detected in Test,0.07437729835510254,True,0.4,320x240,70,1,10,../dataset/Andy Samberg/Andy Samberg_10.jpg
Anushka Sharma,Andy Samberg,,No Match,0.0785832405090332,True,0.4,320x240,70,1,10,../dataset/Andy Samberg/Andy Samberg_62.jpg
Anushka Sharma,Andy Samberg,,No Face Detected in Test,0.05203437805175781,True,0.4,320x240,70,1,10,../dataset/Andy Samberg/Andy Samberg_47.jpg
Anushka Sharma,Andy Samberg,,No Face Detected in Test,0.053696393966674805,True,0.4,320x240,70,1,10,../dataset/Andy Samberg/Andy Samberg_36.jpg
Anushka Sharma,Andy Samberg,,No Face Detected in Test,0.05690264701843262,True,0.4,320x240,70,1,10,../dataset/Andy Samberg/Andy Samberg_3.jpg
Anushka Sharma,Andy Samberg,,No Match,0.7434203624725342,True,0.4,320x240,70,1,10,
Anushka Sharma,Anushka Sharma,,No Match,0.07999277114868164,True,0.4,320x240,70,1,10,../dataset/Anushka Sharma/Anushka Sharma_7.jpg
Anushka Sharma,Anushka Sharma,,No Match,0.1009664535522461,True,0.4,320x240,70,1,10,../dataset/Anushka Sharma/Anushka Sharma_54.jpg
Anushka Sharma,Anushka Sharma,,No Match,0.1136326789855957,True,0.4,320x240,70,1,10,../dataset/Anushka Sharma/Anushka Sharma_8.jpg
Anushka Sharma,Anushka Sharma,,No Face Detected in Test,0.0728750228881836,True,0.4,320x240,70,1,10,../dataset/Anushka Sharma/Anushka Sharma_22.jpg
Anushka Sharma,Anushka Sharma,,No Face Detected in Test,0.05101656913757324,True,0.4,320x240,70,1,10,../dataset/Anushka Sharma/Anushka Sharma_18.jpg
Anushka Sharma,Anushka Sharma,,No Match,0.07805752754211426,True,0.4,320x240,70,1,10,../dataset/Anushka Sharma/Anushka Sharma_38.jpg
Anushka Sharma,Anushka Sharma,,No Match,0.10118293762207031,True,0.4,320x240,70,1,10,../dataset/Anushka Sharma/Anushka Sharma_35.jpg
Anushka Sharma,Anushka Sharma,,No Face Detected in Test,0.07270002365112305,True,0.4,320x240,70,1,10,../dataset/Anushka Sharma/Anushka Sharma_14.jpg
Anushka Sharma,Anushka Sharma,,No Match,0.10056900978088379,True,0.4,320x240,70,1,10,../dataset/Anushka Sharma/Anushka Sharma_9.jpg
Anushka Sharma,Anushka Sharma,,No Face Detected in Test,0.07332825660705566,True,0.4,320x240,70,1,10,../dataset/Anushka Sharma/Anushka Sharma_45.jpg
Anushka Sharma,Anushka Sharma,,No Match,0.8443212509155273,True,0.4,320x240,70,1,10,
Anushka Sharma,Billie Eilish,,No Match,0.08034777641296387,True,0.4,320x240,70,1,10,../dataset/Billie Eilish/Billie Eilish_47.jpg
Anushka Sharma,Billie Eilish,,No Face Detected in Test,0.07361555099487305,True,0.4,320x240,70,1,10,../dataset/Billie Eilish/Billie Eilish_77.jpg
Anushka Sharma,Billie Eilish,,No Match,0.07834863662719727,True,0.4,320x240,70,1,10,../dataset/Billie Eilish/Billie Eilish_90.jpg
Anushka Sharma,Billie Eilish,,No Match,0.14321136474609375,True,0.4,320x240,70,1,10,../dataset/Billie Eilish/Billie Eilish_1.jpg
Anushka Sharma,Billie Eilish,,No Match,0.08047366142272949,True,0.4,320x240,70,1,10,../dataset/Billie Eilish/Billie Eilish_29.jpg
Anushka Sharma,Billie Eilish,,No Match,0.10193848609924316,True,0.4,320x240,70,1,10,../dataset/Billie Eilish/Billie Eilish_65.jpg
Anushka Sharma,Billie Eilish,,No Match,0.0878303050994873,True,0.4,320x240,70,1,10,../dataset/Billie Eilish/Billie Eilish_21.jpg
Anushka Sharma,Billie Eilish,,No Match,0.0973362922668457,True,0.4,320x240,70,1,10,../dataset/Billie Eilish/Billie Eilish_17.jpg
Anushka Sharma,Billie Eilish,,No Match,0.08762502670288086,True,0.4,320x240,70,1,10,../dataset/Billie Eilish/Billie Eilish_31.jpg
Anushka Sharma,Billie Eilish,,No Face Detected in Test,0.05580592155456543,True,0.4,320x240,70,1,10,../dataset/Billie Eilish/Billie Eilish_92.jpg
Anushka Sharma,Billie Eilish,,No Match,0.8865330219268799,True,0.4,320x240,70,1,10,
Anushka Sharma,Camila Cabello,,No Match,0.05498218536376953,True,0.4,320x240,70,1,10,../dataset/Camila Cabello/Camila Cabello_51.jpg
Anushka Sharma,Camila Cabello,Camila Cabello,Incorrect Match,0.08466458320617676,True,0.4,320x240,70,1,10,../dataset/Camila Cabello/Camila Cabello_17.jpg
Anushka Sharma,Courtney Cox,,No Face Detected in Test,0.039206743240356445,True,0.4,320x240,70,1,10,../dataset/Courtney Cox/Courtney Cox_41.jpg
Anushka Sharma,Courtney Cox,,No Face Detected in Test,0.03828763961791992,True,0.4,320x240,70,1,10,../dataset/Courtney Cox/Courtney Cox_43.jpg
Anushka Sharma,Courtney Cox,,No Face Detected in Test,0.037282705307006836,True,0.4,320x240,70,1,10,../dataset/Courtney Cox/Courtney Cox_55.jpg
Anushka Sharma,Courtney Cox,,No Face Detected in Test,0.03621959686279297,True,0.4,320x240,70,1,10,../dataset/Courtney Cox/Courtney Cox_44.jpg
Anushka Sharma,Courtney Cox,,No Face Detected in Test,0.03528189659118652,True,0.4,320x240,70,1,10,../dataset/Courtney Cox/Courtney Cox_6.jpg
Anushka Sharma,Courtney Cox,,No Match,0.05430889129638672,True,0.4,320x240,70,1,10,../dataset/Courtney Cox/Courtney Cox_57.jpg
Anushka Sharma,Courtney Cox,,No Face Detected in Test,0.05716204643249512,True,0.4,320x240,70,1,10,../dataset/Courtney Cox/Courtney Cox_33.jpg
Anushka Sharma,Courtney Cox,,No Match,0.06192183494567871,True,0.4,320x240,70,1,10,../dataset/Courtney Cox/Courtney Cox_8.jpg
Anushka Sharma,Courtney Cox,Courtney Cox,Incorrect Match,0.08624744415283203,True,0.4,320x240,70,1,10,../dataset/Courtney Cox/Courtney Cox_40.jpg
Anushka Sharma,Dwayne Johnson,Dwayne Johnson,Incorrect Match,0.06504130363464355,True,0.4,320x240,70,1,10,../dataset/Dwayne Johnson/Dwayne Johnson_44.jpg
Anushka Sharma,Ellen Degeneres,,No Match,0.10319209098815918,True,0.4,320x240,70,1,10,../dataset/Ellen Degeneres/Ellen Degeneres_62.jpg
Anushka Sharma,Ellen Degeneres,,No Match,0.1094980239868164,True,0.4,320x240,70,1,10,../dataset/Ellen Degeneres/Ellen Degeneres_43.jpg
Anushka Sharma,Ellen Degeneres,Ellen Degeneres,Incorrect Match,0.10780668258666992,True,0.4,320x240,70,1,10,../dataset/Ellen Degeneres/Ellen Degeneres_26.jpg
Anushka Sharma,Hrithik Roshan,,No Face Detected in Test,0.05682516098022461,True,0.4,320x240,70,1,10,../dataset/Hrithik Roshan/Hrithik Roshan_84.jpg
Anushka Sharma,Hrithik Roshan,,No Match,0.06857514381408691,True,0.4,320x240,70,1,10,../dataset/Hrithik Roshan/Hrithik Roshan_11.jpg
Anushka Sharma,Hrithik Roshan,,No Match,0.09829521179199219,True,0.4,320x240,70,1,10,../dataset/Hrithik Roshan/Hrithik Roshan_3.jpg
Anushka Sharma,Hrithik Roshan,,No Match,0.10127663612365723,True,0.4,320x240,70,1,10,../dataset/Hrithik Roshan/Hrithik Roshan_82.jpg
Anushka Sharma,Hrithik Roshan,,No Match,0.11038780212402344,True,0.4,320x240,70,1,10,../dataset/Hrithik Roshan/Hrithik Roshan_16.jpg
Anushka Sharma,Hrithik Roshan,,No Match,0.10411906242370605,True,0.4,320x240,70,1,10,../dataset/Hrithik Roshan/Hrithik Roshan_63.jpg
Anushka Sharma,Hrithik Roshan,,No Match,0.12084507942199707,True,0.4,320x240,70,1,10,../dataset/Hrithik Roshan/Hrithik Roshan_25.jpg
Anushka Sharma,Hrithik Roshan,,No Match,0.11879277229309082,True,0.4,320x240,70,1,10,../dataset/Hrithik Roshan/Hrithik Roshan_53.jpg
Anushka Sharma,Hrithik Roshan,,No Match,0.14383959770202637,True,0.4,320x240,70,1,10,../dataset/Hrithik Roshan/Hrithik Roshan_52.jpg
Anushka Sharma,Hrithik Roshan,,No Match,0.1317899227142334,True,0.4,320x240,70,1,10,../dataset/Hrithik Roshan/Hrithik Roshan_89.jpg
Anushka Sharma,Hrithik Roshan,,No Match,1.054746389389038,True,0.4,320x240,70,1,10,
Anushka Sharma,Roger Federer,,No Match,0.07454633712768555,True,0.4,320x240,70,1,10,../dataset/Roger Federer/Roger Federer_18.jpg
Anushka Sharma,Roger Federer,Roger Federer,Incorrect Match,0.0997307300567627,True,0.4,320x240,70,1,10,../dataset/Roger Federer/Roger Federer_71.jpg
Anushka Sharma,Tom Cruise,,No Face Detected in Test,0.042774200439453125,True,0.4,320x240,70,1,10,../dataset/Tom Cruise/Tom Cruise_23.jpg
Anushka Sharma,Tom Cruise,,No Face Detected in Test,0.043221235275268555,True,0.4,320x240,70,1,10,../dataset/Tom Cruise/Tom Cruise_33.jpg
Anushka Sharma,Tom Cruise,,No Match,0.06219005584716797,True,0.4,320x240,70,1,10,../dataset/Tom Cruise/Tom Cruise_50.jpg
Anushka Sharma,Tom Cruise,,No Face Detected in Test,0.06003212928771973,True,0.4,320x240,70,1,10,../dataset/Tom Cruise/Tom Cruise_14.jpg
Anushka Sharma,Tom Cruise,Tom Cruise,Incorrect Match,0.07240724563598633,True,0.4,320x240,70,1,10,../dataset/Tom Cruise/Tom Cruise_49.jpg
Billie Eilish,Andy Samberg,,No Face Detected in Test,0.043363094329833984,True,0.4,320x240,70,1,10,../dataset/Andy Samberg/Andy Samberg_72.jpg
Billie Eilish,Andy Samberg,,No Face Detected in Test,0.042934417724609375,True,0.4,320x240,70,1,10,../dataset/Andy Samberg/Andy Samberg_13.jpg
Billie Eilish,Andy Samberg,,No Match,0.06780123710632324,True,0.4,320x240,70,1,10,../dataset/Andy Samberg/Andy Samberg_60.jpg
Billie Eilish,Andy Samberg,,No Match,0.09319472312927246,True,0.4,320x240,70,1,10,../dataset/Andy Samberg/Andy Samberg_66.jpg
Billie Eilish,Andy Samberg,,No Match,0.10171103477478027,True,0.4,320x240,70,1,10,../dataset/Andy Samberg/Andy Samberg_70.jpg
Billie Eilish,Andy Samberg,,No Match,0.1011962890625,True,0.4,320x240,70,1,10,../dataset/Andy Samberg/Andy Samberg_12.jpg
Billie Eilish,Andy Samberg,,No Match,0.1024022102355957,True,0.4,320x240,70,1,10,../dataset/Andy Samberg/Andy Samberg_14.jpg
Billie Eilish,Andy Samberg,,No Match,0.1083364486694336,True,0.4,320x240,70,1,10,../dataset/Andy Samberg/Andy Samberg_64.jpg
Billie Eilish,Andy Samberg,,No Match,0.08835864067077637,True,0.4,320x240,70,1,10,../dataset/Andy Samberg/Andy Samberg_23.jpg
Billie Eilish,Andy Samberg,,No Match,0.09900832176208496,True,0.4,320x240,70,1,10,../dataset/Andy Samberg/Andy Samberg_11.jpg
Billie Eilish,Andy Samberg,,No Match,0.84830641746521,True,0.4,320x240,70,1,10,
Billie Eilish,Anushka Sharma,,No Face Detected in Test,0.051200151443481445,True,0.4,320x240,70,1,10,../dataset/Anushka Sharma/Anushka Sharma_4.jpg
Billie Eilish,Anushka Sharma,Anushka Sharma,Incorrect Match,0.075714111328125,True,0.4,320x240,70,1,10,../dataset/Anushka Sharma/Anushka Sharma_32.jpg
Billie Eilish,Billie Eilish,,No Match,0.06931781768798828,True,0.4,320x240,70,1,10,../dataset/Billie Eilish/Billie Eilish_60.jpg
Billie Eilish,Billie Eilish,,No Match,0.09620547294616699,True,0.4,320x240,70,1,10,../dataset/Billie Eilish/Billie Eilish_19.jpg
Billie Eilish,Billie Eilish,,No Match,0.10282254219055176,True,0.4,320x240,70,1,10,../dataset/Billie Eilish/Billie Eilish_34.jpg
Billie Eilish,Billie Eilish,,No Match,0.10370302200317383,True,0.4,320x240,70,1,10,../dataset/Billie Eilish/Billie Eilish_51.jpg
Billie Eilish,Billie Eilish,,No Face Detected in Test,0.04635024070739746,True,0.4,320x240,70,1,10,../dataset/Billie Eilish/Billie Eilish_96.jpg
Billie Eilish,Billie Eilish,,No Face Detected in Test,0.0439915657043457,True,0.4,320x240,70,1,10,../dataset/Billie Eilish/Billie Eilish_6.jpg
Billie Eilish,Billie Eilish,,No Match,0.064544677734375,True,0.4,320x240,70,1,10,../dataset/Billie Eilish/Billie Eilish_7.jpg
Billie Eilish,Billie Eilish,,No Face Detected in Test,0.06733345985412598,True,0.4,320x240,70,1,10,../dataset/Billie Eilish/Billie Eilish_3.jpg
Billie Eilish,Billie Eilish,,No Match,0.07069230079650879,True,0.4,320x240,70,1,10,../dataset/Billie Eilish/Billie Eilish_38.jpg
Billie Eilish,Billie Eilish,,No Match,0.09697842597961426,True,0.4,320x240,70,1,10,../dataset/Billie Eilish/Billie Eilish_36.jpg
Billie Eilish,Billie Eilish,,No Match,0.761939525604248,True,0.4,320x240,70,1,10,
Billie Eilish,Camila Cabello,,No Match,0.07939648628234863,True,0.4,320x240,70,1,10,../dataset/Camila Cabello/Camila Cabello_59.jpg
Billie Eilish,Camila Cabello,,No Match,0.0744624137878418,True,0.4,320x240,70,1,10,../dataset/Camila Cabello/Camila Cabello_19.jpg
Billie Eilish,Camila Cabello,,No Face Detected in Test,0.07022762298583984,True,0.4,320x240,70,1,10,../dataset/Camila Cabello/Camila Cabello_58.jpg
Billie Eilish,Camila Cabello,,No Match,0.06390523910522461,True,0.4,320x240,70,1,10,../dataset/Camila Cabello/Camila Cabello_51.jpg
Billie Eilish,Camila Cabello,,No Match,0.08664536476135254,True,0.4,320x240,70,1,10,../dataset/Camila Cabello/Camila Cabello_34.jpg
Billie Eilish,Camila Cabello,,No Match,0.09624528884887695,True,0.4,320x240,70,1,10,../dataset/Camila Cabello/Camila Cabello_75.jpg
Billie Eilish,Camila Cabello,,No Face Detected in Test,0.07502985000610352,True,0.4,320x240,70,1,10,../dataset/Camila Cabello/Camila Cabello_83.jpg
Billie Eilish,Camila Cabello,,No Match,0.07685637474060059,True,0.4,320x240,70,1,10,../dataset/Camila Cabello/Camila Cabello_40.jpg
Billie Eilish,Camila Cabello,,No Face Detected in Test,0.05846977233886719,True,0.4,320x240,70,1,10,../dataset/Camila Cabello/Camila Cabello_61.jpg
Billie Eilish,Camila Cabello,,No Face Detected in Test,0.04629182815551758,True,0.4,320x240,70,1,10,../dataset/Camila Cabello/Camila Cabello_25.jpg
Billie Eilish,Camila Cabello,,No Match,0.7275302410125732,True,0.4,320x240,70,1,10,
Billie Eilish,Courtney Cox,,No Face Detected in Test,0.044943809509277344,True,0.4,320x240,70,1,10,../dataset/Courtney Cox/Courtney Cox_29.jpg
Billie Eilish,Courtney Cox,,No Match,0.08747053146362305,True,0.4,320x240,70,1,10,../dataset/Courtney Cox/Courtney Cox_8.jpg
Billie Eilish,Courtney Cox,,No Match,0.11821866035461426,True,0.4,320x240,70,1,10,../dataset/Courtney Cox/Courtney Cox_34.jpg
Billie Eilish,Courtney Cox,,No Face Detected in Test,0.07596230506896973,True,0.4,320x240,70,1,10,../dataset/Courtney Cox/Courtney Cox_46.jpg
Billie Eilish,Courtney Cox,,No Match,0.09557199478149414,True,0.4,320x240,70,1,10,../dataset/Courtney Cox/Courtney Cox_21.jpg
Billie Eilish,Courtney Cox,,No Match,0.1233530044555664,True,0.4,320x240,70,1,10,../dataset/Courtney Cox/Courtney Cox_51.jpg
Billie Eilish,Courtney Cox,,No Match,0.10741734504699707,True,0.4,320x240,70,1,10,../dataset/Courtney Cox/Courtney Cox_4.jpg
Billie Eilish,Courtney Cox,,No Match,0.15277695655822754,True,0.4,320x240,70,1,10,../dataset/Courtney Cox/Courtney Cox_16.jpg
Billie Eilish,Courtney Cox,,No Face Detected in Test,0.07282161712646484,True,0.4,320x240,70,1,10,../dataset/Courtney Cox/Courtney Cox_32.jpg
Billie Eilish,Courtney Cox,,No Face Detected in Test,0.06529426574707031,True,0.4,320x240,70,1,10,../dataset/Courtney Cox/Courtney Cox_20.jpg
Billie Eilish,Courtney Cox,,No Match,0.9438304901123047,True,0.4,320x240,70,1,10,
Billie Eilish,Dwayne Johnson,Dwayne Johnson,Incorrect Match,0.13244295120239258,True,0.4,320x240,70,1,10,../dataset/Dwayne Johnson/Dwayne Johnson_24.jpg
Billie Eilish,Ellen Degeneres,,No Face Detected in Test,0.06668233871459961,True,0.4,320x240,70,1,10,../dataset/Ellen Degeneres/Ellen Degeneres_57.jpg
Billie Eilish,Ellen Degeneres,Ellen Degeneres,Incorrect Match,0.1289687156677246,True,0.4,320x240,70,1,10,../dataset/Ellen Degeneres/Ellen Degeneres_5.jpg
Billie Eilish,Hrithik Roshan,,No Match,0.07688379287719727,True,0.4,320x240,70,1,10,../dataset/Hrithik Roshan/Hrithik Roshan_70.jpg
Billie Eilish,Hrithik Roshan,,No Match,0.10759210586547852,True,0.4,320x240,70,1,10,../dataset/Hrithik Roshan/Hrithik Roshan_40.jpg
Billie Eilish,Hrithik Roshan,,No Match,0.11149120330810547,True,0.4,320x240,70,1,10,../dataset/Hrithik Roshan/Hrithik Roshan_73.jpg
Billie Eilish,Hrithik Roshan,,No Match,0.10288834571838379,True,0.4,320x240,70,1,10,../dataset/Hrithik Roshan/Hrithik Roshan_71.jpg
Billie Eilish,Hrithik Roshan,,No Match,0.10933709144592285,True,0.4,320x240,70,1,10,../dataset/Hrithik Roshan/Hrithik Roshan_59.jpg
Billie Eilish,Hrithik Roshan,,No Match,0.09095168113708496,True,0.4,320x240,70,1,10,../dataset/Hrithik Roshan/Hrithik Roshan_36.jpg
Billie Eilish,Hrithik Roshan,,No Match,0.11577105522155762,True,0.4,320x240,70,1,10,../dataset/Hrithik Roshan/Hrithik Roshan_63.jpg
Billie Eilish,Hrithik Roshan,,No Match,0.08541393280029297,True,0.4,320x240,70,1,10,../dataset/Hrithik Roshan/Hrithik Roshan_31.jpg
Billie Eilish,Hrithik Roshan,,No Match,0.14681220054626465,True,0.4,320x240,70,1,10,../dataset/Hrithik Roshan/Hrithik Roshan_39.jpg
Billie Eilish,Hrithik Roshan,,No Face Detected in Test,0.07198262214660645,True,0.4,320x240,70,1,10,../dataset/Hrithik Roshan/Hrithik Roshan_37.jpg
Billie Eilish,Hrithik Roshan,,No Match,1.0191240310668945,True,0.4,320x240,70,1,10,
Billie Eilish,Roger Federer,,No Match,0.10860514640808105,True,0.4,320x240,70,1,10,../dataset/Roger Federer/Roger Federer_21.jpg
Billie Eilish,Roger Federer,Roger Federer,Incorrect Match,0.09362435340881348,True,0.4,320x240,70,1,10,../dataset/Roger Federer/Roger Federer_70.jpg
Billie Eilish,Tom Cruise,,No Match,0.08068490028381348,True,0.4,320x240,70,1,10,../dataset/Tom Cruise/Tom Cruise_45.jpg
Billie Eilish,Tom Cruise,,No Face Detected in Test,0.07312822341918945,True,0.4,320x240,70,1,10,../dataset/Tom Cruise/Tom Cruise_33.jpg
Billie Eilish,Tom Cruise,,No Face Detected in Test,0.05086183547973633,True,0.4,320x240,70,1,10,../dataset/Tom Cruise/Tom Cruise_30.jpg
Billie Eilish,Tom Cruise,Tom Cruise,Incorrect Match,0.08011174201965332,True,0.4,320x240,70,1,10,../dataset/Tom Cruise/Tom Cruise_53.jpg
Camila Cabello,Andy Samberg,,No Face Detected in Test,0.04948019981384277,True,0.4,320x240,70,1,10,../dataset/Andy Samberg/Andy Samberg_13.jpg
Camila Cabello,Andy Samberg,,No Face Detected in Test,0.04585433006286621,True,0.4,320x240,70,1,10,../dataset/Andy Samberg/Andy Samberg_36.jpg
Camila Cabello,Andy Samberg,,No Match,0.07185840606689453,True,0.4,320x240,70,1,10,../dataset/Andy Samberg/Andy Samberg_41.jpg
Camila Cabello,Andy Samberg,,No Match,0.09487342834472656,True,0.4,320x240,70,1,10,../dataset/Andy Samberg/Andy Samberg_77.jpg
Camila Cabello,Andy Samberg,,No Face Detected in Test,0.07193779945373535,True,0.4,320x240,70,1,10,../dataset/Andy Samberg/Andy Samberg_87.jpg
Camila Cabello,Andy Samberg,,No Match,0.07218050956726074,True,0.4,320x240,70,1,10,../dataset/Andy Samberg/Andy Samberg_27.jpg
Camila Cabello,Andy Samberg,,No Face Detected in Test,0.07013130187988281,True,0.4,320x240,70,1,10,../dataset/Andy Samberg/Andy Samberg_6.jpg
Camila Cabello,Andy Samberg,,No Match,0.07593202590942383,True,0.4,320x240,70,1,10,../dataset/Andy Samberg/Andy Samberg_64.jpg
Camila Cabello,Andy Samberg,,No Match,0.10137796401977539,True,0.4,320x240,70,1,10,../dataset/Andy Samberg/Andy Samberg_28.jpg
Camila Cabello,Andy Samberg,,No Face Detected in Test,0.07303357124328613,True,0.4,320x240,70,1,10,../dataset/Andy Samberg/Andy Samberg_43.jpg
Camila Cabello,Andy Samberg,,No Match,0.7266595363616943,True,0.4,320x240,70,1,10,
Camila Cabello,Anushka Sharma,,No Face Detected in Test,0.04321789741516113,True,0.4,320x240,70,1,10,../dataset/Anushka Sharma/Anushka Sharma_44.jpg
Camila Cabello,Anushka Sharma,,No Face Detected in Test,0.0415034294128418,True,0.4,320x240,70,1,10,../dataset/Anushka Sharma/Anushka Sharma_49.jpg
Camila Cabello,Anushka Sharma,,No Match,0.11771750450134277,True,0.4,320x240,70,1,10,../dataset/Anushka Sharma/Anushka Sharma_10.jpg
Camila Cabello,Anushka Sharma,,No Face Detected in Test,0.0636301040649414,True,0.4,320x240,70,1,10,../dataset/Anushka Sharma/Anushka Sharma_45.jpg
Camila Cabello,Anushka Sharma,,No Match,0.07265639305114746,True,0.4,320x240,70,1,10,../dataset/Anushka Sharma/Anushka Sharma_57.jpg
Camila Cabello,Anushka Sharma,,No Match,0.09614920616149902,True,0.4,320x240,70,1,10,../dataset/Anushka Sharma/Anushka Sharma_38.jpg
Camila Cabello,Anushka Sharma,,No Face Detected in Test,0.07226252555847168,True,0.4,320x240,70,1,10,../dataset/Anushka Sharma/Anushka Sharma_30.jpg
Camila Cabello,Anushka Sharma,,No Match,0.0766744613647461,True,0.4,320x240,70,1,10,../dataset/Anushka Sharma/Anushka Sharma_47.jpg
Camila Cabello,Anushka Sharma,,No Match,0.10007929801940918,True,0.4,320x240,70,1,10,../dataset/Anushka Sharma/Anushka Sharma_27.jpg
Camila Cabello,Anushka Sharma,,No Face Detected in Test,0.0730583667755127,True,0.4,320x240,70,1,10,../dataset/Anushka Sharma/Anushka Sharma_59.jpg
Camila Cabello,Anushka Sharma,,No Match,0.7569491863250732,True,0.4,320x240,70,1,10,
Camila Cabello,Billie Eilish,,No Match,0.06697273254394531,True,0.4,320x240,70,1,10,../dataset/Billie Eilish/Billie Eilish_19.jpg
Camila Cabello,Billie Eilish,Billie Eilish,Incorrect Match,0.09484338760375977,True,0.4,320x240,70,1,10,../dataset/Billie Eilish/Billie Eilish_8.jpg
Camila Cabello,Camila Cabello,,No Match,0.06322383880615234,True,0.4,320x240,70,1,10,../dataset/Camila Cabello/Camila Cabello_14.jpg
Camila Cabello,Camila Cabello,,No Face Detected in Test,0.044513702392578125,True,0.4,320x240,70,1,10,../dataset/Camila Cabello/Camila Cabello_11.jpg
Camila Cabello,Camila Cabello,,No Face Detected in Test,0.047782182693481445,True,0.4,320x240,70,1,10,../dataset/Camila Cabello/Camila Cabello_84.jpg
Camila Cabello,Camila Cabello,,No Match,0.06715559959411621,True,0.4,320x240,70,1,10,../dataset/Camila Cabello/Camila Cabello_80.jpg
Camila Cabello,Camila Cabello,,No Face Detected in Test,0.05382490158081055,True,0.4,320x240,70,1,10,../dataset/Camila Cabello/Camila Cabello_12.jpg
Camila Cabello,Camila Cabello,,No Face Detected in Test,0.04053521156311035,True,0.4,320x240,70,1,10,../dataset/Camila Cabello/Camila Cabello_8.jpg
Camila Cabello,Camila Cabello,,No Face Detected in Test,0.03862285614013672,True,0.4,320x240,70,1,10,../dataset/Camila Cabello/Camila Cabello_20.jpg
Camila Cabello,Camila Cabello,Camila Cabello,Correct Match,0.0598759651184082,True,0.4,320x240,70,1,10,../dataset/Camila Cabello/Camila Cabello_43.jpg
Camila Cabello,Courtney Cox,,No Face Detected in Test,0.04613947868347168,True,0.4,320x240,70,1,10,../dataset/Courtney Cox/Courtney Cox_32.jpg
Camila Cabello,Courtney Cox,,No Face Detected in Test,0.04405045509338379,True,0.4,320x240,70,1,10,../dataset/Courtney Cox/Courtney Cox_61.jpg
Camila Cabello,Courtney Cox,,No Face Detected in Test,0.04243302345275879,True,0.4,320x240,70,1,10,../dataset/Courtney Cox/Courtney Cox_12.jpg
Camila Cabello,Courtney Cox,Courtney Cox,Incorrect Match,0.06744241714477539,True,0.4,320x240,70,1,10,../dataset/Courtney Cox/Courtney Cox_62.jpg
Camila Cabello,Dwayne Johnson,,No Face Detected in Test,0.04257798194885254,True,0.4,320x240,70,1,10,../dataset/Dwayne Johnson/Dwayne Johnson_26.jpg
Camila Cabello,Dwayne Johnson,,No Match,0.06294727325439453,True,0.4,320x240,70,1,10,../dataset/Dwayne Johnson/Dwayne Johnson_57.jpg
Camila Cabello,Dwayne Johnson,Dwayne Johnson,Incorrect Match,0.09782528877258301,True,0.4,320x240,70,1,10,../dataset/Dwayne Johnson/Dwayne Johnson_60.jpg
Camila Cabello,Ellen Degeneres,,No Face Detected in Test,0.0443263053894043,True,0.4,320x240,70,1,10,../dataset/Ellen Degeneres/Ellen Degeneres_25.jpg
Camila Cabello,Ellen Degeneres,,No Match,0.07039713859558105,True,0.4,320x240,70,1,10,../dataset/Ellen Degeneres/Ellen Degeneres_17.jpg
Camila Cabello,Ellen Degeneres,Ellen Degeneres,Incorrect Match,0.09294462203979492,True,0.4,320x240,70,1,10,../dataset/Ellen Degeneres/Ellen Degeneres_3.jpg
Camila Cabello,Hrithik Roshan,,No Match,0.06904029846191406,True,0.4,320x240,70,1,10,../dataset/Hrithik Roshan/Hrithik Roshan_14.jpg
Camila Cabello,Hrithik Roshan,,No Match,0.1056060791015625,True,0.4,320x240,70,1,10,../dataset/Hrithik Roshan/Hrithik Roshan_7.jpg
Camila Cabello,Hrithik Roshan,,No Match,0.10758614540100098,True,0.4,320x240,70,1,10,../dataset/Hrithik Roshan/Hrithik Roshan_2.jpg
Camila Cabello,Hrithik Roshan,,No Match,0.08976149559020996,True,0.4,320x240,70,1,10,../dataset/Hrithik Roshan/Hrithik Roshan_36.jpg
Camila Cabello,Hrithik Roshan,,No Match,0.10138392448425293,True,0.4,320x240,70,1,10,../dataset/Hrithik Roshan/Hrithik Roshan_44.jpg
Camila Cabello,Hrithik Roshan,,No Match,0.10255551338195801,True,0.4,320x240,70,1,10,../dataset/Hrithik Roshan/Hrithik Roshan_90.jpg
Camila Cabello,Hrithik Roshan,,No Match,0.1038198471069336,True,0.4,320x240,70,1,10,../dataset/Hrithik Roshan/Hrithik Roshan_11.jpg
Camila Cabello,Hrithik Roshan,,No Face Detected in Test,0.07322859764099121,True,0.4,320x240,70,1,10,../dataset/Hrithik Roshan/Hrithik Roshan_79.jpg
Camila Cabello,Hrithik Roshan,,No Match,0.07880496978759766,True,0.4,320x240,70,1,10,../dataset/Hrithik Roshan/Hrithik Roshan_54.jpg
Camila Cabello,Hrithik Roshan,,No Match,0.09524059295654297,True,0.4,320x240,70,1,10,../dataset/Hrithik Roshan/Hrithik Roshan_15.jpg
Camila Cabello,Hrithik Roshan,,No Match,0.9270274639129639,True,0.4,320x240,70,1,10,
Camila Cabello,Roger Federer,Roger Federer,Incorrect Match,0.07787036895751953,True,0.4,320x240,70,1,10,../dataset/Roger Federer/Roger Federer_13.jpg
Camila Cabello,Tom Cruise,,No Match,0.08565592765808105,True,0.4,320x240,70,1,10,../dataset/Tom Cruise/Tom Cruise_52.jpg
Camila Cabello,Tom Cruise,,No Match,0.10300636291503906,True,0.4,320x240,70,1,10,../dataset/Tom Cruise/Tom Cruise_46.jpg
Camila Cabello,Tom Cruise,,No Match,0.10285639762878418,True,0.4,320x240,70,1,10,../dataset/Tom Cruise/Tom Cruise_12.jpg
Camila Cabello,Tom Cruise,,No Match,0.10519170761108398,True,0.4,320x240,70,1,10,../dataset/Tom Cruise/Tom Cruise_5.jpg
Camila Cabello,Tom Cruise,,No Match,0.07748627662658691,True,0.4,320x240,70,1,10,../dataset/Tom Cruise/Tom Cruise_34.jpg
Camila Cabello,Tom Cruise,,No Match,0.0988764762878418,True,0.4,320x240,70,1,10,../dataset/Tom Cruise/Tom Cruise_50.jpg
Camila Cabello,Tom Cruise,,No Match,0.08584952354431152,True,0.4,320x240,70,1,10,../dataset/Tom Cruise/Tom Cruise_10.jpg
Camila Cabello,Tom Cruise,,No Face Detected in Test,0.06538057327270508,True,0.4,320x240,70,1,10,../dataset/Tom Cruise/Tom Cruise_1.jpg
Camila Cabello,Tom Cruise,,No Match,0.08633899688720703,True,0.4,320x240,70,1,10,../dataset/Tom Cruise/Tom Cruise_7.jpg
Camila Cabello,Tom Cruise,,No Face Detected in Test,0.0734109878540039,True,0.4,320x240,70,1,10,../dataset/Tom Cruise/Tom Cruise_27.jpg
Camila Cabello,Tom Cruise,,No Match,0.8840532302856445,True,0.4,320x240,70,1,10,
Courtney Cox,Andy Samberg,,No Match,0.06977415084838867,True,0.4,320x240,70,1,10,../dataset/Andy Samberg/Andy Samberg_59.jpg
Courtney Cox,Andy Samberg,,No Face Detected in Test,0.06720948219299316,True,0.4,320x240,70,1,10,../dataset/Andy Samberg/Andy Samberg_3.jpg
Courtney Cox,Andy Samberg,,No Face Detected in Test,0.0464627742767334,True,0.4,320x240,70,1,10,../dataset/Andy Samberg/Andy Samberg_91.jpg
Courtney Cox,Andy Samberg,,No Match,0.06782722473144531,True,0.4,320x240,70,1,10,../dataset/Andy Samberg/Andy Samberg_41.jpg
Courtney Cox,Andy Samberg,,No Face Detected in Test,0.0444791316986084,True,0.4,320x240,70,1,10,../dataset/Andy Samberg/Andy Samberg_68.jpg
Courtney Cox,Andy Samberg,,No Face Detected in Test,0.0447077751159668,True,0.4,320x240,70,1,10,../dataset/Andy Samberg/Andy Samberg_54.jpg
Courtney Cox,Andy Samberg,,No Match,0.07194662094116211,True,0.4,320x240,70,1,10,../dataset/Andy Samberg/Andy Samberg_69.jpg
Courtney Cox,Andy Samberg,,No Match,0.10849285125732422,True,0.4,320x240,70,1,10,../dataset/Andy Samberg/Andy Samberg_76.jpg
Courtney Cox,Andy Samberg,,No Match,0.12229514122009277,True,0.4,320x240,70,1,10,../dataset/Andy Samberg/Andy Samberg_89.jpg
Courtney Cox,Andy Samberg,,No Face Detected in Test,0.07325053215026855,True,0.4,320x240,70,1,10,../dataset/Andy Samberg/Andy Samberg_19.jpg
Courtney Cox,Andy Samberg,,No Match,0.7164456844329834,True,0.4,320x240,70,1,10,
Courtney Cox,Anushka Sharma,,No Face Detected in Test,0.04493522644042969,True,0.4,320x240,70,1,10,../dataset/Anushka Sharma/Anushka Sharma_63.jpg
Courtney Cox,Anushka Sharma,,No Match,0.07050728797912598,True,0.4,320x240,70,1,10,../dataset/Anushka Sharma/Anushka Sharma_28.jpg
Courtney Cox,Anushka Sharma,,No Match,0.08907938003540039,True,0.4,320x240,70,1,10,../dataset/Anushka Sharma/Anushka Sharma_10.jpg
Courtney Cox,Anushka Sharma,,No Match,0.09916448593139648,True,0.4,320x240,70,1,10,../dataset/Anushka Sharma/Anushka Sharma_3.jpg
Courtney Cox,Anushka Sharma,,No Match,0.10355901718139648,True,0.4,320x240,70,1,10,../dataset/Anushka Sharma/Anushka Sharma_37.jpg
Courtney Cox,Anushka Sharma,,No Face Detected in Test,0.07319951057434082,True,0.4,320x240,70,1,10,../dataset/Anushka Sharma/Anushka Sharma_14.jpg
Courtney Cox,Anushka Sharma,,No Face Detected in Test,0.05053901672363281,True,0.4,320x240,70,1,10,../dataset/Anushka Sharma/Anushka Sharma_46.jpg
Courtney Cox,Anushka Sharma,,No Match,0.0742945671081543,True,0.4,320x240,70,1,10,../dataset/Anushka Sharma/Anushka Sharma_43.jpg
Courtney Cox,Anushka Sharma,,No Match,0.08874011039733887,True,0.4,320x240,70,1,10,../dataset/Anushka Sharma/Anushka Sharma_8.jpg
Courtney Cox,Anushka Sharma,,No Face Detected in Test,0.07324790954589844,True,0.4,320x240,70,1,10,../dataset/Anushka Sharma/Anushka Sharma_17.jpg
Courtney Cox,Anushka Sharma,,No Match,0.7672665119171143,True,0.4,320x240,70,1,10,
Courtney Cox,Billie Eilish,,No Match,0.06562042236328125,True,0.4,320x240,70,1,10,../dataset/Billie Eilish/Billie Eilish_19.jpg
Courtney Cox,Billie Eilish,,No Match,0.09216499328613281,True,0.4,320x240,70,1,10,../dataset/Billie Eilish/Billie Eilish_47.jpg
Courtney Cox,Billie Eilish,,No Match,0.09913301467895508,True,0.4,320x240,70,1,10,../dataset/Billie Eilish/Billie Eilish_44.jpg
Courtney Cox,Billie Eilish,,No Match,0.10110831260681152,True,0.4,320x240,70,1,10,../dataset/Billie Eilish/Billie Eilish_54.jpg
Courtney Cox,Billie Eilish,,No Match,0.09439301490783691,True,0.4,320x240,70,1,10,../dataset/Billie Eilish/Billie Eilish_49.jpg
Courtney Cox,Billie Eilish,,No Match,0.07998991012573242,True,0.4,320x240,70,1,10,../dataset/Billie Eilish/Billie Eilish_85.jpg
Courtney Cox,Billie Eilish,,No Face Detected in Test,0.0440826416015625,True,0.4,320x240,70,1,10,../dataset/Billie Eilish/Billie Eilish_80.jpg
Courtney Cox,Billie Eilish,,No Match,0.06661462783813477,True,0.4,320x240,70,1,10,../dataset/Billie Eilish/Billie Eilish_56.jpg
Courtney Cox,Billie Eilish,,No Match,0.09116840362548828,True,0.4,320x240,70,1,10,../dataset/Billie Eilish/Billie Eilish_86.jpg
Courtney Cox,Billie Eilish,,No Face Detected in Test,0.04731464385986328,True,0.4,320x240,70,1,10,../dataset/Billie Eilish/Billie Eilish_40.jpg
Courtney Cox,Billie Eilish,,No Match,0.7815899848937988,True,0.4,320x240,70,1,10,
Courtney Cox,Camila Cabello,,No Match,0.0599207878112793,True,0.4,320x240,70,1,10,../dataset/Camila Cabello/Camila Cabello_52.jpg
Courtney Cox,Camila Cabello,,No Face Detected in Test,0.057823896408081055,True,0.4,320x240,70,1,10,../dataset/Camila Cabello/Camila Cabello_61.jpg
Courtney Cox,Camila Cabello,,No Face Detected in Test,0.04200005531311035,True,0.4,320x240,70,1,10,../dataset/Camila Cabello/Camila Cabello_9.jpg
Courtney Cox,Camila Cabello,,No Match,0.06418371200561523,True,0.4,320x240,70,1,10,../dataset/Camila Cabello/Camila Cabello_59.jpg
Courtney Cox,Camila Cabello,,No Face Detected in Test,0.04460263252258301,True,0.4,320x240,70,1,10,../dataset/Camila Cabello/Camila Cabello_26.jpg
Courtney Cox,Camila Cabello,,No Match,0.06362605094909668,True,0.4,320x240,70,1,10,../dataset/Camila Cabello/Camila Cabello_56.jpg
Courtney Cox,Camila Cabello,Camila Cabello,Incorrect Match,0.11233258247375488,True,0.4,320x240,70,1,10,../dataset/Camila Cabello/Camila Cabello_43.jpg
Courtney Cox,Courtney Cox,,No Match,0.06837749481201172,True,0.4,320x240,70,1,10,../dataset/Courtney Cox/Courtney Cox_15.jpg
Courtney Cox,Courtney Cox,,No Match,0.09407591819763184,True,0.4,320x240,70,1,10,../dataset/Courtney Cox/Courtney Cox_16.jpg
Courtney Cox,Courtney Cox,,No Match,0.10044574737548828,True,0.4,320x240,70,1,10,../dataset/Courtney Cox/Courtney Cox_28.jpg
Courtney Cox,Courtney Cox,,No Match,0.1106412410736084,True,0.4,320x240,70,1,10,../dataset/Courtney Cox/Courtney Cox_78.jpg
Courtney Cox,Courtney Cox,,No Match,0.10801506042480469,True,0.4,320x240,70,1,10,../dataset/Courtney Cox/Courtney Cox_51.jpg
Courtney Cox,Courtney Cox,Courtney Cox,Correct Match,0.10330033302307129,True,0.4,320x240,70,1,10,../dataset/Courtney Cox/Courtney Cox_52.jpg
Courtney Cox,Dwayne Johnson,,No Match,0.1011056900024414,True,0.4,320x240,70,1,10,../dataset/Dwayne Johnson/Dwayne Johnson_37.jpg
Courtney Cox,Dwayne Johnson,,No Match,0.07727861404418945,True,0.4,320x240,70,1,10,../dataset/Dwayne Johnson/Dwayne Johnson_2.jpg
Courtney Cox,Dwayne Johnson,,No Match,0.10396647453308105,True,0.4,320x240,70,1,10,../dataset/Dwayne Johnson/Dwayne Johnson_57.jpg
Courtney Cox,Dwayne Johnson,,No Match,0.11019015312194824,True,0.4,320x240,70,1,10,../dataset/Dwayne Johnson/Dwayne Johnson_14.jpg
Courtney Cox,Dwayne Johnson,Dwayne Johnson,Incorrect Match,0.10231637954711914,True,0.4,320x240,70,1,10,../dataset/Dwayne Johnson/Dwayne Johnson_60.jpg
Courtney Cox,Ellen Degeneres,Ellen Degeneres,Incorrect Match,0.07872748374938965,True,0.4,320x240,70,1,10,../dataset/Ellen Degeneres/Ellen Degeneres_24.jpg
Courtney Cox,Hrithik Roshan,,No Match,0.07586979866027832,True,0.4,320x240,70,1,10,../dataset/Hrithik Roshan/Hrithik Roshan_57.jpg
Courtney Cox,Hrithik Roshan,,No Face Detected in Test,0.06888437271118164,True,0.4,320x240,70,1,10,../dataset/Hrithik Roshan/Hrithik Roshan_99.jpg
Courtney Cox,Hrithik Roshan,,No Match,0.07787966728210449,True,0.4,320x240,70,1,10,../dataset/Hrithik Roshan/Hrithik Roshan_73.jpg
Courtney Cox,Hrithik Roshan,,No Face Detected in Test,0.07072687149047852,True,0.4,320x240,70,1,10,../dataset/Hrithik Roshan/Hrithik Roshan_48.jpg
Courtney Cox,Hrithik Roshan,,No Match,0.0754096508026123,True,0.4,320x240,70,1,10,../dataset/Hrithik Roshan/Hrithik Roshan_42.jpg
Courtney Cox,Hrithik Roshan,,No Match,0.0900416374206543,True,0.4,320x240,70,1,10,../dataset/Hrithik Roshan/Hrithik Roshan_15.jpg
Courtney Cox,Hrithik Roshan,,No Match,0.1036989688873291,True,0.4,320x240,70,1,10,../dataset/Hrithik Roshan/Hrithik Roshan_82.jpg
Courtney Cox,Hrithik Roshan,,No Match,0.10244941711425781,True,0.4,320x240,70,1,10,../dataset/Hrithik Roshan/Hrithik Roshan_94.jpg
Courtney Cox,Hrithik Roshan,,No Face Detected in Test,0.07327103614807129,True,0.4,320x240,70,1,10,../dataset/Hrithik Roshan/Hrithik Roshan_75.jpg
Courtney Cox,Hrithik Roshan,,No Match,0.14223647117614746,True,0.4,320x240,70,1,10,../dataset/Hrithik Roshan/Hrithik Roshan_58.jpg
Courtney Cox,Hrithik Roshan,,No Match,0.8804678916931152,True,0.4,320x240,70,1,10,
Courtney Cox,Roger Federer,,No Match,0.07694482803344727,True,0.4,320x240,70,1,10,../dataset/Roger Federer/Roger Federer_20.jpg
Courtney Cox,Roger Federer,Roger Federer,Incorrect Match,0.10263800621032715,True,0.4,320x240,70,1,10,../dataset/Roger Federer/Roger Federer_33.jpg
Courtney Cox,Tom Cruise,,No Face Detected in Test,0.04622364044189453,True,0.4,320x240,70,1,10,../dataset/Tom Cruise/Tom Cruise_56.jpg
Courtney Cox,Tom Cruise,,No Match,0.06694459915161133,True,0.4,320x240,70,1,10,../dataset/Tom Cruise/Tom Cruise_57.jpg
Courtney Cox,Tom Cruise,,No Face Detected in Test,0.06952857971191406,True,0.4,320x240,70,1,10,../dataset/Tom Cruise/Tom Cruise_42.jpg
Courtney Cox,Tom Cruise,Tom Cruise,Incorrect Match,0.07143878936767578,True,0.4,320x240,70,1,10,../dataset/Tom Cruise/Tom Cruise_25.jpg
Dwayne Johnson,Andy Samberg,,No Match,0.06534409523010254,True,0.4,320x240,70,1,10,../dataset/Andy Samberg/Andy Samberg_34.jpg
Dwayne Johnson,Andy Samberg,,No Match,0.09091925621032715,True,0.4,320x240,70,1,10,../dataset/Andy Samberg/Andy Samberg_20.jpg
Dwayne Johnson,Andy Samberg,,No Face Detected in Test,0.06949472427368164,True,0.4,320x240,70,1,10,../dataset/Andy Samberg/Andy Samberg_75.jpg
Dwayne Johnson,Andy Samberg,,No Match,0.07392716407775879,True,0.4,320x240,70,1,10,../dataset/Andy Samberg/Andy Samberg_15.jpg
Dwayne Johnson,Andy Samberg,,No Match,0.10178780555725098,True,0.4,320x240,70,1,10,../dataset/Andy Samberg/Andy Samberg_85.jpg
Dwayne Johnson,Andy Samberg,,No Match,0.10403990745544434,True,0.4,320x240,70,1,10,../dataset/Andy Samberg/Andy Samberg_44.jpg
Dwayne Johnson,Andy Samberg,,No Face Detected in Test,0.0728604793548584,True,0.4,320x240,70,1,10,../dataset/Andy Samberg/Andy Samberg_4.jpg
Dwayne Johnson,Andy Samberg,,No Face Detected in Test,0.051042795181274414,True,0.4,320x240,70,1,10,../dataset/Andy Samberg/Andy Samberg_36.jpg
Dwayne Johnson,Andy Samberg,,No Match,0.07192492485046387,True,0.4,320x240,70,1,10,../dataset/Andy Samberg/Andy Samberg_23.jpg
Dwayne Johnson,Andy Samberg,,No Face Detected in Test,0.06794428825378418,True,0.4,320x240,70,1,10,../dataset/Andy Samberg/Andy Samberg_72.jpg
Dwayne Johnson,Andy Samberg,,No Match,0.7692854404449463,True,0.4,320x240,70,1,10,
Dwayne Johnson,Anushka Sharma,,No Match,0.06901407241821289,True,0.4,320x240,70,1,10,../dataset/Anushka Sharma/Anushka Sharma_35.jpg
Dwayne Johnson,Anushka Sharma,,No Match,0.09253907203674316,True,0.4,320x240,70,1,10,../dataset/Anushka Sharma/Anushka Sharma_41.jpg
Dwayne Johnson,Anushka Sharma,,No Match,0.12144112586975098,True,0.4,320x240,70,1,10,../dataset/Anushka Sharma/Anushka Sharma_65.jpg
Dwayne Johnson,Anushka Sharma,,No Match,0.1233069896697998,True,0.4,320x240,70,1,10,../dataset/Anushka Sharma/Anushka Sharma_39.jpg
Dwayne Johnson,Anushka Sharma,,No Match,0.12012958526611328,True,0.4,320x240,70,1,10,../dataset/Anushka Sharma/Anushka Sharma_24.jpg
Dwayne Johnson,Anushka Sharma,,No Face Detected in Test,0.0731666088104248,True,0.4,320x240,70,1,10,../dataset/Anushka Sharma/Anushka Sharma_25.jpg
Dwayne Johnson,Anushka Sharma,,No Face Detected in Test,0.05234646797180176,True,0.4,320x240,70,1,10,../dataset/Anushka Sharma/Anushka Sharma_63.jpg
Dwayne Johnson,Anushka Sharma,,No Face Detected in Test,0.05298590660095215,True,0.4,320x240,70,1,10,../dataset/Anushka Sharma/Anushka Sharma_30.jpg
Dwayne Johnson,Anushka Sharma,,No Match,0.07665777206420898,True,0.4,320x240,70,1,10,../dataset/Anushka Sharma/Anushka Sharma_9.jpg
Dwayne Johnson,Anushka Sharma,,No Match,0.10609197616577148,True,0.4,320x240,70,1,10,../dataset/Anushka Sharma/Anushka Sharma_50.jpg
Dwayne Johnson,Anushka Sharma,,No Match,0.8876795768737793,True,0.4,320x240,70,1,10,
Dwayne Johnson,Billie Eilish,,No Face Detected in Test,0.04625725746154785,True,0.4,320x240,70,1,10,../dataset/Billie Eilish/Billie Eilish_15.jpg
Dwayne Johnson,Billie Eilish,,No Match,0.06424093246459961,True,0.4,320x240,70,1,10,../dataset/Billie Eilish/Billie Eilish_85.jpg
Dwayne Johnson,Billie Eilish,,No Match,0.08393335342407227,True,0.4,320x240,70,1,10,../dataset/Billie Eilish/Billie Eilish_31.jpg
Dwayne Johnson,Billie Eilish,,No Face Detected in Test,0.06466341018676758,True,0.4,320x240,70,1,10,../dataset/Billie Eilish/Billie Eilish_2.jpg
Dwayne Johnson,Billie Eilish,,No Match,0.07293486595153809,True,0.4,320x240,70,1,10,../dataset/Billie Eilish/Billie Eilish_39.jpg
Dwayne Johnson,Billie Eilish,,No Match,0.08609223365783691,True,0.4,320x240,70,1,10,../dataset/Billie Eilish/Billie Eilish_1.jpg
Dwayne Johnson,Billie Eilish,,No Match,0.11821770668029785,True,0.4,320x240,70,1,10,../dataset/Billie Eilish/Billie Eilish_78.jpg
Dwayne Johnson,Billie Eilish,,No Match,0.10232686996459961,True,0.4,320x240,70,1,10,../dataset/Billie Eilish/Billie Eilish_27.jpg
Dwayne Johnson,Billie Eilish,,No Match,0.09574604034423828,True,0.4,320x240,70,1,10,../dataset/Billie Eilish/Billie Eilish_90.jpg
Dwayne Johnson,Billie Eilish,,No Match,0.09444713592529297,True,0.4,320x240,70,1,10,../dataset/Billie Eilish/Billie Eilish_13.jpg
Dwayne Johnson,Billie Eilish,,No Match,0.828859806060791,True,0.4,320x240,70,1,10,
Dwayne Johnson,Camila Cabello,,No Match,0.07921838760375977,True,0.4,320x240,70,1,10,../dataset/Camila Cabello/Camila Cabello_40.jpg
Dwayne Johnson,Camila Cabello,,No Face Detected in Test,0.0735635757446289,True,0.4,320x240,70,1,10,../dataset/Camila Cabello/Camila Cabello_30.jpg
Dwayne Johnson,Camila Cabello,,No Match,0.07310819625854492,True,0.4,320x240,70,1,10,../dataset/Camila Cabello/Camila Cabello_38.jpg
Dwayne Johnson,Camila Cabello,,No Face Detected in Test,0.0619046688079834,True,0.4,320x240,70,1,10,../dataset/Camila Cabello/Camila Cabello_85.jpg
Dwayne Johnson,Camila Cabello,,No Match,0.07577753067016602,True,0.4,320x240,70,1,10,../dataset/Camila Cabello/Camila Cabello_65.jpg
Dwayne Johnson,Camila Cabello,,No Face Detected in Test,0.058777809143066406,True,0.4,320x240,70,1,10,../dataset/Camila Cabello/Camila Cabello_4.jpg
Dwayne Johnson,Camila Cabello,Camila Cabello,Incorrect Match,0.07069921493530273,True,0.4,320x240,70,1,10,../dataset/Camila Cabello/Camila Cabello_43.jpg
Dwayne Johnson,Courtney Cox,,No Match,0.06876683235168457,True,0.4,320x240,70,1,10,../dataset/Courtney Cox/Courtney Cox_42.jpg
Dwayne Johnson,Courtney Cox,,No Match,0.0942072868347168,True,0.4,320x240,70,1,10,../dataset/Courtney Cox/Courtney Cox_4.jpg
Dwayne Johnson,Courtney Cox,,No Face Detected in Test,0.0791330337524414,True,0.4,320x240,70,1,10,../dataset/Courtney Cox/Courtney Cox_33.jpg
Dwayne Johnson,Courtney Cox,,No Face Detected in Test,0.0482630729675293,True,0.4,320x240,70,1,10,../dataset/Courtney Cox/Courtney Cox_76.jpg
Dwayne Johnson,Courtney Cox,,No Face Detected in Test,0.04525256156921387,True,0.4,320x240,70,1,10,../dataset/Courtney Cox/Courtney Cox_3.jpg
Dwayne Johnson,Courtney Cox,,No Match,0.07416224479675293,True,0.4,320x240,70,1,10,../dataset/Courtney Cox/Courtney Cox_37.jpg
Dwayne Johnson,Courtney Cox,,No Face Detected in Test,0.061784982681274414,True,0.4,320x240,70,1,10,../dataset/Courtney Cox/Courtney Cox_26.jpg
Dwayne Johnson,Courtney Cox,,No Face Detected in Test,0.04527139663696289,True,0.4,320x240,70,1,10,../dataset/Courtney Cox/Courtney Cox_7.jpg
Dwayne Johnson,Courtney Cox,,No Face Detected in Test,0.042165279388427734,True,0.4,320x240,70,1,10,../dataset/Courtney Cox/Courtney Cox_45.jpg
Dwayne Johnson,Courtney Cox,,No Face Detected in Test,0.04065513610839844,True,0.4,320x240,70,1,10,../dataset/Courtney Cox/Courtney Cox_14.jpg
Dwayne Johnson,Courtney Cox,,No Match,0.5996618270874023,True,0.4,320x240,70,1,10,
Dwayne Johnson,Dwayne Johnson,,No Match,0.0554351806640625,True,0.4,320x240,70,1,10,../dataset/Dwayne Johnson/Dwayne Johnson_35.jpg
Dwayne Johnson,Dwayne Johnson,,No Match,0.07942605018615723,True,0.4,320x240,70,1,10,../dataset/Dwayne Johnson/Dwayne Johnson_10.jpg
Dwayne Johnson,Dwayne Johnson,Dwayne Johnson,Correct Match,0.09580254554748535,True,0.4,320x240,70,1,10,../dataset/Dwayne Johnson/Dwayne Johnson_60.jpg
Dwayne Johnson,Ellen Degeneres,,No Match,0.07642698287963867,True,0.4,320x240,70,1,10,../dataset/Ellen Degeneres/Ellen Degeneres_62.jpg
Dwayne Johnson,Ellen Degeneres,,No Match,0.10685229301452637,True,0.4,320x240,70,1,10,../dataset/Ellen Degeneres/Ellen Degeneres_43.jpg
Dwayne Johnson,Ellen Degeneres,Ellen Degeneres,Incorrect Match,0.15749144554138184,True,0.4,320x240,70,1,10,../dataset/Ellen Degeneres/Ellen Degeneres_64.jpg
Dwayne Johnson,Hrithik Roshan,,No Match,0.10701370239257812,True,0.4,320x240,70,1,10,../dataset/Hrithik Roshan/Hrithik Roshan_61.jpg
Dwayne Johnson,Hrithik Roshan,,No Face Detected in Test,0.07356667518615723,True,0.4,320x240,70,1,10,../dataset/Hrithik Roshan/Hrithik Roshan_37.jpg
Dwayne Johnson,Hrithik Roshan,,No Face Detected in Test,0.051502227783203125,True,0.4,320x240,70,1,10,../dataset/Hrithik Roshan/Hrithik Roshan_97.jpg
Dwayne Johnson,Hrithik Roshan,,No Match,0.08083057403564453,True,0.4,320x240,70,1,10,../dataset/Hrithik Roshan/Hrithik Roshan_57.jpg
Dwayne Johnson,Hrithik Roshan,,No Match,0.10381674766540527,True,0.4,320x240,70,1,10,../dataset/Hrithik Roshan/Hrithik Roshan_72.jpg
Dwayne Johnson,Hrithik Roshan,,No Match,0.14387941360473633,True,0.4,320x240,70,1,10,../dataset/Hrithik Roshan/Hrithik Roshan_16.jpg
Dwayne Johnson,Hrithik Roshan,,No Match,0.10256576538085938,True,0.4,320x240,70,1,10,../dataset/Hrithik Roshan/Hrithik Roshan_62.jpg
Dwayne Johnson,Hrithik Roshan,,No Match,0.10241270065307617,True,0.4,320x240,70,1,10,../dataset/Hrithik Roshan/Hrithik Roshan_81.jpg
Dwayne Johnson,Hrithik Roshan,,No Match,0.10602903366088867,True,0.4,320x240,70,1,10,../dataset/Hrithik Roshan/Hrithik Roshan_1.jpg
Dwayne Johnson,Hrithik Roshan,,No Match,0.09409666061401367,True,0.4,320x240,70,1,10,../dataset/Hrithik Roshan/Hrithik Roshan_89.jpg
Dwayne Johnson,Hrithik Roshan,,No Match,0.9657135009765625,True,0.4,320x240,70,1,10,
Dwayne Johnson,Roger Federer,,No Match,0.08644366264343262,True,0.4,320x240,70,1,10,../dataset/Roger Federer/Roger Federer_12.jpg
Dwayne Johnson,Roger Federer,,No Face Detected in Test,0.07128715515136719,True,0.4,320x240,70,1,10,../dataset/Roger Federer/Roger Federer_59.jpg
Dwayne Johnson,Roger Federer,,No Match,0.07788944244384766,True,0.4,320x240,70,1,10,../dataset/Roger Federer/Roger Federer_37.jpg
Dwayne Johnson,Roger Federer,Roger Federer,Incorrect Match,0.07924580574035645,True,0.4,320x240,70,1,10,../dataset/Roger Federer/Roger Federer_10.jpg
Dwayne Johnson,Tom Cruise,,No Match,0.08047056198120117,True,0.4,320x240,70,1,10,../dataset/Tom Cruise/Tom Cruise_24.jpg
Dwayne Johnson,Tom Cruise,,No Face Detected in Test,0.07421445846557617,True,0.4,320x240,70,1,10,../dataset/Tom Cruise/Tom Cruise_33.jpg
Dwayne Johnson,Tom Cruise,,No Match,0.09020113945007324,True,0.4,320x240,70,1,10,../dataset/Tom Cruise/Tom Cruise_10.jpg
Dwayne Johnson,Tom Cruise,Tom Cruise,Incorrect Match,0.1273791790008545,True,0.4,320x240,70,1,10,../dataset/Tom Cruise/Tom Cruise_53.jpg
Ellen Degeneres,Andy Samberg,,No Match,0.0829315185546875,True,0.4,320x240,70,1,10,../dataset/Andy Samberg/Andy Samberg_76.jpg
Ellen Degeneres,Andy Samberg,,No Face Detected in Test,0.07374405860900879,True,0.4,320x240,70,1,10,../dataset/Andy Samberg/Andy Samberg_8.jpg
Ellen Degeneres,Andy Samberg,,No Match,0.10468912124633789,True,0.4,320x240,70,1,10,../dataset/Andy Samberg/Andy Samberg_69.jpg
Ellen Degeneres,Andy Samberg,,No Match,0.12286829948425293,True,0.4,320x240,70,1,10,../dataset/Andy Samberg/Andy Samberg_1.jpg
Ellen Degeneres,Andy Samberg,,No Face Detected in Test,0.08550572395324707,True,0.4,320x240,70,1,10,../dataset/Andy Samberg/Andy Samberg_79.jpg
Ellen Degeneres,Andy Samberg,,No Match,0.0928335189819336,True,0.4,320x240,70,1,10,../dataset/Andy Samberg/Andy Samberg_37.jpg
Ellen Degeneres,Andy Samberg,,No Face Detected in Test,0.06132793426513672,True,0.4,320x240,70,1,10,../dataset/Andy Samberg/Andy Samberg_38.jpg
Ellen Degeneres,Andy Samberg,,No Match,0.08549833297729492,True,0.4,320x240,70,1,10,../dataset/Andy Samberg/Andy Samberg_56.jpg
Ellen Degeneres,Andy Samberg,,No Face Detected in Test,0.07281994819641113,True,0.4,320x240,70,1,10,../dataset/Andy Samberg/Andy Samberg_39.jpg
Ellen Degeneres,Andy Samberg,,No Match,0.12732243537902832,True,0.4,320x240,70,1,10,../dataset/Andy Samberg/Andy Samberg_26.jpg
Ellen Degeneres,Andy Samberg,,No Match,0.9095408916473389,True,0.4,320x240,70,1,10,
Ellen Degeneres,Anushka Sharma,,No Match,0.07819962501525879,True,0.4,320x240,70,1,10,../dataset/Anushka Sharma/Anushka Sharma_19.jpg
Ellen Degeneres,Anushka Sharma,,No Match,0.10989499092102051,True,0.4,320x240,70,1,10,../dataset/Anushka Sharma/Anushka Sharma_7.jpg
Ellen Degeneres,Anushka Sharma,,No Match,0.12069106101989746,True,0.4,320x240,70,1,10,../dataset/Anushka Sharma/Anushka Sharma_40.jpg
Ellen Degeneres,Anushka Sharma,,No Match,0.1188204288482666,True,0.4,320x240,70,1,10,../dataset/Anushka Sharma/Anushka Sharma_29.jpg
Ellen Degeneres,Anushka Sharma,,No Match,0.1360936164855957,True,0.4,320x240,70,1,10,../dataset/Anushka Sharma/Anushka Sharma_51.jpg
Ellen Degeneres,Anushka Sharma,,No Match,0.11343908309936523,True,0.4,320x240,70,1,10,../dataset/Anushka Sharma/Anushka Sharma_55.jpg
Ellen Degeneres,Anushka Sharma,,No Face Detected in Test,0.08283638954162598,True,0.4,320x240,70,1,10,../dataset/Anushka Sharma/Anushka Sharma_59.jpg
Ellen Degeneres,Anushka Sharma,,No Face Detected in Test,0.06360983848571777,True,0.4,320x240,70,1,10,../dataset/Anushka Sharma/Anushka Sharma_45.jpg
Ellen Degeneres,Anushka Sharma,,No Face Detected in Test,0.05194664001464844,True,0.4,320x240,70,1,10,../dataset/Anushka Sharma/Anushka Sharma_4.jpg
Ellen Degeneres,Anushka Sharma,,No Match,0.08038449287414551,True,0.4,320x240,70,1,10,../dataset/Anushka Sharma/Anushka Sharma_64.jpg
Ellen Degeneres,Anushka Sharma,,No Match,0.955916166305542,True,0.4,320x240,70,1,10,
Ellen Degeneres,Billie Eilish,,No Match,0.08119893074035645,True,0.4,320x240,70,1,10,../dataset/Billie Eilish/Billie Eilish_57.jpg
Ellen Degeneres,Billie Eilish,,No Match,0.14919424057006836,True,0.4,320x240,70,1,10,../dataset/Billie Eilish/Billie Eilish_47.jpg
Ellen Degeneres,Billie Eilish,,No Face Detected in Test,0.05224418640136719,True,0.4,320x240,70,1,10,../dataset/Billie Eilish/Billie Eilish_40.jpg
Ellen Degeneres,Billie Eilish,,No Face Detected in Test,0.0515742301940918,True,0.4,320x240,70,1,10,../dataset/Billie Eilish/Billie Eilish_73.jpg
Ellen Degeneres,Billie Eilish,,No Match,0.07953143119812012,True,0.4,320x240,70,1,10,../dataset/Billie Eilish/Billie Eilish_67.jpg
Ellen Degeneres,Billie Eilish,,No Match,0.09572196006774902,True,0.4,320x240,70,1,10,../dataset/Billie Eilish/Billie Eilish_19.jpg
Ellen Degeneres,Billie Eilish,,No Face Detected in Test,0.07240915298461914,True,0.4,320x240,70,1,10,../dataset/Billie Eilish/Billie Eilish_3.jpg
Ellen Degeneres,Billie Eilish,,No Match,0.08043670654296875,True,0.4,320x240,70,1,10,../dataset/Billie Eilish/Billie Eilish_13.jpg
Ellen Degeneres,Billie Eilish,Billie Eilish,Incorrect Match,0.10207819938659668,True,0.4,320x240,70,1,10,../dataset/Billie Eilish/Billie Eilish_82.jpg
Ellen Degeneres,Camila Cabello,,No Face Detected in Test,0.05157279968261719,True,0.4,320x240,70,1,10,../dataset/Camila Cabello/Camila Cabello_73.jpg
Ellen Degeneres,Camila Cabello,,No Face Detected in Test,0.0506291389465332,True,0.4,320x240,70,1,10,../dataset/Camila Cabello/Camila Cabello_5.jpg
Ellen Degeneres,Camila Cabello,,No Face Detected in Test,0.051199913024902344,True,0.4,320x240,70,1,10,../dataset/Camila Cabello/Camila Cabello_21.jpg
Ellen Degeneres,Camila Cabello,,No Face Detected in Test,0.04796266555786133,True,0.4,320x240,70,1,10,../dataset/Camila Cabello/Camila Cabello_84.jpg
Ellen Degeneres,Camila Cabello,,No Face Detected in Test,0.0449223518371582,True,0.4,320x240,70,1,10,../dataset/Camila Cabello/Camila Cabello_29.jpg
Ellen Degeneres,Camila Cabello,,No Face Detected in Test,0.03535819053649902,True,0.4,320x240,70,1,10,../dataset/Camila Cabello/Camila Cabello_10.jpg
Ellen Degeneres,Camila Cabello,,No Match,0.05475425720214844,True,0.4,320x240,70,1,10,../dataset/Camila Cabello/Camila Cabello_56.jpg
Ellen Degeneres,Camila Cabello,,No Face Detected in Test,0.05679631233215332,True,0.4,320x240,70,1,10,../dataset/Camila Cabello/Camila Cabello_7.jpg
Ellen Degeneres,Camila Cabello,,No Face Detected in Test,0.0419769287109375,True,0.4,320x240,70,1,10,../dataset/Camila Cabello/Camila Cabello_22.jpg
Ellen Degeneres,Camila Cabello,,No Face Detected in Test,0.04090452194213867,True,0.4,320x240,70,1,10,../dataset/Camila Cabello/Camila Cabello_2.jpg
Ellen Degeneres,Camila Cabello,,No Match,0.4760770797729492,True,0.4,320x240,70,1,10,
Ellen Degeneres,Courtney Cox,,No Match,0.06384730339050293,True,0.4,320x240,70,1,10,../dataset/Courtney Cox/Courtney Cox_48.jpg
Ellen Degeneres,Courtney Cox,,No Face Detected in Test,0.053977012634277344,True,0.4,320x240,70,1,10,../dataset/Courtney Cox/Courtney Cox_7.jpg
Ellen Degeneres,Courtney Cox,,No Match,0.06576919555664062,True,0.4,320x240,70,1,10,../dataset/Courtney Cox/Courtney Cox_77.jpg
Ellen Degeneres,Courtney Cox,Courtney Cox,Incorrect Match,0.09031391143798828,True,0.4,320x240,70,1,10,../dataset/Courtney Cox/Courtney Cox_53.jpg
Ellen Degeneres,Dwayne Johnson,Dwayne Johnson,Incorrect Match,0.0624544620513916,True,0.4,320x240,70,1,10,../dataset/Dwayne Johnson/Dwayne Johnson_47.jpg
Ellen Degeneres,Ellen Degeneres,,No Match,0.06658506393432617,True,0.4,320x240,70,1,10,../dataset/Ellen Degeneres/Ellen Degeneres_70.jpg
Ellen Degeneres,Ellen Degeneres,,No Match,0.09248542785644531,True,0.4,320x240,70,1,10,../dataset/Ellen Degeneres/Ellen Degeneres_31.jpg
Ellen Degeneres,Ellen Degeneres,,No Face Detected in Test,0.07014584541320801,True,0.4,320x240,70,1,10,../dataset/Ellen Degeneres/Ellen Degeneres_36.jpg
Ellen Degeneres,Ellen Degeneres,,No Match,0.07324385643005371,True,0.4,320x240,70,1,10,../dataset/Ellen Degeneres/Ellen Degeneres_1.jpg
Ellen Degeneres,Ellen Degeneres,Ellen Degeneres,Correct Match,0.09755301475524902,True,0.4,320x240,70,1,10,../dataset/Ellen Degeneres/Ellen Degeneres_42.jpg
Ellen Degeneres,Hrithik Roshan,,No Match,0.07122993469238281,True,0.4,320x240,70,1,10,../dataset/Hrithik Roshan/Hrithik Roshan_63.jpg
Ellen Degeneres,Hrithik Roshan,,No Face Detected in Test,0.06718564033508301,True,0.4,320x240,70,1,10,../dataset/Hrithik Roshan/Hrithik Roshan_35.jpg
Ellen Degeneres,Hrithik Roshan,,No Match,0.07582855224609375,True,0.4,320x240,70,1,10,../dataset/Hrithik Roshan/Hrithik Roshan_96.jpg
Ellen Degeneres,Hrithik Roshan,,No Match,0.1142277717590332,True,0.4,320x240,70,1,10,../dataset/Hrithik Roshan/Hrithik Roshan_90.jpg
Ellen Degeneres,Hrithik Roshan,,No Match,0.15234684944152832,True,0.4,320x240,70,1,10,../dataset/Hrithik Roshan/Hrithik Roshan_44.jpg
Ellen Degeneres,Hrithik Roshan,,No Face Detected in Test,0.08601951599121094,True,0.4,320x240,70,1,10,../dataset/Hrithik Roshan/Hrithik Roshan_69.jpg
Ellen Degeneres,Hrithik Roshan,,No Match,0.07989263534545898,True,0.4,320x240,70,1,10,../dataset/Hrithik Roshan/Hrithik Roshan_20.jpg
Ellen Degeneres,Hrithik Roshan,,No Match,0.10393023490905762,True,0.4,320x240,70,1,10,../dataset/Hrithik Roshan/Hrithik Roshan_83.jpg
Ellen Degeneres,Hrithik Roshan,,No Face Detected in Test,0.07318305969238281,True,0.4,320x240,70,1,10,../dataset/Hrithik Roshan/Hrithik Roshan_99.jpg
Ellen Degeneres,Hrithik Roshan,,No Match,0.08091115951538086,True,0.4,320x240,70,1,10,../dataset/Hrithik Roshan/Hrithik Roshan_11.jpg
Ellen Degeneres,Hrithik Roshan,,No Match,0.9047553539276123,True,0.4,320x240,70,1,10,
Ellen Degeneres,Roger Federer,,No Match,0.08568477630615234,True,0.4,320x240,70,1,10,../dataset/Roger Federer/Roger Federer_15.jpg
Ellen Degeneres,Roger Federer,Roger Federer,Incorrect Match,0.09700608253479004,True,0.4,320x240,70,1,10,../dataset/Roger Federer/Roger Federer_1.jpg
Ellen Degeneres,Tom Cruise,,No Face Detected in Test,0.04734969139099121,True,0.4,320x240,70,1,10,../dataset/Tom Cruise/Tom Cruise_28.jpg
Ellen Degeneres,Tom Cruise,Tom Cruise,Incorrect Match,0.06892967224121094,True,0.4,320x240,70,1,10,../dataset/Tom Cruise/Tom Cruise_16.jpg
Hrithik Roshan,Andy Samberg,,No Face Detected in Test,0.042289018630981445,True,0.4,320x240,70,1,10,../dataset/Andy Samberg/Andy Samberg_47.jpg
Hrithik Roshan,Andy Samberg,,No Match,0.061600685119628906,True,0.4,320x240,70,1,10,../dataset/Andy Samberg/Andy Samberg_86.jpg
Hrithik Roshan,Andy Samberg,,No Match,0.08839797973632812,True,0.4,320x240,70,1,10,../dataset/Andy Samberg/Andy Samberg_2.jpg
Hrithik Roshan,Andy Samberg,,No Match,0.10148358345031738,True,0.4,320x240,70,1,10,../dataset/Andy Samberg/Andy Samberg_64.jpg
Hrithik Roshan,Andy Samberg,,No Face Detected in Test,0.06219053268432617,True,0.4,320x240,70,1,10,../dataset/Andy Samberg/Andy Samberg_74.jpg
Hrithik Roshan,Andy Samberg,,No Match,0.07868552207946777,True,0.4,320x240,70,1,10,../dataset/Andy Samberg/Andy Samberg_60.jpg
Hrithik Roshan,Andy Samberg,,No Face Detected in Test,0.07015252113342285,True,0.4,320x240,70,1,10,../dataset/Andy Samberg/Andy Samberg_72.jpg
Hrithik Roshan,Andy Samberg,,No Face Detected in Test,0.048798561096191406,True,0.4,320x240,70,1,10,../dataset/Andy Samberg/Andy Samberg_82.jpg
Hrithik Roshan,Andy Samberg,,No Match,0.07111573219299316,True,0.4,320x240,70,1,10,../dataset/Andy Samberg/Andy Samberg_66.jpg
Hrithik Roshan,Andy Samberg,,No Match,0.11168146133422852,True,0.4,320x240,70,1,10,../dataset/Andy Samberg/Andy Samberg_15.jpg
Hrithik Roshan,Andy Samberg,,No Match,0.7363955974578857,True,0.4,320x240,70,1,10,
Hrithik Roshan,Anushka Sharma,,No Face Detected in Test,0.04565000534057617,True,0.4,320x240,70,1,10,../dataset/Anushka Sharma/Anushka Sharma_6.jpg
Hrithik Roshan,Anushka Sharma,,No Face Detected in Test,0.043290138244628906,True,0.4,320x240,70,1,10,../dataset/Anushka Sharma/Anushka Sharma_17.jpg
Hrithik Roshan,Anushka Sharma,,No Face Detected in Test,0.04072308540344238,True,0.4,320x240,70,1,10,../dataset/Anushka Sharma/Anushka Sharma_44.jpg
Hrithik Roshan,Anushka Sharma,,No Match,0.06532931327819824,True,0.4,320x240,70,1,10,../dataset/Anushka Sharma/Anushka Sharma_39.jpg
Hrithik Roshan,Anushka Sharma,,No Match,0.09284257888793945,True,0.4,320x240,70,1,10,../dataset/Anushka Sharma/Anushka Sharma_3.jpg
Hrithik Roshan,Anushka Sharma,,No Face Detected in Test,0.06859135627746582,True,0.4,320x240,70,1,10,../dataset/Anushka Sharma/Anushka Sharma_25.jpg
Hrithik Roshan,Anushka Sharma,,No Match,0.07395601272583008,True,0.4,320x240,70,1,10,../dataset/Anushka Sharma/Anushka Sharma_29.jpg
Hrithik Roshan,Anushka Sharma,,No Match,0.10516095161437988,True,0.4,320x240,70,1,10,../dataset/Anushka Sharma/Anushka Sharma_55.jpg
Hrithik Roshan,Anushka Sharma,,No Match,0.10437130928039551,True,0.4,320x240,70,1,10,../dataset/Anushka Sharma/Anushka Sharma_9.jpg
Hrithik Roshan,Anushka Sharma,,No Match,0.10277128219604492,True,0.4,320x240,70,1,10,../dataset/Anushka Sharma/Anushka Sharma_40.jpg
Hrithik Roshan,Anushka Sharma,,No Match,0.7426860332489014,True,0.4,320x240,70,1,10,
Hrithik Roshan,Billie Eilish,,No Match,0.0761251449584961,True,0.4,320x240,70,1,10,../dataset/Billie Eilish/Billie Eilish_36.jpg
Hrithik Roshan,Billie Eilish,,No Face Detected in Test,0.04439043998718262,True,0.4,320x240,70,1,10,../dataset/Billie Eilish/Billie Eilish_96.jpg
Hrithik Roshan,Billie Eilish,,No Match,0.06543135643005371,True,0.4,320x240,70,1,10,../dataset/Billie Eilish/Billie Eilish_90.jpg
Hrithik Roshan,Billie Eilish,,No Face Detected in Test,0.05678677558898926,True,0.4,320x240,70,1,10,../dataset/Billie Eilish/Billie Eilish_89.jpg
Hrithik Roshan,Billie Eilish,,No Match,0.07135152816772461,True,0.4,320x240,70,1,10,../dataset/Billie Eilish/Billie Eilish_35.jpg
Hrithik Roshan,Billie Eilish,,No Match,0.0827794075012207,True,0.4,320x240,70,1,10,../dataset/Billie Eilish/Billie Eilish_16.jpg
Hrithik Roshan,Billie Eilish,,No Match,0.1015012264251709,True,0.4,320x240,70,1,10,../dataset/Billie Eilish/Billie Eilish_65.jpg
Hrithik Roshan,Billie Eilish,,No Match,0.09694957733154297,True,0.4,320x240,70,1,10,../dataset/Billie Eilish/Billie Eilish_17.jpg
Hrithik Roshan,Billie Eilish,,No Match,0.10394501686096191,True,0.4,320x240,70,1,10,../dataset/Billie Eilish/Billie Eilish_95.jpg
Hrithik Roshan,Billie Eilish,,No Match,0.12273907661437988,True,0.4,320x240,70,1,10,../dataset/Billie Eilish/Billie Eilish_76.jpg
Hrithik Roshan,Billie Eilish,,No Match,0.8219995498657227,True,0.4,320x240,70,1,10,
Hrithik Roshan,Camila Cabello,,No Face Detected in Test,0.05167078971862793,True,0.4,320x240,70,1,10,../dataset/Camila Cabello/Camila Cabello_61.jpg
Hrithik Roshan,Camila Cabello,,No Face Detected in Test,0.05112910270690918,True,0.4,320x240,70,1,10,../dataset/Camila Cabello/Camila Cabello_9.jpg
Hrithik Roshan,Camila Cabello,,No Face Detected in Test,0.04553985595703125,True,0.4,320x240,70,1,10,../dataset/Camila Cabello/Camila Cabello_7.jpg
Hrithik Roshan,Camila Cabello,,No Match,0.06736350059509277,True,0.4,320x240,70,1,10,../dataset/Camila Cabello/Camila Cabello_78.jpg
Hrithik Roshan,Camila Cabello,,No Face Detected in Test,0.06149148941040039,True,0.4,320x240,70,1,10,../dataset/Camila Cabello/Camila Cabello_50.jpg
Hrithik Roshan,Camila Cabello,,No Face Detected in Test,0.03698587417602539,True,0.4,320x240,70,1,10,../dataset/Camila Cabello/Camila Cabello_10.jpg
Hrithik Roshan,Camila Cabello,,No Match,0.05606389045715332,True,0.4,320x240,70,1,10,../dataset/Camila Cabello/Camila Cabello_42.jpg
Hrithik Roshan,Camila Cabello,,No Face Detected in Test,0.057793617248535156,True,0.4,320x240,70,1,10,../dataset/Camila Cabello/Camila Cabello_21.jpg
Hrithik Roshan,Camila Cabello,,No Match,0.07071709632873535,True,0.4,320x240,70,1,10,../dataset/Camila Cabello/Camila Cabello_35.jpg
Hrithik Roshan,Camila Cabello,,No Face Detected in Test,0.05969548225402832,True,0.4,320x240,70,1,10,../dataset/Camila Cabello/Camila Cabello_74.jpg
Hrithik Roshan,Camila Cabello,,No Match,0.5584506988525391,True,0.4,320x240,70,1,10,
Hrithik Roshan,Courtney Cox,,No Match,0.05869698524475098,True,0.4,320x240,70,1,10,../dataset/Courtney Cox/Courtney Cox_8.jpg
Hrithik Roshan,Courtney Cox,,No Face Detected in Test,0.045200347900390625,True,0.4,320x240,70,1,10,../dataset/Courtney Cox/Courtney Cox_60.jpg
Hrithik Roshan,Courtney Cox,,No Face Detected in Test,0.04153323173522949,True,0.4,320x240,70,1,10,../dataset/Courtney Cox/Courtney Cox_14.jpg
Hrithik Roshan,Courtney Cox,,No Match,0.06201577186584473,True,0.4,320x240,70,1,10,../dataset/Courtney Cox/Courtney Cox_17.jpg
Hrithik Roshan,Courtney Cox,Courtney Cox,Incorrect Match,0.09021115303039551,True,0.4,320x240,70,1,10,../dataset/Courtney Cox/Courtney Cox_11.jpg
Hrithik Roshan,Dwayne Johnson,,No Match,0.062320709228515625,True,0.4,320x240,70,1,10,../dataset/Dwayne Johnson/Dwayne Johnson_35.jpg
Hrithik Roshan,Dwayne Johnson,,No Match,0.07285952568054199,True,0.4,320x240,70,1,10,../dataset/Dwayne Johnson/Dwayne Johnson_39.jpg
Hrithik Roshan,Dwayne Johnson,,No Face Detected in Test,0.05872702598571777,True,0.4,320x240,70,1,10,../dataset/Dwayne Johnson/Dwayne Johnson_20.jpg
Hrithik Roshan,Dwayne Johnson,Dwayne Johnson,Incorrect Match,0.07249283790588379,True,0.4,320x240,70,1,10,../dataset/Dwayne Johnson/Dwayne Johnson_4.jpg
Hrithik Roshan,Ellen Degeneres,,No Match,0.06552934646606445,True,0.4,320x240,70,1,10,../dataset/Ellen Degeneres/Ellen Degeneres_48.jpg
Hrithik Roshan,Ellen Degeneres,Ellen Degeneres,Incorrect Match,0.09342265129089355,True,0.4,320x240,70,1,10,../dataset/Ellen Degeneres/Ellen Degeneres_61.jpg
Hrithik Roshan,Hrithik Roshan,,No Match,0.09823250770568848,True,0.4,320x240,70,1,10,../dataset/Hrithik Roshan/Hrithik Roshan_95.jpg
Hrithik Roshan,Hrithik Roshan,,No Match,0.085296630859375,True,0.4,320x240,70,1,10,../dataset/Hrithik Roshan/Hrithik Roshan_36.jpg
Hrithik Roshan,Hrithik Roshan,,No Match,0.10518598556518555,True,0.4,320x240,70,1,10,../dataset/Hrithik Roshan/Hrithik Roshan_51.jpg
Hrithik Roshan,Hrithik Roshan,,No Match,0.10366630554199219,True,0.4,320x240,70,1,10,../dataset/Hrithik Roshan/Hrithik Roshan_89.jpg
Hrithik Roshan,Hrithik Roshan,,No Match,0.10309076309204102,True,0.4,320x240,70,1,10,../dataset/Hrithik Roshan/Hrithik Roshan_8.jpg
Hrithik Roshan,Hrithik Roshan,,No Match,0.1027829647064209,True,0.4,320x240,70,1,10,../dataset/Hrithik Roshan/Hrithik Roshan_91.jpg
Hrithik Roshan,Hrithik Roshan,,No Face Detected in Test,0.07317709922790527,True,0.4,320x240,70,1,10,../dataset/Hrithik Roshan/Hrithik Roshan_35.jpg
Hrithik Roshan,Hrithik Roshan,,No Match,0.08060979843139648,True,0.4,320x240,70,1,10,../dataset/Hrithik Roshan/Hrithik Roshan_83.jpg
Hrithik Roshan,Hrithik Roshan,,No Face Detected in Test,0.07323408126831055,True,0.4,320x240,70,1,10,../dataset/Hrithik Roshan/Hrithik Roshan_84.jpg
Hrithik Roshan,Hrithik Roshan,,No Match,0.09086298942565918,True,0.4,320x240,70,1,10,../dataset/Hrithik Roshan/Hrithik Roshan_80.jpg
Hrithik Roshan,Hrithik Roshan,,No Match,0.9161391258239746,True,0.4,320x240,70,1,10,
Hrithik Roshan,Roger Federer,,No Match,0.07946109771728516,True,0.4,320x240,70,1,10,../dataset/Roger Federer/Roger Federer_29.jpg
Hrithik Roshan,Roger Federer,,No Match,0.10163521766662598,True,0.4,320x240,70,1,10,../dataset/Roger Federer/Roger Federer_35.jpg
Hrithik Roshan,Roger Federer,,No Face Detected in Test,0.05954551696777344,True,0.4,320x240,70,1,10,../dataset/Roger Federer/Roger Federer_55.jpg
Hrithik Roshan,Roger Federer,,No Match,0.07909035682678223,True,0.4,320x240,70,1,10,../dataset/Roger Federer/Roger Federer_9.jpg
Hrithik Roshan,Roger Federer,Roger Federer,Incorrect Match,0.08729887008666992,True,0.4,320x240,70,1,10,../dataset/Roger Federer/Roger Federer_10.jpg
Hrithik Roshan,Tom Cruise,Tom Cruise,Incorrect Match,0.07993006706237793,True,0.4,320x240,70,1,10,../dataset/Tom Cruise/Tom Cruise_17.jpg
Roger Federer,Andy Samberg,,No Match,0.09030580520629883,True,0.4,320x240,70,1,10,../dataset/Andy Samberg/Andy Samberg_63.jpg
Roger Federer,Andy Samberg,,No Face Detected in Test,0.06916069984436035,True,0.4,320x240,70,1,10,../dataset/Andy Samberg/Andy Samberg_39.jpg
Roger Federer,Andy Samberg,,No Match,0.08710169792175293,True,0.4,320x240,70,1,10,../dataset/Andy Samberg/Andy Samberg_51.jpg
Roger Federer,Andy Samberg,,No Face Detected in Test,0.07364296913146973,True,0.4,320x240,70,1,10,../dataset/Andy Samberg/Andy Samberg_87.jpg
Roger Federer,Andy Samberg,,No Match,0.08435416221618652,True,0.4,320x240,70,1,10,../dataset/Andy Samberg/Andy Samberg_50.jpg
Roger Federer,Andy Samberg,,No Match,0.10502481460571289,True,0.4,320x240,70,1,10,../dataset/Andy Samberg/Andy Samberg_80.jpg
Roger Federer,Andy Samberg,,No Match,0.10235023498535156,True,0.4,320x240,70,1,10,../dataset/Andy Samberg/Andy Samberg_85.jpg
Roger Federer,Andy Samberg,,No Face Detected in Test,0.07321977615356445,True,0.4,320x240,70,1,10,../dataset/Andy Samberg/Andy Samberg_91.jpg
Roger Federer,Andy Samberg,,No Face Detected in Test,0.05096125602722168,True,0.4,320x240,70,1,10,../dataset/Andy Samberg/Andy Samberg_13.jpg
Roger Federer,Andy Samberg,,No Match,0.09089493751525879,True,0.4,320x240,70,1,10,../dataset/Andy Samberg/Andy Samberg_56.jpg
Roger Federer,Andy Samberg,,No Match,0.8270163536071777,True,0.4,320x240,70,1,10,
Roger Federer,Anushka Sharma,,No Face Detected in Test,0.06296610832214355,True,0.4,320x240,70,1,10,../dataset/Anushka Sharma/Anushka Sharma_44.jpg
Roger Federer,Anushka Sharma,,No Match,0.07877516746520996,True,0.4,320x240,70,1,10,../dataset/Anushka Sharma/Anushka Sharma_38.jpg
Roger Federer,Anushka Sharma,,No Match,0.10657835006713867,True,0.4,320x240,70,1,10,../dataset/Anushka Sharma/Anushka Sharma_24.jpg
Roger Federer,Anushka Sharma,,No Match,0.10248041152954102,True,0.4,320x240,70,1,10,../dataset/Anushka Sharma/Anushka Sharma_15.jpg
Roger Federer,Anushka Sharma,,No Match,0.10372781753540039,True,0.4,320x240,70,1,10,../dataset/Anushka Sharma/Anushka Sharma_21.jpg
Roger Federer,Anushka Sharma,,No Match,0.10093331336975098,True,0.4,320x240,70,1,10,../dataset/Anushka Sharma/Anushka Sharma_37.jpg
Roger Federer,Anushka Sharma,,No Match,0.10267519950866699,True,0.4,320x240,70,1,10,../dataset/Anushka Sharma/Anushka Sharma_58.jpg
Roger Federer,Anushka Sharma,,No Match,0.1159212589263916,True,0.4,320x240,70,1,10,../dataset/Anushka Sharma/Anushka Sharma_9.jpg
Roger Federer,Anushka Sharma,,No Match,0.10164570808410645,True,0.4,320x240,70,1,10,../dataset/Anushka Sharma/Anushka Sharma_54.jpg
Roger Federer,Anushka Sharma,,No Face Detected in Test,0.07291197776794434,True,0.4,320x240,70,1,10,../dataset/Anushka Sharma/Anushka Sharma_53.jpg
Roger Federer,Anushka Sharma,,No Match,0.948615312576294,True,0.4,320x240,70,1,10,
Roger Federer,Billie Eilish,,No Match,0.08155202865600586,True,0.4,320x240,70,1,10,../dataset/Billie Eilish/Billie Eilish_50.jpg
Roger Federer,Billie Eilish,,No Match,0.1081075668334961,True,0.4,320x240,70,1,10,../dataset/Billie Eilish/Billie Eilish_72.jpg
Roger Federer,Billie Eilish,,No Match,0.10021257400512695,True,0.4,320x240,70,1,10,../dataset/Billie Eilish/Billie Eilish_86.jpg
Roger Federer,Billie Eilish,,No Match,0.10285496711730957,True,0.4,320x240,70,1,10,../dataset/Billie Eilish/Billie Eilish_36.jpg
Roger Federer,Billie Eilish,,No Match,0.08077669143676758,True,0.4,320x240,70,1,10,../dataset/Billie Eilish/Billie Eilish_29.jpg
Roger Federer,Billie Eilish,,No Face Detected in Test,0.0649421215057373,True,0.4,320x240,70,1,10,../dataset/Billie Eilish/Billie Eilish_2.jpg
Roger Federer,Billie Eilish,,No Match,0.07883858680725098,True,0.4,320x240,70,1,10,../dataset/Billie Eilish/Billie Eilish_69.jpg
Roger Federer,Billie Eilish,,No Face Detected in Test,0.07320594787597656,True,0.4,320x240,70,1,10,../dataset/Billie Eilish/Billie Eilish_15.jpg
Roger Federer,Billie Eilish,,No Match,0.08084321022033691,True,0.4,320x240,70,1,10,../dataset/Billie Eilish/Billie Eilish_21.jpg
Roger Federer,Billie Eilish,Billie Eilish,Incorrect Match,0.13864850997924805,True,0.4,320x240,70,1,10,../dataset/Billie Eilish/Billie Eilish_23.jpg
Roger Federer,Camila Cabello,,No Match,0.0845341682434082,True,0.4,320x240,70,1,10,../dataset/Camila Cabello/Camila Cabello_69.jpg
Roger Federer,Camila Cabello,,No Face Detected in Test,0.0726475715637207,True,0.4,320x240,70,1,10,../dataset/Camila Cabello/Camila Cabello_83.jpg
Roger Federer,Camila Cabello,,No Face Detected in Test,0.05016660690307617,True,0.4,320x240,70,1,10,../dataset/Camila Cabello/Camila Cabello_58.jpg
Roger Federer,Camila Cabello,,No Match,0.07582449913024902,True,0.4,320x240,70,1,10,../dataset/Camila Cabello/Camila Cabello_35.jpg
Roger Federer,Camila Cabello,,No Face Detected in Test,0.06821465492248535,True,0.4,320x240,70,1,10,../dataset/Camila Cabello/Camila Cabello_22.jpg
Roger Federer,Camila Cabello,,No Face Detected in Test,0.04819345474243164,True,0.4,320x240,70,1,10,../dataset/Camila Cabello/Camila Cabello_72.jpg
Roger Federer,Camila Cabello,,No Match,0.06908106803894043,True,0.4,320x240,70,1,10,../dataset/Camila Cabello/Camila Cabello_80.jpg
Roger Federer,Camila Cabello,,No Face Detected in Test,0.06469392776489258,True,0.4,320x240,70,1,10,../dataset/Camila Cabello/Camila Cabello_5.jpg
Roger Federer,Camila Cabello,,No Match,0.07249164581298828,True,0.4,320x240,70,1,10,../dataset/Camila Cabello/Camila Cabello_65.jpg
Roger Federer,Camila Cabello,,No Face Detected in Test,0.06929302215576172,True,0.4,320x240,70,1,10,../dataset/Camila Cabello/Camila Cabello_29.jpg
Roger Federer,Camila Cabello,,No Match,0.6751406192779541,True,0.4,320x240,70,1,10,
Roger Federer,Courtney Cox,,No Match,0.07021188735961914,True,0.4,320x240,70,1,10,../dataset/Courtney Cox/Courtney Cox_64.jpg
Roger Federer,Courtney Cox,Courtney Cox,Incorrect Match,0.11808466911315918,True,0.4,320x240,70,1,10,../dataset/Courtney Cox/Courtney Cox_40.jpg
Roger Federer,Dwayne Johnson,Dwayne Johnson,Incorrect Match,0.07715439796447754,True,0.4,320x240,70,1,10,../dataset/Dwayne Johnson/Dwayne Johnson_1.jpg
Roger Federer,Ellen Degeneres,,No Match,0.06397509574890137,True,0.4,320x240,70,1,10,../dataset/Ellen Degeneres/Ellen Degeneres_27.jpg
Roger Federer,Ellen Degeneres,,No Match,0.08841681480407715,True,0.4,320x240,70,1,10,../dataset/Ellen Degeneres/Ellen Degeneres_14.jpg
Roger Federer,Ellen Degeneres,,No Face Detected in Test,0.06821656227111816,True,0.4,320x240,70,1,10,../dataset/Ellen Degeneres/Ellen Degeneres_8.jpg
Roger Federer,Ellen Degeneres,,No Face Detected in Test,0.04746127128601074,True,0.4,320x240,70,1,10,../dataset/Ellen Degeneres/Ellen Degeneres_51.jpg
Roger Federer,Ellen Degeneres,,No Face Detected in Test,0.04446125030517578,True,0.4,320x240,70,1,10,../dataset/Ellen Degeneres/Ellen Degeneres_52.jpg
Roger Federer,Ellen Degeneres,,No Match,0.06595301628112793,True,0.4,320x240,70,1,10,../dataset/Ellen Degeneres/Ellen Degeneres_31.jpg
Roger Federer,Ellen Degeneres,Ellen Degeneres,Incorrect Match,0.09069347381591797,True,0.4,320x240,70,1,10,../dataset/Ellen Degeneres/Ellen Degeneres_2.jpg
Roger Federer,Hrithik Roshan,,No Face Detected in Test,0.04483938217163086,True,0.4,320x240,70,1,10,../dataset/Hrithik Roshan/Hrithik Roshan_75.jpg
Roger Federer,Hrithik Roshan,,No Match,0.06877946853637695,True,0.4,320x240,70,1,10,../dataset/Hrithik Roshan/Hrithik Roshan_73.jpg
Roger Federer,Hrithik Roshan,,No Match,0.13209819793701172,True,0.4,320x240,70,1,10,../dataset/Hrithik Roshan/Hrithik Roshan_95.jpg
Roger Federer,Hrithik Roshan,,No Match,0.10240888595581055,True,0.4,320x240,70,1,10,../dataset/Hrithik Roshan/Hrithik Roshan_21.jpg
Roger Federer,Hrithik Roshan,,No Match,0.10034894943237305,True,0.4,320x240,70,1,10,../dataset/Hrithik Roshan/Hrithik Roshan_76.jpg
Roger Federer,Hrithik Roshan,,No Face Detected in Test,0.07280683517456055,True,0.4,320x240,70,1,10,../dataset/Hrithik Roshan/Hrithik Roshan_5.jpg
Roger Federer,Hrithik Roshan,,No Match,0.0799095630645752,True,0.4,320x240,70,1,10,../dataset/Hrithik Roshan/Hrithik Roshan_98.jpg
Roger Federer,Hrithik Roshan,,No Match,0.10510683059692383,True,0.4,320x240,70,1,10,../dataset/Hrithik Roshan/Hrithik Roshan_66.jpg
Roger Federer,Hrithik Roshan,,No Face Detected in Test,0.07329344749450684,True,0.4,320x240,70,1,10,../dataset/Hrithik Roshan/Hrithik Roshan_37.jpg
Roger Federer,Hrithik Roshan,,No Match,0.08655261993408203,True,0.4,320x240,70,1,10,../dataset/Hrithik Roshan/Hrithik Roshan_53.jpg
Roger Federer,Hrithik Roshan,,No Match,0.8661441802978516,True,0.4,320x240,70,1,10,
Roger Federer,Roger Federer,,No Match,0.07947206497192383,True,0.4,320x240,70,1,10,../dataset/Roger Federer/Roger Federer_49.jpg
Roger Federer,Roger Federer,,No Face Detected in Test,0.0724039077758789,True,0.4,320x240,70,1,10,../dataset/Roger Federer/Roger Federer_56.jpg
Roger Federer,Roger Federer,Roger Federer,Correct Match,0.0674290657043457,True,0.4,320x240,70,1,10,../dataset/Roger Federer/Roger Federer_61.jpg
Roger Federer,Tom Cruise,,No Face Detected in Test,0.04408860206604004,True,0.4,320x240,70,1,10,../dataset/Tom Cruise/Tom Cruise_38.jpg
Roger Federer,Tom Cruise,,No Match,0.06026911735534668,True,0.4,320x240,70,1,10,../dataset/Tom Cruise/Tom Cruise_15.jpg
Roger Federer,Tom Cruise,,No Face Detected in Test,0.063873291015625,True,0.4,320x240,70,1,10,../dataset/Tom Cruise/Tom Cruise_51.jpg
Roger Federer,Tom Cruise,Tom Cruise,Incorrect Match,0.07189702987670898,True,0.4,320x240,70,1,10,../dataset/Tom Cruise/Tom Cruise_49.jpg
Tom Cruise,Andy Samberg,,No Match,0.07348799705505371,True,0.4,320x240,70,1,10,../dataset/Andy Samberg/Andy Samberg_67.jpg
Tom Cruise,Andy Samberg,,No Face Detected in Test,0.0665140151977539,True,0.4,320x240,70,1,10,../dataset/Andy Samberg/Andy Samberg_65.jpg
Tom Cruise,Andy Samberg,,No Face Detected in Test,0.04869341850280762,True,0.4,320x240,70,1,10,../dataset/Andy Samberg/Andy Samberg_19.jpg
Tom Cruise,Andy Samberg,,No Match,0.06972289085388184,True,0.4,320x240,70,1,10,../dataset/Andy Samberg/Andy Samberg_22.jpg
Tom Cruise,Andy Samberg,,No Match,0.09432148933410645,True,0.4,320x240,70,1,10,../dataset/Andy Samberg/Andy Samberg_46.jpg
Tom Cruise,Andy Samberg,,No Match,0.10815739631652832,True,0.4,320x240,70,1,10,../dataset/Andy Samberg/Andy Samberg_5.jpg
Tom Cruise,Andy Samberg,,No Face Detected in Test,0.07722687721252441,True,0.4,320x240,70,1,10,../dataset/Andy Samberg/Andy Samberg_13.jpg
Tom Cruise,Andy Samberg,,No Match,0.08464217185974121,True,0.4,320x240,70,1,10,../dataset/Andy Samberg/Andy Samberg_85.jpg
Tom Cruise,Andy Samberg,,No Face Detected in Test,0.07317829132080078,True,0.4,320x240,70,1,10,../dataset/Andy Samberg/Andy Samberg_10.jpg
Tom Cruise,Andy Samberg,,No Match,0.07290363311767578,True,0.4,320x240,70,1,10,../dataset/Andy Samberg/Andy Samberg_49.jpg
Tom Cruise,Andy Samberg,,No Match,0.768848180770874,True,0.4,320x240,70,1,10,
Tom Cruise,Anushka Sharma,,No Face Detected in Test,0.05436968803405762,True,0.4,320x240,70,1,10,../dataset/Anushka Sharma/Anushka Sharma_56.jpg
Tom Cruise,Anushka Sharma,,No Match,0.10884356498718262,True,0.4,320x240,70,1,10,../dataset/Anushka Sharma/Anushka Sharma_43.jpg
Tom Cruise,Anushka Sharma,,No Match,0.08019280433654785,True,0.4,320x240,70,1,10,../dataset/Anushka Sharma/Anushka Sharma_19.jpg
Tom Cruise,Anushka Sharma,,No Match,0.10239696502685547,True,0.4,320x240,70,1,10,../dataset/Anushka Sharma/Anushka Sharma_29.jpg
Tom Cruise,Anushka Sharma,,No Match,0.10522603988647461,True,0.4,320x240,70,1,10,../dataset/Anushka Sharma/Anushka Sharma_34.jpg
Tom Cruise,Anushka Sharma,Anushka Sharma,Incorrect Match,0.10958409309387207,True,0.4,320x240,70,1,10,../dataset/Anushka Sharma/Anushka Sharma_32.jpg
Tom Cruise,Billie Eilish,Billie Eilish,Incorrect Match,0.0790703296661377,True,0.4,320x240,70,1,10,../dataset/Billie Eilish/Billie Eilish_82.jpg
Tom Cruise,Camila Cabello,,No Face Detected in Test,0.04961419105529785,True,0.4,320x240,70,1,10,../dataset/Camila Cabello/Camila Cabello_84.jpg
Tom Cruise,Camila Cabello,,No Match,0.06846857070922852,True,0.4,320x240,70,1,10,../dataset/Camila Cabello/Camila Cabello_28.jpg
Tom Cruise,Camila Cabello,,No Face Detected in Test,0.06597542762756348,True,0.4,320x240,70,1,10,../dataset/Camila Cabello/Camila Cabello_37.jpg
Tom Cruise,Camila Cabello,,No Face Detected in Test,0.046628475189208984,True,0.4,320x240,70,1,10,../dataset/Camila Cabello/Camila Cabello_21.jpg
Tom Cruise,Camila Cabello,,No Match,0.06815814971923828,True,0.4,320x240,70,1,10,../dataset/Camila Cabello/Camila Cabello_38.jpg
Tom Cruise,Camila Cabello,,No Face Detected in Test,0.05389881134033203,True,0.4,320x240,70,1,10,../dataset/Camila Cabello/Camila Cabello_12.jpg
Tom Cruise,Camila Cabello,,No Face Detected in Test,0.04424929618835449,True,0.4,320x240,70,1,10,../dataset/Camila Cabello/Camila Cabello_30.jpg
Tom Cruise,Camila Cabello,,No Match,0.06671285629272461,True,0.4,320x240,70,1,10,../dataset/Camila Cabello/Camila Cabello_42.jpg
Tom Cruise,Camila Cabello,,No Match,0.09464383125305176,True,0.4,320x240,70,1,10,../dataset/Camila Cabello/Camila Cabello_34.jpg
Tom Cruise,Camila Cabello,,No Match,0.08297276496887207,True,0.4,320x240,70,1,10,../dataset/Camila Cabello/Camila Cabello_1.jpg
Tom Cruise,Camila Cabello,,No Match,0.6413223743438721,True,0.4,320x240,70,1,10,
Tom Cruise,Courtney Cox,,No Face Detected in Test,0.046263694763183594,True,0.4,320x240,70,1,10,../dataset/Courtney Cox/Courtney Cox_20.jpg
Tom Cruise,Courtney Cox,,No Face Detected in Test,0.04457283020019531,True,0.4,320x240,70,1,10,../dataset/Courtney Cox/Courtney Cox_76.jpg
Tom Cruise,Courtney Cox,,No Face Detected in Test,0.042432308197021484,True,0.4,320x240,70,1,10,../dataset/Courtney Cox/Courtney Cox_3.jpg
Tom Cruise,Courtney Cox,,No Match,0.07656598091125488,True,0.4,320x240,70,1,10,../dataset/Courtney Cox/Courtney Cox_50.jpg
Tom Cruise,Courtney Cox,,No Match,0.11419367790222168,True,0.4,320x240,70,1,10,../dataset/Courtney Cox/Courtney Cox_24.jpg
Tom Cruise,Courtney Cox,,No Face Detected in Test,0.06971168518066406,True,0.4,320x240,70,1,10,../dataset/Courtney Cox/Courtney Cox_31.jpg
Tom Cruise,Courtney Cox,,No Face Detected in Test,0.05031847953796387,True,0.4,320x240,70,1,10,../dataset/Courtney Cox/Courtney Cox_26.jpg
Tom Cruise,Courtney Cox,,No Face Detected in Test,0.04987597465515137,True,0.4,320x240,70,1,10,../dataset/Courtney Cox/Courtney Cox_22.jpg
Tom Cruise,Courtney Cox,,No Match,0.12714719772338867,True,0.4,320x240,70,1,10,../dataset/Courtney Cox/Courtney Cox_66.jpg
Tom Cruise,Courtney Cox,,No Face Detected in Test,0.07291078567504883,True,0.4,320x240,70,1,10,../dataset/Courtney Cox/Courtney Cox_12.jpg
Tom Cruise,Courtney Cox,,No Match,0.6939926147460938,True,0.4,320x240,70,1,10,
Tom Cruise,Dwayne Johnson,,No Match,0.08688211441040039,True,0.4,320x240,70,1,10,../dataset/Dwayne Johnson/Dwayne Johnson_54.jpg
Tom Cruise,Dwayne Johnson,Dwayne Johnson,Incorrect Match,0.1374073028564453,True,0.4,320x240,70,1,10,../dataset/Dwayne Johnson/Dwayne Johnson_45.jpg
Tom Cruise,Ellen Degeneres,,No Match,0.11535239219665527,True,0.4,320x240,70,1,10,../dataset/Ellen Degeneres/Ellen Degeneres_9.jpg
Tom Cruise,Ellen Degeneres,Ellen Degeneres,Incorrect Match,0.1394519805908203,True,0.4,320x240,70,1,10,../dataset/Ellen Degeneres/Ellen Degeneres_59.jpg
Tom Cruise,Hrithik Roshan,,No Match,0.10888838768005371,True,0.4,320x240,70,1,10,../dataset/Hrithik Roshan/Hrithik Roshan_87.jpg
Tom Cruise,Hrithik Roshan,,No Face Detected in Test,0.07810068130493164,True,0.4,320x240,70,1,10,../dataset/Hrithik Roshan/Hrithik Roshan_93.jpg
Tom Cruise,Hrithik Roshan,,No Face Detected in Test,0.06361556053161621,True,0.4,320x240,70,1,10,../dataset/Hrithik Roshan/Hrithik Roshan_47.jpg
Tom Cruise,Hrithik Roshan,,No Face Detected in Test,0.0525665283203125,True,0.4,320x240,70,1,10,../dataset/Hrithik Roshan/Hrithik Roshan_69.jpg
Tom Cruise,Hrithik Roshan,,No Face Detected in Test,0.06092071533203125,True,0.4,320x240,70,1,10,../dataset/Hrithik Roshan/Hrithik Roshan_5.jpg
Tom Cruise,Hrithik Roshan,,No Match,0.0902864933013916,True,0.4,320x240,70,1,10,../dataset/Hrithik Roshan/Hrithik Roshan_61.jpg
Tom Cruise,Hrithik Roshan,,No Match,0.11602616310119629,True,0.4,320x240,70,1,10,../dataset/Hrithik Roshan/Hrithik Roshan_56.jpg
Tom Cruise,Hrithik Roshan,,No Match,0.10455560684204102,True,0.4,320x240,70,1,10,../dataset/Hrithik Roshan/Hrithik Roshan_58.jpg
Tom Cruise,Hrithik Roshan,,No Match,0.1082611083984375,True,0.4,320x240,70,1,10,../dataset/Hrithik Roshan/Hrithik Roshan_66.jpg
Tom Cruise,Hrithik Roshan,,No Match,0.1047816276550293,True,0.4,320x240,70,1,10,../dataset/Hrithik Roshan/Hrithik Roshan_90.jpg
Tom Cruise,Hrithik Roshan,,No Match,0.888002872467041,True,0.4,320x240,70,1,10,
Tom Cruise,Roger Federer,,No Face Detected in Test,0.05163693428039551,True,0.4,320x240,70,1,10,../dataset/Roger Federer/Roger Federer_28.jpg
Tom Cruise,Roger Federer,,No Match,0.10690665245056152,True,0.4,320x240,70,1,10,../dataset/Roger Federer/Roger Federer_22.jpg
Tom Cruise,Roger Federer,,No Match,0.10595202445983887,True,0.4,320x240,70,1,10,../dataset/Roger Federer/Roger Federer_69.jpg
Tom Cruise,Roger Federer,,No Match,0.1132974624633789,True,0.4,320x240,70,1,10,../dataset/Roger Federer/Roger Federer_24.jpg
Tom Cruise,Roger Federer,,No Match,0.10561537742614746,True,0.4,320x240,70,1,10,../dataset/Roger Federer/Roger Federer_6.jpg
Tom Cruise,Roger Federer,Roger Federer,Incorrect Match,0.13294339179992676,True,0.4,320x240,70,1,10,../dataset/Roger Federer/Roger Federer_68.jpg
Tom Cruise,Tom Cruise,,No Match,0.0838015079498291,True,0.4,320x240,70,1,10,../dataset/Tom Cruise/Tom Cruise_20.jpg
Tom Cruise,Tom Cruise,,No Match,0.07929539680480957,True,0.4,320x240,70,1,10,../dataset/Tom Cruise/Tom Cruise_19.jpg
Tom Cruise,Tom Cruise,,No Match,0.08368635177612305,True,0.4,320x240,70,1,10,../dataset/Tom Cruise/Tom Cruise_45.jpg
Tom Cruise,Tom Cruise,,No Match,0.1005392074584961,True,0.4,320x240,70,1,10,../dataset/Tom Cruise/Tom Cruise_5.jpg
Tom Cruise,Tom Cruise,,No Face Detected in Test,0.051573753356933594,True,0.4,320x240,70,1,10,../dataset/Tom Cruise/Tom Cruise_23.jpg
Tom Cruise,Tom Cruise,,No Face Detected in Test,0.05485653877258301,True,0.4,320x240,70,1,10,../dataset/Tom Cruise/Tom Cruise_43.jpg
Tom Cruise,Tom Cruise,Tom Cruise,Correct Match,0.07828831672668457,True,0.4,320x240,70,1,10,../dataset/Tom Cruise/Tom Cruise_26.jpg
Andy Samberg,Andy Samberg,,No Match,0.25115418434143066,True,0.4,640x480,70,1,10,../dataset/Andy Samberg/Andy Samberg_70.jpg
Andy Samberg,Andy Samberg,,No Match,0.24762988090515137,True,0.4,640x480,70,1,10,../dataset/Andy Samberg/Andy Samberg_37.jpg
Andy Samberg,Andy Samberg,,No Face Detected in Test,0.19247698783874512,True,0.4,640x480,70,1,10,../dataset/Andy Samberg/Andy Samberg_17.jpg
Andy Samberg,Andy Samberg,,No Match,0.19960546493530273,True,0.4,640x480,70,1,10,../dataset/Andy Samberg/Andy Samberg_89.jpg
Andy Samberg,Andy Samberg,,No Match,0.18063879013061523,True,0.4,640x480,70,1,10,../dataset/Andy Samberg/Andy Samberg_84.jpg
Andy Samberg,Andy Samberg,,No Face Detected in Test,0.18722033500671387,True,0.4,640x480,70,1,10,../dataset/Andy Samberg/Andy Samberg_33.jpg
Andy Samberg,Andy Samberg,,No Face Detected in Test,0.15428996086120605,True,0.4,640x480,70,1,10,../dataset/Andy Samberg/Andy Samberg_60.jpg
Andy Samberg,Andy Samberg,,No Face Detected in Test,0.1441209316253662,True,0.4,640x480,70,1,10,../dataset/Andy Samberg/Andy Samberg_91.jpg
Andy Samberg,Andy Samberg,,No Match,0.16427898406982422,True,0.4,640x480,70,1,10,../dataset/Andy Samberg/Andy Samberg_1.jpg
Andy Samberg,Andy Samberg,,No Match,0.21666860580444336,True,0.4,640x480,70,1,10,../dataset/Andy Samberg/Andy Samberg_77.jpg
Andy Samberg,Andy Samberg,,No Match,1.9380841255187988,True,0.4,640x480,70,1,10,
Andy Samberg,Anushka Sharma,,No Match,0.2102808952331543,True,0.4,640x480,70,1,10,../dataset/Anushka Sharma/Anushka Sharma_43.jpg
Andy Samberg,Anushka Sharma,,No Match,0.22629976272583008,True,0.4,640x480,70,1,10,../dataset/Anushka Sharma/Anushka Sharma_28.jpg
Andy Samberg,Anushka Sharma,,No Face Detected in Test,0.20605087280273438,True,0.4,640x480,70,1,10,../dataset/Anushka Sharma/Anushka Sharma_14.jpg
Andy Samberg,Anushka Sharma,,No Match,0.18750929832458496,True,0.4,640x480,70,1,10,../dataset/Anushka Sharma/Anushka Sharma_7.jpg
Andy Samberg,Anushka Sharma,,No Match,0.2117466926574707,True,0.4,640x480,70,1,10,../dataset/Anushka Sharma/Anushka Sharma_62.jpg
Andy Samberg,Anushka Sharma,,No Match,0.2008821964263916,True,0.4,640x480,70,1,10,../dataset/Anushka Sharma/Anushka Sharma_64.jpg
Andy Samberg,Anushka Sharma,,No Match,0.22597479820251465,True,0.4,640x480,70,1,10,../dataset/Anushka Sharma/Anushka Sharma_48.jpg
Andy Samberg,Anushka Sharma,,No Face Detected in Test,0.19719433784484863,True,0.4,640x480,70,1,10,../dataset/Anushka Sharma/Anushka Sharma_17.jpg
Andy Samberg,Anushka Sharma,,No Face Detected in Test,0.15703415870666504,True,0.4,640x480,70,1,10,../dataset/Anushka Sharma/Anushka Sharma_23.jpg
Andy Samberg,Anushka Sharma,,No Face Detected in Test,0.140716552734375,True,0.4,640x480,70,1,10,../dataset/Anushka Sharma/Anushka Sharma_1.jpg
Andy Samberg,Anushka Sharma,,No Match,1.9636895656585693,True,0.4,640x480,70,1,10,
Andy Samberg,Billie Eilish,,No Match,0.1426680088043213,True,0.4,640x480,70,1,10,../dataset/Billie Eilish/Billie Eilish_94.jpg
Andy Samberg,Billie Eilish,,No Match,0.19577574729919434,True,0.4,640x480,70,1,10,../dataset/Billie Eilish/Billie Eilish_55.jpg
Andy Samberg,Billie Eilish,,No Match,0.30565738677978516,True,0.4,640x480,70,1,10,../dataset/Billie Eilish/Billie Eilish_65.jpg
Andy Samberg,Billie Eilish,,No Face Detected in Test,0.22107219696044922,True,0.4,640x480,70,1,10,../dataset/Billie Eilish/Billie Eilish_77.jpg
Andy Samberg,Billie Eilish,,No Face Detected in Test,0.16673612594604492,True,0.4,640x480,70,1,10,../dataset/Billie Eilish/Billie Eilish_15.jpg
Andy Samberg,Billie Eilish,,No Match,0.1579124927520752,True,0.4,640x480,70,1,10,../dataset/Billie Eilish/Billie Eilish_59.jpg
Andy Samberg,Billie Eilish,,No Match,0.21289539337158203,True,0.4,640x480,70,1,10,../dataset/Billie Eilish/Billie Eilish_39.jpg
Andy Samberg,Billie Eilish,,No Face Detected in Test,0.160400390625,True,0.4,640x480,70,1,10,../dataset/Billie Eilish/Billie Eilish_96.jpg
Andy Samberg,Billie Eilish,,No Match,0.1575927734375,True,0.4,640x480,70,1,10,../dataset/Billie Eilish/Billie Eilish_41.jpg
Andy Samberg,Billie Eilish,,No Face Detected in Test,0.1639392375946045,True,0.4,640x480,70,1,10,../dataset/Billie Eilish/Billie Eilish_92.jpg
Andy Samberg,Billie Eilish,,No Match,1.8846497535705566,True,0.4,640x480,70,1,10,
Andy Samberg,Camila Cabello,,No Face Detected in Test,0.1250019073486328,True,0.4,640x480,70,1,10,../dataset/Camila Cabello/Camila Cabello_15.jpg
Andy Samberg,Camila Cabello,,No Face Detected in Test,0.1317894458770752,True,0.4,640x480,70,1,10,../dataset/Camila Cabello/Camila Cabello_49.jpg
Andy Samberg,Camila Cabello,,No Face Detected in Test,0.12488007545471191,True,0.4,640x480,70,1,10,../dataset/Camila Cabello/Camila Cabello_22.jpg
Andy Samberg,Camila Cabello,,No Match,0.17375922203063965,True,0.4,640x480,70,1,10,../dataset/Camila Cabello/Camila Cabello_71.jpg
Andy Samberg,Camila Cabello,,No Face Detected in Test,0.15260863304138184,True,0.4,640x480,70,1,10,../dataset/Camila Cabello/Camila Cabello_24.jpg
Andy Samberg,Camila Cabello,,No Face Detected in Test,0.137359619140625,True,0.4,640x480,70,1,10,../dataset/Camila Cabello/Camila Cabello_3.jpg
Andy Samberg,Camila Cabello,,No Face Detected in Test,0.13081932067871094,True,0.4,640x480,70,1,10,../dataset/Camila Cabello/Camila Cabello_4.jpg
Andy Samberg,Camila Cabello,,No Face Detected in Test,0.12859272956848145,True,0.4,640x480,70,1,10,../dataset/Camila Cabello/Camila Cabello_27.jpg
Andy Samberg,Camila Cabello,,No Match,0.1504209041595459,True,0.4,640x480,70,1,10,../dataset/Camila Cabello/Camila Cabello_40.jpg
Andy Samberg,Camila Cabello,,No Match,0.19607162475585938,True,0.4,640x480,70,1,10,../dataset/Camila Cabello/Camila Cabello_69.jpg
Andy Samberg,Camila Cabello,,No Match,1.451303482055664,True,0.4,640x480,70,1,10,
Andy Samberg,Courtney Cox,Courtney Cox,Incorrect Match,0.16731619834899902,True,0.4,640x480,70,1,10,../dataset/Courtney Cox/Courtney Cox_50.jpg
Andy Samberg,Dwayne Johnson,,No Match,0.16094756126403809,True,0.4,640x480,70,1,10,../dataset/Dwayne Johnson/Dwayne Johnson_54.jpg
Andy Samberg,Dwayne Johnson,,No Match,0.20000195503234863,True,0.4,640x480,70,1,10,../dataset/Dwayne Johnson/Dwayne Johnson_41.jpg
Andy Samberg,Dwayne Johnson,,No Match,0.2100982666015625,True,0.4,640x480,70,1,10,../dataset/Dwayne Johnson/Dwayne Johnson_34.jpg
Andy Samberg,Dwayne Johnson,Dwayne Johnson,Incorrect Match,0.21951079368591309,True,0.4,640x480,70,1,10,../dataset/Dwayne Johnson/Dwayne Johnson_1.jpg
Andy Samberg,Ellen Degeneres,Ellen Degeneres,Incorrect Match,0.17672300338745117,True,0.4,640x480,70,1,10,../dataset/Ellen Degeneres/Ellen Degeneres_26.jpg
Andy Samberg,Hrithik Roshan,,No Match,0.19533371925354004,True,0.4,640x480,70,1,10,../dataset/Hrithik Roshan/Hrithik Roshan_8.jpg
Andy Samberg,Hrithik Roshan,,No Match,0.22081279754638672,True,0.4,640x480,70,1,10,../dataset/Hrithik Roshan/Hrithik Roshan_53.jpg
Andy Samberg,Hrithik Roshan,Hrithik Roshan,Incorrect Match,0.2268667221069336,True,0.4,640x480,70,1,10,../dataset/Hrithik Roshan/Hrithik Roshan_65.jpg
Andy Samberg,Roger Federer,,No Match,0.20866680145263672,True,0.4,640x480,70,1,10,../dataset/Roger Federer/Roger Federer_50.jpg
Andy Samberg,Roger Federer,,No Match,0.22893238067626953,True,0.4,640x480,70,1,10,../dataset/Roger Federer/Roger Federer_68.jpg
Andy Samberg,Roger Federer,,No Match,0.21924042701721191,True,0.4,640x480,70,1,10,../dataset/Roger Federer/Roger Federer_55.jpg
Andy Samberg,Roger Federer,Roger Federer,Incorrect Match,0.17758655548095703,True,0.4,640x480,70,1,10,../dataset/Roger Federer/Roger Federer_32.jpg
Andy Samberg,Tom Cruise,Tom Cruise,Incorrect Match,0.18973946571350098,True,0.4,640x480,70,1,10,../dataset/Tom Cruise/Tom Cruise_19.jpg
Anushka Sharma,Andy Samberg,,No Face Detected in Test,0.14920258522033691,True,0.4,640x480,70,1,10,../dataset/Andy Samberg/Andy Samberg_39.jpg
Anushka Sharma,Andy Samberg,,No Face Detected in Test,0.13486599922180176,True,0.4,640x480,70,1,10,../dataset/Andy Samberg/Andy Samberg_22.jpg
Anushka Sharma,Andy Samberg,,No Face Detected in Test,0.12842273712158203,True,0.4,640x480,70,1,10,../dataset/Andy Samberg/Andy Samberg_29.jpg
Anushka Sharma,Andy Samberg,,No Face Detected in Test,0.1240534782409668,True,0.4,640x480,70,1,10,../dataset/Andy Samberg/Andy Samberg_75.jpg
Anushka Sharma,Andy Samberg,,No Face Detected in Test,0.12263321876525879,True,0.4,640x480,70,1,10,../dataset/Andy Samberg/Andy Samberg_81.jpg
Anushka Sharma,Andy Samberg,,No Match,0.13936185836791992,True,0.4,640x480,70,1,10,../dataset/Andy Samberg/Andy Samberg_52.jpg
Anushka Sharma,Andy Samberg,,No Match,0.19337010383605957,True,0.4,640x480,70,1,10,../dataset/Andy Samberg/Andy Samberg_1.jpg
Anushka Sharma,Andy Samberg,,No Match,0.21934986114501953,True,0.4,640x480,70,1,10,../dataset/Andy Samberg/Andy Samberg_51.jpg
Anushka Sharma,Andy Samberg,,No Face Detected in Test,0.19356751441955566,True,0.4,640x480,70,1,10,../dataset/Andy Samberg/Andy Samberg_60.jpg
Anushka Sharma,Andy Samberg,,No Match,0.1767258644104004,True,0.4,640x480,70,1,10,../dataset/Andy Samberg/Andy Samberg_31.jpg
Anushka Sharma,Andy Samberg,,No Match,1.5815532207489014,True,0.4,640x480,70,1,10,
Anushka Sharma,Anushka Sharma,,No Face Detected in Test,0.15489816665649414,True,0.4,640x480,70,1,10,../dataset/Anushka Sharma/Anushka Sharma_18.jpg
Anushka Sharma,Anushka Sharma,,No Face Detected in Test,0.13909292221069336,True,0.4,640x480,70,1,10,../dataset/Anushka Sharma/Anushka Sharma_30.jpg
Anushka Sharma,Anushka Sharma,,No Match,0.14725780487060547,True,0.4,640x480,70,1,10,../dataset/Anushka Sharma/Anushka Sharma_27.jpg
Anushka Sharma,Anushka Sharma,,No Match,0.1915140151977539,True,0.4,640x480,70,1,10,../dataset/Anushka Sharma/Anushka Sharma_66.jpg
Anushka Sharma,Anushka Sharma,,No Face Detected in Test,0.17992663383483887,True,0.4,640x480,70,1,10,../dataset/Anushka Sharma/Anushka Sharma_63.jpg
Anushka Sharma,Anushka Sharma,,No Match,0.16233444213867188,True,0.4,640x480,70,1,10,../dataset/Anushka Sharma/Anushka Sharma_7.jpg
Anushka Sharma,Anushka Sharma,,No Match,0.20716214179992676,True,0.4,640x480,70,1,10,../dataset/Anushka Sharma/Anushka Sharma_35.jpg
Anushka Sharma,Anushka Sharma,,No Match,0.22051358222961426,True,0.4,640x480,70,1,10,../dataset/Anushka Sharma/Anushka Sharma_54.jpg
Anushka Sharma,Anushka Sharma,,No Face Detected in Test,0.19203948974609375,True,0.4,640x480,70,1,10,../dataset/Anushka Sharma/Anushka Sharma_59.jpg
Anushka Sharma,Anushka Sharma,,No Match,0.18279623985290527,True,0.4,640x480,70,1,10,../dataset/Anushka Sharma/Anushka Sharma_61.jpg
Anushka Sharma,Anushka Sharma,,No Match,1.7775354385375977,True,0.4,640x480,70,1,10,
Anushka Sharma,Billie Eilish,,No Face Detected in Test,0.14603877067565918,True,0.4,640x480,70,1,10,../dataset/Billie Eilish/Billie Eilish_24.jpg
Anushka Sharma,Billie Eilish,,No Match,0.1489710807800293,True,0.4,640x480,70,1,10,../dataset/Billie Eilish/Billie Eilish_34.jpg
Anushka Sharma,Billie Eilish,,No Face Detected in Test,0.17184758186340332,True,0.4,640x480,70,1,10,../dataset/Billie Eilish/Billie Eilish_91.jpg
Anushka Sharma,Billie Eilish,,No Match,0.18186450004577637,True,0.4,640x480,70,1,10,../dataset/Billie Eilish/Billie Eilish_33.jpg
Anushka Sharma,Billie Eilish,,No Match,0.20355987548828125,True,0.4,640x480,70,1,10,../dataset/Billie Eilish/Billie Eilish_43.jpg
Anushka Sharma,Billie Eilish,Billie Eilish,Incorrect Match,0.20856189727783203,True,0.4,640x480,70,1,10,../dataset/Billie Eilish/Billie Eilish_23.jpg
Anushka Sharma,Camila Cabello,,No Match,0.1657085418701172,True,0.4,640x480,70,1,10,../dataset/Camila Cabello/Camila Cabello_40.jpg
Anushka Sharma,Camila Cabello,,No Match,0.20829057693481445,True,0.4,640x480,70,1,10,../dataset/Camila Cabello/Camila Cabello_69.jpg
Anushka Sharma,Camila Cabello,,No Match,0.21372151374816895,True,0.4,640x480,70,1,10,../dataset/Camila Cabello/Camila Cabello_70.jpg
Anushka Sharma,Camila Cabello,,No Face Detected in Test,0.1687321662902832,True,0.4,640x480,70,1,10,../dataset/Camila Cabello/Camila Cabello_24.jpg
Anushka Sharma,Camila Cabello,,No Face Detected in Test,0.14134454727172852,True,0.4,640x480,70,1,10,../dataset/Camila Cabello/Camila Cabello_76.jpg
Anushka Sharma,Camila Cabello,,No Match,0.1572866439819336,True,0.4,640x480,70,1,10,../dataset/Camila Cabello/Camila Cabello_35.jpg
Anushka Sharma,Camila Cabello,,No Face Detected in Test,0.16528558731079102,True,0.4,640x480,70,1,10,../dataset/Camila Cabello/Camila Cabello_57.jpg
Anushka Sharma,Camila Cabello,,No Match,0.1600639820098877,True,0.4,640x480,70,1,10,../dataset/Camila Cabello/Camila Cabello_54.jpg
Anushka Sharma,Camila Cabello,,No Face Detected in Test,0.16338038444519043,True,0.4,640x480,70,1,10,../dataset/Camila Cabello/Camila Cabello_4.jpg
Anushka Sharma,Camila Cabello,,No Match,0.21590399742126465,True,0.4,640x480,70,1,10,../dataset/Camila Cabello/Camila Cabello_79.jpg
Anushka Sharma,Camila Cabello,,No Match,1.7597179412841797,True,0.4,640x480,70,1,10,
Anushka Sharma,Courtney Cox,,No Match,0.1713716983795166,True,0.4,640x480,70,1,10,../dataset/Courtney Cox/Courtney Cox_19.jpg
Anushka Sharma,Courtney Cox,,No Face Detected in Test,0.17806506156921387,True,0.4,640x480,70,1,10,../dataset/Courtney Cox/Courtney Cox_23.jpg
Anushka Sharma,Courtney Cox,,No Match,0.16373729705810547,True,0.4,640x480,70,1,10,../dataset/Courtney Cox/Courtney Cox_28.jpg
Anushka Sharma,Courtney Cox,Courtney Cox,Incorrect Match,0.19726014137268066,True,0.4,640x480,70,1,10,../dataset/Courtney Cox/Courtney Cox_50.jpg
Anushka Sharma,Dwayne Johnson,,No Match,0.18995141983032227,True,0.4,640x480,70,1,10,../dataset/Dwayne Johnson/Dwayne Johnson_27.jpg
Anushka Sharma,Dwayne Johnson,,No Face Detected in Test,0.19067621231079102,True,0.4,640x480,70,1,10,../dataset/Dwayne Johnson/Dwayne Johnson_50.jpg
Anushka Sharma,Dwayne Johnson,Dwayne Johnson,Incorrect Match,0.17763876914978027,True,0.4,640x480,70,1,10,../dataset/Dwayne Johnson/Dwayne Johnson_22.jpg
Anushka Sharma,Ellen Degeneres,Ellen Degeneres,Incorrect Match,0.22523808479309082,True,0.4,640x480,70,1,10,../dataset/Ellen Degeneres/Ellen Degeneres_64.jpg
Anushka Sharma,Hrithik Roshan,,No Face Detected in Test,0.16106772422790527,True,0.4,640x480,70,1,10,../dataset/Hrithik Roshan/Hrithik Roshan_99.jpg
Anushka Sharma,Hrithik Roshan,,No Face Detected in Test,0.14898133277893066,True,0.4,640x480,70,1,10,../dataset/Hrithik Roshan/Hrithik Roshan_88.jpg
Anushka Sharma,Hrithik Roshan,,No Match,0.1563246250152588,True,0.4,640x480,70,1,10,../dataset/Hrithik Roshan/Hrithik Roshan_42.jpg
Anushka Sharma,Hrithik Roshan,,No Match,0.19660162925720215,True,0.4,640x480,70,1,10,../dataset/Hrithik Roshan/Hrithik Roshan_21.jpg
Anushka Sharma,Hrithik Roshan,,No Match,0.20847201347351074,True,0.4,640x480,70,1,10,../dataset/Hrithik Roshan/Hrithik Roshan_18.jpg
Anushka Sharma,Hrithik Roshan,,No Face Detected in Test,0.1869668960571289,True,0.4,640x480,70,1,10,../dataset/Hrithik Roshan/Hrithik Roshan_61.jpg
Anushka Sharma,Hrithik Roshan,,No Face Detected in Test,0.15482783317565918,True,0.4,640x480,70,1,10,../dataset/Hrithik Roshan/Hrithik Roshan_75.jpg
Anushka Sharma,Hrithik Roshan,,No Face Detected in Test,0.1357560157775879,True,0.4,640x480,70,1,10,../dataset/Hrithik Roshan/Hrithik Roshan_38.jpg
Anushka Sharma,Hrithik Roshan,,No Match,0.14483284950256348,True,0.4,640x480,70,1,10,../dataset/Hrithik Roshan/Hrithik Roshan_29.jpg
Anushka Sharma,Hrithik Roshan,,No Match,0.21149206161499023,True,0.4,640x480,70,1,10,../dataset/Hrithik Roshan/Hrithik Roshan_94.jpg
Anushka Sharma,Hrithik Roshan,,No Match,1.7053229808807373,True,0.4,640x480,70,1,10,
Anushka Sharma,Roger Federer,Roger Federer,Incorrect Match,0.18999075889587402,True,0.4,640x480,70,1,10,../dataset/Roger Federer/Roger Federer_71.jpg
Anushka Sharma,Tom Cruise,,No Face Detected in Test,0.1743631362915039,True,0.4,640x480,70,1,10,../dataset/Tom Cruise/Tom Cruise_36.jpg
Anushka Sharma,Tom Cruise,,No Match,0.2138526439666748,True,0.4,640x480,70,1,10,../dataset/Tom Cruise/Tom Cruise_15.jpg
Anushka Sharma,Tom Cruise,Tom Cruise,Incorrect Match,0.2664186954498291,True,0.4,640x480,70,1,10,../dataset/Tom Cruise/Tom Cruise_53.jpg
Billie Eilish,Andy Samberg,,No Match,0.215165376663208,True,0.4,640x480,70,1,10,../dataset/Andy Samberg/Andy Samberg_52.jpg
Billie Eilish,Andy Samberg,,No Face Detected in Test,0.1911640167236328,True,0.4,640x480,70,1,10,../dataset/Andy Samberg/Andy Samberg_75.jpg
Billie Eilish,Andy Samberg,,No Match,0.17848420143127441,True,0.4,640x480,70,1,10,../dataset/Andy Samberg/Andy Samberg_41.jpg
Billie Eilish,Andy Samberg,,No Match,0.22131633758544922,True,0.4,640x480,70,1,10,../dataset/Andy Samberg/Andy Samberg_85.jpg
Billie Eilish,Andy Samberg,,No Face Detected in Test,0.19576573371887207,True,0.4,640x480,70,1,10,../dataset/Andy Samberg/Andy Samberg_60.jpg
Billie Eilish,Andy Samberg,,No Face Detected in Test,0.19508790969848633,True,0.4,640x480,70,1,10,../dataset/Andy Samberg/Andy Samberg_71.jpg
Billie Eilish,Andy Samberg,,No Face Detected in Test,0.17572999000549316,True,0.4,640x480,70,1,10,../dataset/Andy Samberg/Andy Samberg_81.jpg
Billie Eilish,Andy Samberg,,No Face Detected in Test,0.16350960731506348,True,0.4,640x480,70,1,10,../dataset/Andy Samberg/Andy Samberg_65.jpg
Billie Eilish,Andy Samberg,,No Face Detected in Test,0.15931248664855957,True,0.4,640x480,70,1,10,../dataset/Andy Samberg/Andy Samberg_21.jpg
Billie Eilish,Andy Samberg,,No Match,0.17202329635620117,True,0.4,640x480,70,1,10,../dataset/Andy Samberg/Andy Samberg_28.jpg
Billie Eilish,Andy Samberg,,No Match,1.8675589561462402,True,0.4,640x480,70,1,10,
Billie Eilish,Anushka Sharma,,No Match,0.16443109512329102,True,0.4,640x480,70,1,10,../dataset/Anushka Sharma/Anushka Sharma_35.jpg
Billie Eilish,Anushka Sharma,,No Match,0.20191431045532227,True,0.4,640x480,70,1,10,../dataset/Anushka Sharma/Anushka Sharma_41.jpg
Billie Eilish,Anushka Sharma,,No Match,0.21111059188842773,True,0.4,640x480,70,1,10,../dataset/Anushka Sharma/Anushka Sharma_11.jpg
Billie Eilish,Anushka Sharma,,No Match,0.20873308181762695,True,0.4,640x480,70,1,10,../dataset/Anushka Sharma/Anushka Sharma_66.jpg
Billie Eilish,Anushka Sharma,,No Match,0.20353412628173828,True,0.4,640x480,70,1,10,../dataset/Anushka Sharma/Anushka Sharma_62.jpg
Billie Eilish,Anushka Sharma,,No Face Detected in Test,0.18648433685302734,True,0.4,640x480,70,1,10,../dataset/Anushka Sharma/Anushka Sharma_59.jpg
Billie Eilish,Anushka Sharma,,No Match,0.16690707206726074,True,0.4,640x480,70,1,10,../dataset/Anushka Sharma/Anushka Sharma_29.jpg
Billie Eilish,Anushka Sharma,,No Face Detected in Test,0.1797175407409668,True,0.4,640x480,70,1,10,../dataset/Anushka Sharma/Anushka Sharma_49.jpg
Billie Eilish,Anushka Sharma,,No Face Detected in Test,0.14269423484802246,True,0.4,640x480,70,1,10,../dataset/Anushka Sharma/Anushka Sharma_4.jpg
Billie Eilish,Anushka Sharma,,No Match,0.15509033203125,True,0.4,640x480,70,1,10,../dataset/Anushka Sharma/Anushka Sharma_13.jpg
Billie Eilish,Anushka Sharma,,No Match,1.8206167221069336,True,0.4,640x480,70,1,10,
Billie Eilish,Billie Eilish,,No Face Detected in Test,0.14089727401733398,True,0.4,640x480,70,1,10,../dataset/Billie Eilish/Billie Eilish_20.jpg
Billie Eilish,Billie Eilish,,No Match,0.1464686393737793,True,0.4,640x480,70,1,10,../dataset/Billie Eilish/Billie Eilish_35.jpg
Billie Eilish,Billie Eilish,,No Face Detected in Test,0.17119288444519043,True,0.4,640x480,70,1,10,../dataset/Billie Eilish/Billie Eilish_18.jpg
Billie Eilish,Billie Eilish,,No Match,0.1579906940460205,True,0.4,640x480,70,1,10,../dataset/Billie Eilish/Billie Eilish_27.jpg
Billie Eilish,Billie Eilish,,No Match,0.19870996475219727,True,0.4,640x480,70,1,10,../dataset/Billie Eilish/Billie Eilish_41.jpg
Billie Eilish,Billie Eilish,,No Match,0.18874907493591309,True,0.4,640x480,70,1,10,../dataset/Billie Eilish/Billie Eilish_45.jpg
Billie Eilish,Billie Eilish,,No Face Detected in Test,0.1817610263824463,True,0.4,640x480,70,1,10,../dataset/Billie Eilish/Billie Eilish_14.jpg
Billie Eilish,Billie Eilish,,No Match,0.17201519012451172,True,0.4,640x480,70,1,10,../dataset/Billie Eilish/Billie Eilish_87.jpg
Billie Eilish,Billie Eilish,,No Match,0.20096516609191895,True,0.4,640x480,70,1,10,../dataset/Billie Eilish/Billie Eilish_11.jpg
Billie Eilish,Billie Eilish,,No Match,0.20838713645935059,True,0.4,640x480,70,1,10,../dataset/Billie Eilish/Billie Eilish_83.jpg
Billie Eilish,Billie Eilish,,No Match,1.767137050628662,True,0.4,640x480,70,1,10,
Billie Eilish,Camila Cabello,,No Face Detected in Test,0.14457416534423828,True,0.4,640x480,70,1,10,../dataset/Camila Cabello/Camila Cabello_20.jpg
Billie Eilish,Camila Cabello,,No Face Detected in Test,0.12991571426391602,True,0.4,640x480,70,1,10,../dataset/Camila Cabello/Camila Cabello_2.jpg
Billie Eilish,Camila Cabello,,No Match,0.14052391052246094,True,0.4,640x480,70,1,10,../dataset/Camila Cabello/Camila Cabello_78.jpg
Billie Eilish,Camila Cabello,,No Match,0.17896127700805664,True,0.4,640x480,70,1,10,../dataset/Camila Cabello/Camila Cabello_56.jpg
Billie Eilish,Camila Cabello,,No Match,0.20816397666931152,True,0.4,640x480,70,1,10,../dataset/Camila Cabello/Camila Cabello_82.jpg
Billie Eilish,Camila Cabello,,No Face Detected in Test,0.17395949363708496,True,0.4,640x480,70,1,10,../dataset/Camila Cabello/Camila Cabello_76.jpg
Billie Eilish,Camila Cabello,,No Match,0.1645956039428711,True,0.4,640x480,70,1,10,../dataset/Camila Cabello/Camila Cabello_66.jpg
Billie Eilish,Camila Cabello,,No Match,0.2036128044128418,True,0.4,640x480,70,1,10,../dataset/Camila Cabello/Camila Cabello_45.jpg
Billie Eilish,Camila Cabello,,No Match,0.22420787811279297,True,0.4,640x480,70,1,10,../dataset/Camila Cabello/Camila Cabello_39.jpg
Billie Eilish,Camila Cabello,,No Match,0.220045804977417,True,0.4,640x480,70,1,10,../dataset/Camila Cabello/Camila Cabello_65.jpg
Billie Eilish,Camila Cabello,,No Match,1.7885606288909912,True,0.4,640x480,70,1,10,
Billie Eilish,Courtney Cox,,No Face Detected in Test,0.15144824981689453,True,0.4,640x480,70,1,10,../dataset/Courtney Cox/Courtney Cox_46.jpg
Billie Eilish,Courtney Cox,,No Match,0.15428495407104492,True,0.4,640x480,70,1,10,../dataset/Courtney Cox/Courtney Cox_19.jpg
Billie Eilish,Courtney Cox,,No Face Detected in Test,0.176161527633667,True,0.4,640x480,70,1,10,../dataset/Courtney Cox/Courtney Cox_9.jpg
Billie Eilish,Courtney Cox,,No Face Detected in Test,0.1406536102294922,True,0.4,640x480,70,1,10,../dataset/Courtney Cox/Courtney Cox_59.jpg
Billie Eilish,Courtney Cox,,No Face Detected in Test,0.13088679313659668,True,0.4,640x480,70,1,10,../dataset/Courtney Cox/Courtney Cox_30.jpg
Billie Eilish,Courtney Cox,,No Face Detected in Test,0.1280200481414795,True,0.4,640x480,70,1,10,../dataset/Courtney Cox/Courtney Cox_55.jpg
Billie Eilish,Courtney Cox,,No Face Detected in Test,0.1223604679107666,True,0.4,640x480,70,1,10,../dataset/Courtney Cox/Courtney Cox_69.jpg
Billie Eilish,Courtney Cox,,No Face Detected in Test,0.12102222442626953,True,0.4,640x480,70,1,10,../dataset/Courtney Cox/Courtney Cox_32.jpg
Billie Eilish,Courtney Cox,Courtney Cox,Incorrect Match,0.13785529136657715,True,0.4,640x480,70,1,10,../dataset/Courtney Cox/Courtney Cox_62.jpg
Billie Eilish,Dwayne Johnson,Dwayne Johnson,Incorrect Match,0.15628910064697266,True,0.4,640x480,70,1,10,../dataset/Dwayne Johnson/Dwayne Johnson_46.jpg
Billie Eilish,Ellen Degeneres,,No Match,0.16875863075256348,True,0.4,640x480,70,1,10,../dataset/Ellen Degeneres/Ellen Degeneres_33.jpg
Billie Eilish,Ellen Degeneres,,No Match,0.1717374324798584,True,0.4,640x480,70,1,10,../dataset/Ellen Degeneres/Ellen Degeneres_11.jpg
Billie Eilish,Ellen Degeneres,,No Match,0.2045600414276123,True,0.4,640x480,70,1,10,../dataset/Ellen Degeneres/Ellen Degeneres_68.jpg
Billie Eilish,Ellen Degeneres,,No Face Detected in Test,0.18686485290527344,True,0.4,640x480,70,1,10,../dataset/Ellen Degeneres/Ellen Degeneres_54.jpg
Billie Eilish,Ellen Degeneres,Ellen Degeneres,Incorrect Match,0.20397663116455078,True,0.4,640x480,70,1,10,../dataset/Ellen Degeneres/Ellen Degeneres_38.jpg
Billie Eilish,Hrithik Roshan,,No Match,0.18215537071228027,True,0.4,640x480,70,1,10,../dataset/Hrithik Roshan/Hrithik Roshan_68.jpg
Billie Eilish,Hrithik Roshan,,No Match,0.1985640525817871,True,0.4,640x480,70,1,10,../dataset/Hrithik Roshan/Hrithik Roshan_39.jpg
Billie Eilish,Hrithik Roshan,,No Face Detected in Test,0.18544292449951172,True,0.4,640x480,70,1,10,../dataset/Hrithik Roshan/Hrithik Roshan_93.jpg
Billie Eilish,Hrithik Roshan,,No Match,0.24088835716247559,True,0.4,640x480,70,1,10,../dataset/Hrithik Roshan/Hrithik Roshan_70.jpg
Billie Eilish,Hrithik Roshan,,No Match,0.29132866859436035,True,0.4,640x480,70,1,10,../dataset/Hrithik Roshan/Hrithik Roshan_96.jpg
Billie Eilish,Hrithik Roshan,,No Match,0.24079060554504395,True,0.4,640x480,70,1,10,../dataset/Hrithik Roshan/Hrithik Roshan_26.jpg
Billie Eilish,Hrithik Roshan,,No Match,0.22909760475158691,True,0.4,640x480,70,1,10,../dataset/Hrithik Roshan/Hrithik Roshan_79.jpg
Billie Eilish,Hrithik Roshan,,No Match,0.21874713897705078,True,0.4,640x480,70,1,10,../dataset/Hrithik Roshan/Hrithik Roshan_58.jpg
Billie Eilish,Hrithik Roshan,,No Match,0.21923089027404785,True,0.4,640x480,70,1,10,../dataset/Hrithik Roshan/Hrithik Roshan_14.jpg
Billie Eilish,Hrithik Roshan,,No Match,0.22004222869873047,True,0.4,640x480,70,1,10,../dataset/Hrithik Roshan/Hrithik Roshan_33.jpg
Billie Eilish,Hrithik Roshan,,No Match,2.226287841796875,True,0.4,640x480,70,1,10,
Billie Eilish,Roger Federer,Roger Federer,Incorrect Match,0.16716551780700684,True,0.4,640x480,70,1,10,../dataset/Roger Federer/Roger Federer_13.jpg
Billie Eilish,Tom Cruise,,No Face Detected in Test,0.15985679626464844,True,0.4,640x480,70,1,10,../dataset/Tom Cruise/Tom Cruise_38.jpg
Billie Eilish,Tom Cruise,,No Match,0.1625831127166748,True,0.4,640x480,70,1,10,../dataset/Tom Cruise/Tom Cruise_57.jpg
Billie Eilish,Tom Cruise,,No Face Detected in Test,0.16309285163879395,True,0.4,640x480,70,1,10,../dataset/Tom Cruise/Tom Cruise_43.jpg
Billie Eilish,Tom Cruise,Tom Cruise,Incorrect Match,0.16323256492614746,True,0.4,640x480,70,1,10,../dataset/Tom Cruise/Tom Cruise_17.jpg
Camila Cabello,Andy Samberg,,No Match,0.16712713241577148,True,0.4,640x480,70,1,10,../dataset/Andy Samberg/Andy Samberg_26.jpg
Camila Cabello,Andy Samberg,,No Face Detected in Test,0.17927932739257812,True,0.4,640x480,70,1,10,../dataset/Andy Samberg/Andy Samberg_9.jpg
Camila Cabello,Andy Samberg,,No Face Detected in Test,0.14226579666137695,True,0.4,640x480,70,1,10,../dataset/Andy Samberg/Andy Samberg_39.jpg
Camila Cabello,Andy Samberg,,No Match,0.15110445022583008,True,0.4,640x480,70,1,10,../dataset/Andy Samberg/Andy Samberg_14.jpg
Camila Cabello,Andy Samberg,,No Face Detected in Test,0.17110371589660645,True,0.4,640x480,70,1,10,../dataset/Andy Samberg/Andy Samberg_81.jpg
Camila Cabello,Andy Samberg,,No Match,0.15767693519592285,True,0.4,640x480,70,1,10,../dataset/Andy Samberg/Andy Samberg_66.jpg
Camila Cabello,Andy Samberg,,No Match,0.20664525032043457,True,0.4,640x480,70,1,10,../dataset/Andy Samberg/Andy Samberg_49.jpg
Camila Cabello,Andy Samberg,,No Face Detected in Test,0.18700528144836426,True,0.4,640x480,70,1,10,../dataset/Andy Samberg/Andy Samberg_22.jpg
Camila Cabello,Andy Samberg,,No Match,0.17739462852478027,True,0.4,640x480,70,1,10,../dataset/Andy Samberg/Andy Samberg_88.jpg
Camila Cabello,Andy Samberg,,No Match,0.2194960117340088,True,0.4,640x480,70,1,10,../dataset/Andy Samberg/Andy Samberg_7.jpg
Camila Cabello,Andy Samberg,,No Match,1.7590985298156738,True,0.4,640x480,70,1,10,
Camila Cabello,Anushka Sharma,,No Match,0.18819737434387207,True,0.4,640x480,70,1,10,../dataset/Anushka Sharma/Anushka Sharma_35.jpg
Camila Cabello,Anushka Sharma,,No Match,0.22156763076782227,True,0.4,640x480,70,1,10,../dataset/Anushka Sharma/Anushka Sharma_66.jpg
Camila Cabello,Anushka Sharma,,No Match,0.2551095485687256,True,0.4,640x480,70,1,10,../dataset/Anushka Sharma/Anushka Sharma_3.jpg
Camila Cabello,Anushka Sharma,,No Face Detected in Test,0.21015620231628418,True,0.4,640x480,70,1,10,../dataset/Anushka Sharma/Anushka Sharma_17.jpg
Camila Cabello,Anushka Sharma,,No Match,0.2015376091003418,True,0.4,640x480,70,1,10,../dataset/Anushka Sharma/Anushka Sharma_58.jpg
Camila Cabello,Anushka Sharma,,No Face Detected in Test,0.20143365859985352,True,0.4,640x480,70,1,10,../dataset/Anushka Sharma/Anushka Sharma_14.jpg
Camila Cabello,Anushka Sharma,,No Match,0.20450925827026367,True,0.4,640x480,70,1,10,../dataset/Anushka Sharma/Anushka Sharma_47.jpg
Camila Cabello,Anushka Sharma,,No Match,0.22039318084716797,True,0.4,640x480,70,1,10,../dataset/Anushka Sharma/Anushka Sharma_13.jpg
Camila Cabello,Anushka Sharma,,No Match,0.2329108715057373,True,0.4,640x480,70,1,10,../dataset/Anushka Sharma/Anushka Sharma_42.jpg
Camila Cabello,Anushka Sharma,,No Match,0.2287130355834961,True,0.4,640x480,70,1,10,../dataset/Anushka Sharma/Anushka Sharma_41.jpg
Camila Cabello,Anushka Sharma,,No Match,2.1645283699035645,True,0.4,640x480,70,1,10,
Camila Cabello,Billie Eilish,,No Match,0.17990946769714355,True,0.4,640x480,70,1,10,../dataset/Billie Eilish/Billie Eilish_37.jpg
Camila Cabello,Billie Eilish,,No Match,0.20625901222229004,True,0.4,640x480,70,1,10,../dataset/Billie Eilish/Billie Eilish_86.jpg
Camila Cabello,Billie Eilish,,No Face Detected in Test,0.192626953125,True,0.4,640x480,70,1,10,../dataset/Billie Eilish/Billie Eilish_18.jpg
Camila Cabello,Billie Eilish,,No Match,0.1909468173980713,True,0.4,640x480,70,1,10,../dataset/Billie Eilish/Billie Eilish_27.jpg
Camila Cabello,Billie Eilish,,No Match,0.20639705657958984,True,0.4,640x480,70,1,10,../dataset/Billie Eilish/Billie Eilish_13.jpg
Camila Cabello,Billie Eilish,,No Face Detected in Test,0.19357919692993164,True,0.4,640x480,70,1,10,../dataset/Billie Eilish/Billie Eilish_10.jpg
Camila Cabello,Billie Eilish,,No Match,0.1903386116027832,True,0.4,640x480,70,1,10,../dataset/Billie Eilish/Billie Eilish_40.jpg
Camila Cabello,Billie Eilish,,No Match,0.2207489013671875,True,0.4,640x480,70,1,10,../dataset/Billie Eilish/Billie Eilish_81.jpg
Camila Cabello,Billie Eilish,,No Match,0.2631387710571289,True,0.4,640x480,70,1,10,../dataset/Billie Eilish/Billie Eilish_93.jpg
Camila Cabello,Billie Eilish,,No Match,0.22360825538635254,True,0.4,640x480,70,1,10,../dataset/Billie Eilish/Billie Eilish_16.jpg
Camila Cabello,Billie Eilish,,No Match,2.0675530433654785,True,0.4,640x480,70,1,10,
Camila Cabello,Camila Cabello,,No Match,0.18924450874328613,True,0.4,640x480,70,1,10,../dataset/Camila Cabello/Camila Cabello_59.jpg
Camila Cabello,Camila Cabello,,No Face Detected in Test,0.17888712882995605,True,0.4,640x480,70,1,10,../dataset/Camila Cabello/Camila Cabello_61.jpg
Camila Cabello,Camila Cabello,Camila Cabello,Correct Match,0.17236542701721191,True,0.4,640x480,70,1,10,../dataset/Camila Cabello/Camila Cabello_43.jpg
Camila Cabello,Courtney Cox,,No Match,0.1738126277923584,True,0.4,640x480,70,1,10,../dataset/Courtney Cox/Courtney Cox_19.jpg
Camila Cabello,Courtney Cox,,No Match,0.2125852108001709,True,0.4,640x480,70,1,10,../dataset/Courtney Cox/Courtney Cox_28.jpg
Camila Cabello,Courtney Cox,,No Match,0.21827030181884766,True,0.4,640x480,70,1,10,../dataset/Courtney Cox/Courtney Cox_64.jpg
Camila Cabello,Courtney Cox,,No Match,0.23032259941101074,True,0.4,640x480,70,1,10,../dataset/Courtney Cox/Courtney Cox_47.jpg
Camila Cabello,Courtney Cox,,No Face Detected in Test,0.19655847549438477,True,0.4,640x480,70,1,10,../dataset/Courtney Cox/Courtney Cox_36.jpg
Camila Cabello,Courtney Cox,,No Face Detected in Test,0.18317270278930664,True,0.4,640x480,70,1,10,../dataset/Courtney Cox/Courtney Cox_79.jpg
Camila Cabello,Courtney Cox,Courtney Cox,Incorrect Match,0.1827538013458252,True,0.4,640x480,70,1,10,../dataset/Courtney Cox/Courtney Cox_40.jpg
Camila Cabello,Dwayne Johnson,,No Match,0.18017363548278809,True,0.4,640x480,70,1,10,../dataset/Dwayne Johnson/Dwayne Johnson_36.jpg
Camila Cabello,Dwayne Johnson,Dwayne Johnson,Incorrect Match,0.2199692726135254,True,0.4,640x480,70,1,10,../dataset/Dwayne Johnson/Dwayne Johnson_46.jpg
Camila Cabello,Ellen Degeneres,,No Face Detected in Test,0.1623551845550537,True,0.4,640x480,70,1,10,../dataset/Ellen Degeneres/Ellen Degeneres_55.jpg
Camila Cabello,Ellen Degeneres,Ellen Degeneres,Incorrect Match,0.1726970672607422,True,0.4,640x480,70,1,10,../dataset/Ellen Degeneres/Ellen Degeneres_60.jpg
Camila Cabello,Hrithik Roshan,,No Match,0.1801462173461914,True,0.4,640x480,70,1,10,../dataset/Hrithik Roshan/Hrithik Roshan_3.jpg
Camila Cabello,Hrithik Roshan,,No Face Detected in Test,0.19062137603759766,True,0.4,640x480,70,1,10,../dataset/Hrithik Roshan/Hrithik Roshan_38.jpg
Camila Cabello,Hrithik Roshan,,No Match,0.18326997756958008,True,0.4,640x480,70,1,10,../dataset/Hrithik Roshan/Hrithik Roshan_12.jpg
Camila Cabello,Hrithik Roshan,,No Match,0.24780654907226562,True,0.4,640x480,70,1,10,../dataset/Hrithik Roshan/Hrithik Roshan_64.jpg
Camila Cabello,Hrithik Roshan,,No Match,0.2708284854888916,True,0.4,640x480,70,1,10,../dataset/Hrithik Roshan/Hrithik Roshan_22.jpg
Camila Cabello,Hrithik Roshan,,No Match,0.23487424850463867,True,0.4,640x480,70,1,10,../dataset/Hrithik Roshan/Hrithik Roshan_77.jpg
Camila Cabello,Hrithik Roshan,,No Match,0.2569160461425781,True,0.4,640x480,70,1,10,../dataset/Hrithik Roshan/Hrithik Roshan_83.jpg
Camila Cabello,Hrithik Roshan,,No Face Detected in Test,0.2058401107788086,True,0.4,640x480,70,1,10,../dataset/Hrithik Roshan/Hrithik Roshan_7.jpg
Camila Cabello,Hrithik Roshan,,No Match,0.18572425842285156,True,0.4,640x480,70,1,10,../dataset/Hrithik Roshan/Hrithik Roshan_63.jpg
Camila Cabello,Hrithik Roshan,,No Face Detected in Test,0.19189810752868652,True,0.4,640x480,70,1,10,../dataset/Hrithik Roshan/Hrithik Roshan_6.jpg
Camila Cabello,Hrithik Roshan,,No Match,2.14792537689209,True,0.4,640x480,70,1,10,
Camila Cabello,Roger Federer,Roger Federer,Incorrect Match,0.19449496269226074,True,0.4,640x480,70,1,10,../dataset/Roger Federer/Roger Federer_26.jpg
Camila Cabello,Tom Cruise,,No Match,0.2435295581817627,True,0.4,640x480,70,1,10,../dataset/Tom Cruise/Tom Cruise_52.jpg
Camila Cabello,Tom Cruise,,No Match,0.30475306510925293,True,0.4,640x480,70,1,10,../dataset/Tom Cruise/Tom Cruise_5.jpg
Camila Cabello,Tom Cruise,,No Face Detected in Test,0.2153468132019043,True,0.4,640x480,70,1,10,../dataset/Tom Cruise/Tom Cruise_1.jpg
Camila Cabello,Tom Cruise,,No Match,0.23716115951538086,True,0.4,640x480,70,1,10,../dataset/Tom Cruise/Tom Cruise_4.jpg
Camila Cabello,Tom Cruise,,No Match,0.22669291496276855,True,0.4,640x480,70,1,10,../dataset/Tom Cruise/Tom Cruise_45.jpg
Camila Cabello,Tom Cruise,,No Face Detected in Test,0.1981489658355713,True,0.4,640x480,70,1,10,../dataset/Tom Cruise/Tom Cruise_36.jpg
Camila Cabello,Tom Cruise,,No Match,0.17836213111877441,True,0.4,640x480,70,1,10,../dataset/Tom Cruise/Tom Cruise_20.jpg
Camila Cabello,Tom Cruise,,No Face Detected in Test,0.18573641777038574,True,0.4,640x480,70,1,10,../dataset/Tom Cruise/Tom Cruise_30.jpg
Camila Cabello,Tom Cruise,,No Match,0.24060368537902832,True,0.4,640x480,70,1,10,../dataset/Tom Cruise/Tom Cruise_35.jpg
Camila Cabello,Tom Cruise,Tom Cruise,Incorrect Match,0.22971558570861816,True,0.4,640x480,70,1,10,../dataset/Tom Cruise/Tom Cruise_32.jpg
Courtney Cox,Andy Samberg,,No Face Detected in Test,0.21213269233703613,True,0.4,640x480,70,1,10,../dataset/Andy Samberg/Andy Samberg_75.jpg
Courtney Cox,Andy Samberg,,No Match,0.2220602035522461,True,0.4,640x480,70,1,10,../dataset/Andy Samberg/Andy Samberg_11.jpg
Courtney Cox,Andy Samberg,,No Face Detected in Test,0.21268653869628906,True,0.4,640x480,70,1,10,../dataset/Andy Samberg/Andy Samberg_29.jpg
Courtney Cox,Andy Samberg,,No Match,0.2058553695678711,True,0.4,640x480,70,1,10,../dataset/Andy Samberg/Andy Samberg_18.jpg
Courtney Cox,Andy Samberg,,No Match,0.20450949668884277,True,0.4,640x480,70,1,10,../dataset/Andy Samberg/Andy Samberg_23.jpg
Courtney Cox,Andy Samberg,,No Match,0.2982666492462158,True,0.4,640x480,70,1,10,../dataset/Andy Samberg/Andy Samberg_88.jpg
Courtney Cox,Andy Samberg,,No Face Detected in Test,0.21430373191833496,True,0.4,640x480,70,1,10,../dataset/Andy Samberg/Andy Samberg_65.jpg
Courtney Cox,Andy Samberg,,No Face Detected in Test,0.16711211204528809,True,0.4,640x480,70,1,10,../dataset/Andy Samberg/Andy Samberg_22.jpg
Courtney Cox,Andy Samberg,,No Face Detected in Test,0.15967297554016113,True,0.4,640x480,70,1,10,../dataset/Andy Samberg/Andy Samberg_71.jpg
Courtney Cox,Andy Samberg,,No Match,0.1744551658630371,True,0.4,640x480,70,1,10,../dataset/Andy Samberg/Andy Samberg_78.jpg
Courtney Cox,Andy Samberg,,No Match,2.0710549354553223,True,0.4,640x480,70,1,10,
Courtney Cox,Anushka Sharma,,No Face Detected in Test,0.15311717987060547,True,0.4,640x480,70,1,10,../dataset/Anushka Sharma/Anushka Sharma_36.jpg
Courtney Cox,Anushka Sharma,,No Match,0.17153096199035645,True,0.4,640x480,70,1,10,../dataset/Anushka Sharma/Anushka Sharma_41.jpg
Courtney Cox,Anushka Sharma,,No Face Detected in Test,0.18640899658203125,True,0.4,640x480,70,1,10,../dataset/Anushka Sharma/Anushka Sharma_31.jpg
Courtney Cox,Anushka Sharma,,No Match,0.19409465789794922,True,0.4,640x480,70,1,10,../dataset/Anushka Sharma/Anushka Sharma_48.jpg
Courtney Cox,Anushka Sharma,,No Match,0.2145857810974121,True,0.4,640x480,70,1,10,../dataset/Anushka Sharma/Anushka Sharma_67.jpg
Courtney Cox,Anushka Sharma,,No Face Detected in Test,0.19635605812072754,True,0.4,640x480,70,1,10,../dataset/Anushka Sharma/Anushka Sharma_33.jpg
Courtney Cox,Anushka Sharma,,No Match,0.18402481079101562,True,0.4,640x480,70,1,10,../dataset/Anushka Sharma/Anushka Sharma_3.jpg
Courtney Cox,Anushka Sharma,,No Match,0.21239686012268066,True,0.4,640x480,70,1,10,../dataset/Anushka Sharma/Anushka Sharma_21.jpg
Courtney Cox,Anushka Sharma,,No Face Detected in Test,0.19068622589111328,True,0.4,640x480,70,1,10,../dataset/Anushka Sharma/Anushka Sharma_53.jpg
Courtney Cox,Anushka Sharma,,No Face Detected in Test,0.15300631523132324,True,0.4,640x480,70,1,10,../dataset/Anushka Sharma/Anushka Sharma_14.jpg
Courtney Cox,Anushka Sharma,,No Match,1.8562078475952148,True,0.4,640x480,70,1,10,
Courtney Cox,Billie Eilish,Billie Eilish,Incorrect Match,0.15141868591308594,True,0.4,640x480,70,1,10,../dataset/Billie Eilish/Billie Eilish_8.jpg
Courtney Cox,Camila Cabello,,No Face Detected in Test,0.14924359321594238,True,0.4,640x480,70,1,10,../dataset/Camila Cabello/Camila Cabello_31.jpg
Courtney Cox,Camila Cabello,,No Face Detected in Test,0.1511671543121338,True,0.4,640x480,70,1,10,../dataset/Camila Cabello/Camila Cabello_57.jpg
Courtney Cox,Camila Cabello,,No Face Detected in Test,0.14678955078125,True,0.4,640x480,70,1,10,../dataset/Camila Cabello/Camila Cabello_64.jpg
Courtney Cox,Camila Cabello,,No Match,0.16174840927124023,True,0.4,640x480,70,1,10,../dataset/Camila Cabello/Camila Cabello_59.jpg
Courtney Cox,Camila Cabello,,No Match,0.20528936386108398,True,0.4,640x480,70,1,10,../dataset/Camila Cabello/Camila Cabello_60.jpg
Courtney Cox,Camila Cabello,,No Face Detected in Test,0.17894482612609863,True,0.4,640x480,70,1,10,../dataset/Camila Cabello/Camila Cabello_74.jpg
Courtney Cox,Camila Cabello,,No Face Detected in Test,0.18375301361083984,True,0.4,640x480,70,1,10,../dataset/Camila Cabello/Camila Cabello_5.jpg
Courtney Cox,Camila Cabello,,No Match,0.16658520698547363,True,0.4,640x480,70,1,10,../dataset/Camila Cabello/Camila Cabello_78.jpg
Courtney Cox,Camila Cabello,,No Face Detected in Test,0.15486717224121094,True,0.4,640x480,70,1,10,../dataset/Camila Cabello/Camila Cabello_8.jpg
Courtney Cox,Camila Cabello,,No Face Detected in Test,0.1409916877746582,True,0.4,640x480,70,1,10,../dataset/Camila Cabello/Camila Cabello_18.jpg
Courtney Cox,Camila Cabello,,No Match,1.6393799781799316,True,0.4,640x480,70,1,10,
Courtney Cox,Courtney Cox,,No Match,0.14729571342468262,True,0.4,640x480,70,1,10,../dataset/Courtney Cox/Courtney Cox_28.jpg
Courtney Cox,Courtney Cox,,No Match,0.22443509101867676,True,0.4,640x480,70,1,10,../dataset/Courtney Cox/Courtney Cox_66.jpg
Courtney Cox,Courtney Cox,,No Face Detected in Test,0.18949079513549805,True,0.4,640x480,70,1,10,../dataset/Courtney Cox/Courtney Cox_73.jpg
Courtney Cox,Courtney Cox,,No Face Detected in Test,0.1518266201019287,True,0.4,640x480,70,1,10,../dataset/Courtney Cox/Courtney Cox_59.jpg
Courtney Cox,Courtney Cox,,No Match,0.16033077239990234,True,0.4,640x480,70,1,10,../dataset/Courtney Cox/Courtney Cox_19.jpg
Courtney Cox,Courtney Cox,,No Face Detected in Test,0.18169164657592773,True,0.4,640x480,70,1,10,../dataset/Courtney Cox/Courtney Cox_71.jpg
Courtney Cox,Courtney Cox,,No Face Detected in Test,0.14838719367980957,True,0.4,640x480,70,1,10,../dataset/Courtney Cox/Courtney Cox_44.jpg
Courtney Cox,Courtney Cox,,No Match,0.16719508171081543,True,0.4,640x480,70,1,10,../dataset/Courtney Cox/Courtney Cox_27.jpg
Courtney Cox,Courtney Cox,,No Match,0.2049572467803955,True,0.4,640x480,70,1,10,../dataset/Courtney Cox/Courtney Cox_18.jpg
Courtney Cox,Courtney Cox,,No Face Detected in Test,0.1902942657470703,True,0.4,640x480,70,1,10,../dataset/Courtney Cox/Courtney Cox_29.jpg
Courtney Cox,Courtney Cox,,No Match,1.765904426574707,True,0.4,640x480,70,1,10,
Courtney Cox,Dwayne Johnson,Dwayne Johnson,Incorrect Match,0.16572952270507812,True,0.4,640x480,70,1,10,../dataset/Dwayne Johnson/Dwayne Johnson_4.jpg
Courtney Cox,Ellen Degeneres,,No Match,0.17366337776184082,True,0.4,640x480,70,1,10,../dataset/Ellen Degeneres/Ellen Degeneres_69.jpg
Courtney Cox,Ellen Degeneres,Ellen Degeneres,Incorrect Match,0.21206235885620117,True,0.4,640x480,70,1,10,../dataset/Ellen Degeneres/Ellen Degeneres_24.jpg
Courtney Cox,Hrithik Roshan,,No Face Detected in Test,0.16473841667175293,True,0.4,640x480,70,1,10,../dataset/Hrithik Roshan/Hrithik Roshan_5.jpg
Courtney Cox,Hrithik Roshan,,No Match,0.17572879791259766,True,0.4,640x480,70,1,10,../dataset/Hrithik Roshan/Hrithik Roshan_24.jpg
Courtney Cox,Hrithik Roshan,,No Match,0.2084951400756836,True,0.4,640x480,70,1,10,../dataset/Hrithik Roshan/Hrithik Roshan_19.jpg
Courtney Cox,Hrithik Roshan,,No Face Detected in Test,0.19304323196411133,True,0.4,640x480,70,1,10,../dataset/Hrithik Roshan/Hrithik Roshan_6.jpg
Courtney Cox,Hrithik Roshan,,No Match,0.2084054946899414,True,0.4,640x480,70,1,10,../dataset/Hrithik Roshan/Hrithik Roshan_45.jpg
Courtney Cox,Hrithik Roshan,,No Match,0.21713471412658691,True,0.4,640x480,70,1,10,../dataset/Hrithik Roshan/Hrithik Roshan_76.jpg
Courtney Cox,Hrithik Roshan,,No Match,0.22649669647216797,True,0.4,640x480,70,1,10,../dataset/Hrithik Roshan/Hrithik Roshan_68.jpg
Courtney Cox,Hrithik Roshan,,No Match,0.22133874893188477,True,0.4,640x480,70,1,10,../dataset/Hrithik Roshan/Hrithik Roshan_30.jpg
Courtney Cox,Hrithik Roshan,,No Match,0.22396469116210938,True,0.4,640x480,70,1,10,../dataset/Hrithik Roshan/Hrithik Roshan_32.jpg
Courtney Cox,Hrithik Roshan,,No Match,0.22482872009277344,True,0.4,640x480,70,1,10,../dataset/Hrithik Roshan/Hrithik Roshan_55.jpg
Courtney Cox,Hrithik Roshan,,No Match,2.0641746520996094,True,0.4,640x480,70,1,10,
Courtney Cox,Roger Federer,,No Match,0.17923641204833984,True,0.4,640x480,70,1,10,../dataset/Roger Federer/Roger Federer_37.jpg
Courtney Cox,Roger Federer,,No Match,0.20268607139587402,True,0.4,640x480,70,1,10,../dataset/Roger Federer/Roger Federer_17.jpg
Courtney Cox,Roger Federer,,No Match,0.2155752182006836,True,0.4,640x480,70,1,10,../dataset/Roger Federer/Roger Federer_38.jpg
Courtney Cox,Roger Federer,,No Face Detected in Test,0.19728827476501465,True,0.4,640x480,70,1,10,../dataset/Roger Federer/Roger Federer_56.jpg
Courtney Cox,Roger Federer,Roger Federer,Incorrect Match,0.17723989486694336,True,0.4,640x480,70,1,10,../dataset/Roger Federer/Roger Federer_1.jpg
Courtney Cox,Tom Cruise,,No Match,0.17433452606201172,True,0.4,640x480,70,1,10,../dataset/Tom Cruise/Tom Cruise_35.jpg
Courtney Cox,Tom Cruise,Tom Cruise,Incorrect Match,0.21344256401062012,True,0.4,640x480,70,1,10,../dataset/Tom Cruise/Tom Cruise_21.jpg
Dwayne Johnson,Andy Samberg,,No Match,0.17807841300964355,True,0.4,640x480,70,1,10,../dataset/Andy Samberg/Andy Samberg_76.jpg
Dwayne Johnson,Andy Samberg,,No Match,0.18581557273864746,True,0.4,640x480,70,1,10,../dataset/Andy Samberg/Andy Samberg_26.jpg
Dwayne Johnson,Andy Samberg,,No Face Detected in Test,0.18816757202148438,True,0.4,640x480,70,1,10,../dataset/Andy Samberg/Andy Samberg_36.jpg
Dwayne Johnson,Andy Samberg,,No Face Detected in Test,0.1615438461303711,True,0.4,640x480,70,1,10,../dataset/Andy Samberg/Andy Samberg_3.jpg
Dwayne Johnson,Andy Samberg,,No Match,0.17590022087097168,True,0.4,640x480,70,1,10,../dataset/Andy Samberg/Andy Samberg_59.jpg
Dwayne Johnson,Andy Samberg,,No Match,0.23051834106445312,True,0.4,640x480,70,1,10,../dataset/Andy Samberg/Andy Samberg_89.jpg
Dwayne Johnson,Andy Samberg,,No Face Detected in Test,0.21267247200012207,True,0.4,640x480,70,1,10,../dataset/Andy Samberg/Andy Samberg_19.jpg
Dwayne Johnson,Andy Samberg,,No Match,0.19004416465759277,True,0.4,640x480,70,1,10,../dataset/Andy Samberg/Andy Samberg_74.jpg
Dwayne Johnson,Andy Samberg,,No Match,0.21697592735290527,True,0.4,640x480,70,1,10,../dataset/Andy Samberg/Andy Samberg_64.jpg
Dwayne Johnson,Andy Samberg,,No Face Detected in Test,0.1971888542175293,True,0.4,640x480,70,1,10,../dataset/Andy Samberg/Andy Samberg_43.jpg
Dwayne Johnson,Andy Samberg,,No Match,1.9369053840637207,True,0.4,640x480,70,1,10,
Dwayne Johnson,Anushka Sharma,,No Match,0.15801310539245605,True,0.4,640x480,70,1,10,../dataset/Anushka Sharma/Anushka Sharma_19.jpg
Dwayne Johnson,Anushka Sharma,,No Match,0.20456433296203613,True,0.4,640x480,70,1,10,../dataset/Anushka Sharma/Anushka Sharma_54.jpg
Dwayne Johnson,Anushka Sharma,,No Match,0.22130584716796875,True,0.4,640x480,70,1,10,../dataset/Anushka Sharma/Anushka Sharma_24.jpg
Dwayne Johnson,Anushka Sharma,,No Match,0.2198328971862793,True,0.4,640x480,70,1,10,../dataset/Anushka Sharma/Anushka Sharma_51.jpg
Dwayne Johnson,Anushka Sharma,,No Match,0.22653913497924805,True,0.4,640x480,70,1,10,../dataset/Anushka Sharma/Anushka Sharma_28.jpg
Dwayne Johnson,Anushka Sharma,,No Match,0.21913671493530273,True,0.4,640x480,70,1,10,../dataset/Anushka Sharma/Anushka Sharma_15.jpg
Dwayne Johnson,Anushka Sharma,Anushka Sharma,Incorrect Match,0.22397351264953613,True,0.4,640x480,70,1,10,../dataset/Anushka Sharma/Anushka Sharma_32.jpg
Dwayne Johnson,Billie Eilish,,No Match,0.18014979362487793,True,0.4,640x480,70,1,10,../dataset/Billie Eilish/Billie Eilish_29.jpg
Dwayne Johnson,Billie Eilish,,No Match,0.21044063568115234,True,0.4,640x480,70,1,10,../dataset/Billie Eilish/Billie Eilish_65.jpg
Dwayne Johnson,Billie Eilish,,No Match,0.214341402053833,True,0.4,640x480,70,1,10,../dataset/Billie Eilish/Billie Eilish_83.jpg
Dwayne Johnson,Billie Eilish,,No Match,0.2274940013885498,True,0.4,640x480,70,1,10,../dataset/Billie Eilish/Billie Eilish_75.jpg
Dwayne Johnson,Billie Eilish,,No Match,0.22215938568115234,True,0.4,640x480,70,1,10,../dataset/Billie Eilish/Billie Eilish_11.jpg
Dwayne Johnson,Billie Eilish,,No Match,0.22301912307739258,True,0.4,640x480,70,1,10,../dataset/Billie Eilish/Billie Eilish_7.jpg
Dwayne Johnson,Billie Eilish,,No Match,0.22280144691467285,True,0.4,640x480,70,1,10,../dataset/Billie Eilish/Billie Eilish_94.jpg
Dwayne Johnson,Billie Eilish,,No Match,0.23158812522888184,True,0.4,640x480,70,1,10,../dataset/Billie Eilish/Billie Eilish_36.jpg
Dwayne Johnson,Billie Eilish,,No Match,0.22896599769592285,True,0.4,640x480,70,1,10,../dataset/Billie Eilish/Billie Eilish_64.jpg
Dwayne Johnson,Billie Eilish,,No Match,0.2201550006866455,True,0.4,640x480,70,1,10,../dataset/Billie Eilish/Billie Eilish_63.jpg
Dwayne Johnson,Billie Eilish,,No Match,2.181114912033081,True,0.4,640x480,70,1,10,
Dwayne Johnson,Camila Cabello,,No Face Detected in Test,0.1528913974761963,True,0.4,640x480,70,1,10,../dataset/Camila Cabello/Camila Cabello_27.jpg
Dwayne Johnson,Camila Cabello,,No Match,0.1652660369873047,True,0.4,640x480,70,1,10,../dataset/Camila Cabello/Camila Cabello_78.jpg
Dwayne Johnson,Camila Cabello,,No Match,0.20179200172424316,True,0.4,640x480,70,1,10,../dataset/Camila Cabello/Camila Cabello_86.jpg
Dwayne Johnson,Camila Cabello,,No Face Detected in Test,0.18896031379699707,True,0.4,640x480,70,1,10,../dataset/Camila Cabello/Camila Cabello_30.jpg
Dwayne Johnson,Camila Cabello,,No Face Detected in Test,0.1486058235168457,True,0.4,640x480,70,1,10,../dataset/Camila Cabello/Camila Cabello_7.jpg
Dwayne Johnson,Camila Cabello,,No Face Detected in Test,0.13712191581726074,True,0.4,640x480,70,1,10,../dataset/Camila Cabello/Camila Cabello_11.jpg
Dwayne Johnson,Camila Cabello,,No Match,0.14807677268981934,True,0.4,640x480,70,1,10,../dataset/Camila Cabello/Camila Cabello_34.jpg
Dwayne Johnson,Camila Cabello,,No Face Detected in Test,0.16639256477355957,True,0.4,640x480,70,1,10,../dataset/Camila Cabello/Camila Cabello_9.jpg
Dwayne Johnson,Camila Cabello,,No Face Detected in Test,0.1437973976135254,True,0.4,640x480,70,1,10,../dataset/Camila Cabello/Camila Cabello_22.jpg
Dwayne Johnson,Camila Cabello,,No Face Detected in Test,0.12892365455627441,True,0.4,640x480,70,1,10,../dataset/Camila Cabello/Camila Cabello_10.jpg
Dwayne Johnson,Camila Cabello,,No Match,1.5818278789520264,True,0.4,640x480,70,1,10,
Dwayne Johnson,Courtney Cox,,No Match,0.14258241653442383,True,0.4,640x480,70,1,10,../dataset/Courtney Cox/Courtney Cox_57.jpg
Dwayne Johnson,Courtney Cox,,No Match,0.19463610649108887,True,0.4,640x480,70,1,10,../dataset/Courtney Cox/Courtney Cox_64.jpg
Dwayne Johnson,Courtney Cox,,No Face Detected in Test,0.18445110321044922,True,0.4,640x480,70,1,10,../dataset/Courtney Cox/Courtney Cox_43.jpg
Dwayne Johnson,Courtney Cox,,No Match,0.16999244689941406,True,0.4,640x480,70,1,10,../dataset/Courtney Cox/Courtney Cox_37.jpg
Dwayne Johnson,Courtney Cox,,No Face Detected in Test,0.18479537963867188,True,0.4,640x480,70,1,10,../dataset/Courtney Cox/Courtney Cox_33.jpg
Dwayne Johnson,Courtney Cox,,No Match,0.17020344734191895,True,0.4,640x480,70,1,10,../dataset/Courtney Cox/Courtney Cox_72.jpg
Dwayne Johnson,Courtney Cox,,No Match,0.20987510681152344,True,0.4,640x480,70,1,10,../dataset/Courtney Cox/Courtney Cox_19.jpg
Dwayne Johnson,Courtney Cox,,No Match,0.22264766693115234,True,0.4,640x480,70,1,10,../dataset/Courtney Cox/Courtney Cox_42.jpg
Dwayne Johnson,Courtney Cox,,No Match,0.22802329063415527,True,0.4,640x480,70,1,10,../dataset/Courtney Cox/Courtney Cox_77.jpg
Dwayne Johnson,Courtney Cox,Courtney Cox,Incorrect Match,0.20589017868041992,True,0.4,640x480,70,1,10,../dataset/Courtney Cox/Courtney Cox_62.jpg
Dwayne Johnson,Dwayne Johnson,,No Match,0.21233272552490234,True,0.4,640x480,70,1,10,../dataset/Dwayne Johnson/Dwayne Johnson_27.jpg
Dwayne Johnson,Dwayne Johnson,Dwayne Johnson,Correct Match,0.22092771530151367,True,0.4,640x480,70,1,10,../dataset/Dwayne Johnson/Dwayne Johnson_59.jpg
Dwayne Johnson,Ellen Degeneres,,No Match,0.19991421699523926,True,0.4,640x480,70,1,10,../dataset/Ellen Degeneres/Ellen Degeneres_62.jpg
Dwayne Johnson,Ellen Degeneres,Ellen Degeneres,Incorrect Match,0.2130122184753418,True,0.4,640x480,70,1,10,../dataset/Ellen Degeneres/Ellen Degeneres_70.jpg
Dwayne Johnson,Hrithik Roshan,,No Match,0.17994236946105957,True,0.4,640x480,70,1,10,../dataset/Hrithik Roshan/Hrithik Roshan_98.jpg
Dwayne Johnson,Hrithik Roshan,,No Match,0.2157883644104004,True,0.4,640x480,70,1,10,../dataset/Hrithik Roshan/Hrithik Roshan_19.jpg
Dwayne Johnson,Hrithik Roshan,,No Match,0.21878695487976074,True,0.4,640x480,70,1,10,../dataset/Hrithik Roshan/Hrithik Roshan_47.jpg
Dwayne Johnson,Hrithik Roshan,,No Match,0.22460627555847168,True,0.4,640x480,70,1,10,../dataset/Hrithik Roshan/Hrithik Roshan_28.jpg
Dwayne Johnson,Hrithik Roshan,,No Match,0.27154994010925293,True,0.4,640x480,70,1,10,../dataset/Hrithik Roshan/Hrithik Roshan_57.jpg
Dwayne Johnson,Hrithik Roshan,,No Match,0.3265347480773926,True,0.4,640x480,70,1,10,../dataset/Hrithik Roshan/Hrithik Roshan_91.jpg
Dwayne Johnson,Hrithik Roshan,,No Face Detected in Test,0.2323775291442871,True,0.4,640x480,70,1,10,../dataset/Hrithik Roshan/Hrithik Roshan_34.jpg
Dwayne Johnson,Hrithik Roshan,,No Match,0.251065731048584,True,0.4,640x480,70,1,10,../dataset/Hrithik Roshan/Hrithik Roshan_68.jpg
Dwayne Johnson,Hrithik Roshan,,No Match,0.28856563568115234,True,0.4,640x480,70,1,10,../dataset/Hrithik Roshan/Hrithik Roshan_72.jpg
Dwayne Johnson,Hrithik Roshan,,No Face Detected in Test,0.22216510772705078,True,0.4,640x480,70,1,10,../dataset/Hrithik Roshan/Hrithik Roshan_99.jpg
Dwayne Johnson,Hrithik Roshan,,No Match,2.431382656097412,True,0.4,640x480,70,1,10,
Dwayne Johnson,Roger Federer,,No Match,0.26732802391052246,True,0.4,640x480,70,1,10,../dataset/Roger Federer/Roger Federer_44.jpg
Dwayne Johnson,Roger Federer,,No Match,0.2282557487487793,True,0.4,640x480,70,1,10,../dataset/Roger Federer/Roger Federer_14.jpg
Dwayne Johnson,Roger Federer,,No Face Detected in Test,0.19176340103149414,True,0.4,640x480,70,1,10,../dataset/Roger Federer/Roger Federer_5.jpg
Dwayne Johnson,Roger Federer,,No Match,0.20652246475219727,True,0.4,640x480,70,1,10,../dataset/Roger Federer/Roger Federer_23.jpg
Dwayne Johnson,Roger Federer,,No Match,0.23609614372253418,True,0.4,640x480,70,1,10,../dataset/Roger Federer/Roger Federer_45.jpg
Dwayne Johnson,Roger Federer,Roger Federer,Incorrect Match,0.2292940616607666,True,0.4,640x480,70,1,10,../dataset/Roger Federer/Roger Federer_65.jpg
Dwayne Johnson,Tom Cruise,,No Match,0.18471646308898926,True,0.4,640x480,70,1,10,../dataset/Tom Cruise/Tom Cruise_34.jpg
Dwayne Johnson,Tom Cruise,,No Face Detected in Test,0.18703484535217285,True,0.4,640x480,70,1,10,../dataset/Tom Cruise/Tom Cruise_31.jpg
Dwayne Johnson,Tom Cruise,Tom Cruise,Incorrect Match,0.1740889549255371,True,0.4,640x480,70,1,10,../dataset/Tom Cruise/Tom Cruise_21.jpg
Ellen Degeneres,Andy Samberg,,No Match,0.1775367259979248,True,0.4,640x480,70,1,10,../dataset/Andy Samberg/Andy Samberg_31.jpg
Ellen Degeneres,Andy Samberg,,No Match,0.17941713333129883,True,0.4,640x480,70,1,10,../dataset/Andy Samberg/Andy Samberg_84.jpg
Ellen Degeneres,Andy Samberg,,No Match,0.2144794464111328,True,0.4,640x480,70,1,10,../dataset/Andy Samberg/Andy Samberg_45.jpg
Ellen Degeneres,Andy Samberg,,No Face Detected in Test,0.19748187065124512,True,0.4,640x480,70,1,10,../dataset/Andy Samberg/Andy Samberg_56.jpg
Ellen Degeneres,Andy Samberg,,No Face Detected in Test,0.15601825714111328,True,0.4,640x480,70,1,10,../dataset/Andy Samberg/Andy Samberg_82.jpg
Ellen Degeneres,Andy Samberg,,No Face Detected in Test,0.14728379249572754,True,0.4,640x480,70,1,10,../dataset/Andy Samberg/Andy Samberg_71.jpg
Ellen Degeneres,Andy Samberg,,No Match,0.16048336029052734,True,0.4,640x480,70,1,10,../dataset/Andy Samberg/Andy Samberg_6.jpg
Ellen Degeneres,Andy Samberg,,No Match,0.20390868186950684,True,0.4,640x480,70,1,10,../dataset/Andy Samberg/Andy Samberg_85.jpg
Ellen Degeneres,Andy Samberg,,No Match,0.18526101112365723,True,0.4,640x480,70,1,10,../dataset/Andy Samberg/Andy Samberg_49.jpg
Ellen Degeneres,Andy Samberg,,No Face Detected in Test,0.18835783004760742,True,0.4,640x480,70,1,10,../dataset/Andy Samberg/Andy Samberg_75.jpg
Ellen Degeneres,Andy Samberg,,No Match,1.8102281093597412,True,0.4,640x480,70,1,10,
Ellen Degeneres,Anushka Sharma,,No Match,0.18307280540466309,True,0.4,640x480,70,1,10,../dataset/Anushka Sharma/Anushka Sharma_64.jpg
Ellen Degeneres,Anushka Sharma,,No Match,0.21789050102233887,True,0.4,640x480,70,1,10,../dataset/Anushka Sharma/Anushka Sharma_41.jpg
Ellen Degeneres,Anushka Sharma,,No Match,0.2304234504699707,True,0.4,640x480,70,1,10,../dataset/Anushka Sharma/Anushka Sharma_5.jpg
Ellen Degeneres,Anushka Sharma,,No Match,0.22294139862060547,True,0.4,640x480,70,1,10,../dataset/Anushka Sharma/Anushka Sharma_13.jpg
Ellen Degeneres,Anushka Sharma,,No Match,0.22370004653930664,True,0.4,640x480,70,1,10,../dataset/Anushka Sharma/Anushka Sharma_26.jpg
Ellen Degeneres,Anushka Sharma,,No Match,0.21515345573425293,True,0.4,640x480,70,1,10,../dataset/Anushka Sharma/Anushka Sharma_62.jpg
Ellen Degeneres,Anushka Sharma,,No Match,0.21810102462768555,True,0.4,640x480,70,1,10,../dataset/Anushka Sharma/Anushka Sharma_34.jpg
Ellen Degeneres,Anushka Sharma,,No Match,0.21639657020568848,True,0.4,640x480,70,1,10,../dataset/Anushka Sharma/Anushka Sharma_50.jpg
Ellen Degeneres,Anushka Sharma,,No Face Detected in Test,0.1933910846710205,True,0.4,640x480,70,1,10,../dataset/Anushka Sharma/Anushka Sharma_23.jpg
Ellen Degeneres,Anushka Sharma,,No Face Detected in Test,0.15383028984069824,True,0.4,640x480,70,1,10,../dataset/Anushka Sharma/Anushka Sharma_18.jpg
Ellen Degeneres,Anushka Sharma,,No Match,2.0749006271362305,True,0.4,640x480,70,1,10,
Ellen Degeneres,Billie Eilish,,No Match,0.14948320388793945,True,0.4,640x480,70,1,10,../dataset/Billie Eilish/Billie Eilish_74.jpg
Ellen Degeneres,Billie Eilish,,No Match,0.1825716495513916,True,0.4,640x480,70,1,10,../dataset/Billie Eilish/Billie Eilish_48.jpg
Ellen Degeneres,Billie Eilish,,No Face Detected in Test,0.17200756072998047,True,0.4,640x480,70,1,10,../dataset/Billie Eilish/Billie Eilish_25.jpg
Ellen Degeneres,Billie Eilish,,No Match,0.17142033576965332,True,0.4,640x480,70,1,10,../dataset/Billie Eilish/Billie Eilish_60.jpg
Ellen Degeneres,Billie Eilish,,No Face Detected in Test,0.172943115234375,True,0.4,640x480,70,1,10,../dataset/Billie Eilish/Billie Eilish_52.jpg
Ellen Degeneres,Billie Eilish,,No Match,0.16611480712890625,True,0.4,640x480,70,1,10,../dataset/Billie Eilish/Billie Eilish_17.jpg
Ellen Degeneres,Billie Eilish,,No Face Detected in Test,0.1834268569946289,True,0.4,640x480,70,1,10,../dataset/Billie Eilish/Billie Eilish_5.jpg
Ellen Degeneres,Billie Eilish,,No Match,0.16852903366088867,True,0.4,640x480,70,1,10,../dataset/Billie Eilish/Billie Eilish_27.jpg
Ellen Degeneres,Billie Eilish,,No Face Detected in Test,0.1569674015045166,True,0.4,640x480,70,1,10,../dataset/Billie Eilish/Billie Eilish_97.jpg
Ellen Degeneres,Billie Eilish,,No Face Detected in Test,0.14282703399658203,True,0.4,640x480,70,1,10,../dataset/Billie Eilish/Billie Eilish_20.jpg
Ellen Degeneres,Billie Eilish,,No Match,1.6662909984588623,True,0.4,640x480,70,1,10,
Ellen Degeneres,Camila Cabello,,No Match,0.14723968505859375,True,0.4,640x480,70,1,10,../dataset/Camila Cabello/Camila Cabello_65.jpg
Ellen Degeneres,Camila Cabello,,No Match,0.20158791542053223,True,0.4,640x480,70,1,10,../dataset/Camila Cabello/Camila Cabello_70.jpg
Ellen Degeneres,Camila Cabello,,No Face Detected in Test,0.1907656192779541,True,0.4,640x480,70,1,10,../dataset/Camila Cabello/Camila Cabello_22.jpg
Ellen Degeneres,Camila Cabello,,No Face Detected in Test,0.14526724815368652,True,0.4,640x480,70,1,10,../dataset/Camila Cabello/Camila Cabello_19.jpg
Ellen Degeneres,Camila Cabello,,No Face Detected in Test,0.13539814949035645,True,0.4,640x480,70,1,10,../dataset/Camila Cabello/Camila Cabello_7.jpg
Ellen Degeneres,Camila Cabello,,No Face Detected in Test,0.1307220458984375,True,0.4,640x480,70,1,10,../dataset/Camila Cabello/Camila Cabello_18.jpg
Ellen Degeneres,Camila Cabello,,No Match,0.14860105514526367,True,0.4,640x480,70,1,10,../dataset/Camila Cabello/Camila Cabello_55.jpg
Ellen Degeneres,Camila Cabello,,No Face Detected in Test,0.1689136028289795,True,0.4,640x480,70,1,10,../dataset/Camila Cabello/Camila Cabello_85.jpg
Ellen Degeneres,Camila Cabello,,No Match,0.16486787796020508,True,0.4,640x480,70,1,10,../dataset/Camila Cabello/Camila Cabello_39.jpg
Ellen Degeneres,Camila Cabello,,No Match,0.19860100746154785,True,0.4,640x480,70,1,10,../dataset/Camila Cabello/Camila Cabello_28.jpg
Ellen Degeneres,Camila Cabello,,No Match,1.6319642066955566,True,0.4,640x480,70,1,10,
Ellen Degeneres,Courtney Cox,Courtney Cox,Incorrect Match,0.17490673065185547,True,0.4,640x480,70,1,10,../dataset/Courtney Cox/Courtney Cox_40.jpg
Ellen Degeneres,Dwayne Johnson,Dwayne Johnson,Incorrect Match,0.17117810249328613,True,0.4,640x480,70,1,10,../dataset/Dwayne Johnson/Dwayne Johnson_44.jpg
Ellen Degeneres,Ellen Degeneres,Ellen Degeneres,Correct Match,0.17491531372070312,True,0.4,640x480,70,1,10,../dataset/Ellen Degeneres/Ellen Degeneres_3.jpg
Ellen Degeneres,Hrithik Roshan,,No Match,0.17624139785766602,True,0.4,640x480,70,1,10,../dataset/Hrithik Roshan/Hrithik Roshan_14.jpg
Ellen Degeneres,Hrithik Roshan,,No Match,0.21051788330078125,True,0.4,640x480,70,1,10,../dataset/Hrithik Roshan/Hrithik Roshan_95.jpg
Ellen Degeneres,Hrithik Roshan,,No Face Detected in Test,0.1918485164642334,True,0.4,640x480,70,1,10,../dataset/Hrithik Roshan/Hrithik Roshan_99.jpg
Ellen Degeneres,Hrithik Roshan,,No Match,0.17632102966308594,True,0.4,640x480,70,1,10,../dataset/Hrithik Roshan/Hrithik Roshan_72.jpg
Ellen Degeneres,Hrithik Roshan,,No Match,0.40417957305908203,True,0.4,640x480,70,1,10,../dataset/Hrithik Roshan/Hrithik Roshan_46.jpg
Ellen Degeneres,Hrithik Roshan,,No Face Detected in Test,0.20101499557495117,True,0.4,640x480,70,1,10,../dataset/Hrithik Roshan/Hrithik Roshan_5.jpg
Ellen Degeneres,Hrithik Roshan,,No Match,0.1815779209136963,True,0.4,640x480,70,1,10,../dataset/Hrithik Roshan/Hrithik Roshan_48.jpg
Ellen Degeneres,Hrithik Roshan,,No Face Detected in Test,0.1847848892211914,True,0.4,640x480,70,1,10,../dataset/Hrithik Roshan/Hrithik Roshan_23.jpg
Ellen Degeneres,Hrithik Roshan,,No Match,0.17287731170654297,True,0.4,640x480,70,1,10,../dataset/Hrithik Roshan/Hrithik Roshan_26.jpg
Ellen Degeneres,Hrithik Roshan,,No Face Detected in Test,0.19422459602355957,True,0.4,640x480,70,1,10,../dataset/Hrithik Roshan/Hrithik Roshan_27.jpg
Ellen Degeneres,Hrithik Roshan,,No Match,2.09358811378479,True,0.4,640x480,70,1,10,
Ellen Degeneres,Roger Federer,,No Match,0.18452668190002441,True,0.4,640x480,70,1,10,../dataset/Roger Federer/Roger Federer_50.jpg
Ellen Degeneres,Roger Federer,,No Match,0.20728445053100586,True,0.4,640x480,70,1,10,../dataset/Roger Federer/Roger Federer_55.jpg
Ellen Degeneres,Roger Federer,Roger Federer,Incorrect Match,0.2159404754638672,True,0.4,640x480,70,1,10,../dataset/Roger Federer/Roger Federer_1.jpg
Ellen Degeneres,Tom Cruise,,No Match,0.18224215507507324,True,0.4,640x480,70,1,10,../dataset/Tom Cruise/Tom Cruise_5.jpg
Ellen Degeneres,Tom Cruise,,No Face Detected in Test,0.18946146965026855,True,0.4,640x480,70,1,10,../dataset/Tom Cruise/Tom Cruise_18.jpg
Ellen Degeneres,Tom Cruise,,No Match,0.17329740524291992,True,0.4,640x480,70,1,10,../dataset/Tom Cruise/Tom Cruise_24.jpg
Ellen Degeneres,Tom Cruise,,No Match,0.20542407035827637,True,0.4,640x480,70,1,10,../dataset/Tom Cruise/Tom Cruise_46.jpg
Ellen Degeneres,Tom Cruise,,No Match,0.22042346000671387,True,0.4,640x480,70,1,10,../dataset/Tom Cruise/Tom Cruise_7.jpg
Ellen Degeneres,Tom Cruise,,No Face Detected in Test,0.19502520561218262,True,0.4,640x480,70,1,10,../dataset/Tom Cruise/Tom Cruise_42.jpg
Ellen Degeneres,Tom Cruise,,No Face Detected in Test,0.1589961051940918,True,0.4,640x480,70,1,10,../dataset/Tom Cruise/Tom Cruise_31.jpg
Ellen Degeneres,Tom Cruise,,No Match,0.16842055320739746,True,0.4,640x480,70,1,10,../dataset/Tom Cruise/Tom Cruise_9.jpg
Ellen Degeneres,Tom Cruise,,No Face Detected in Test,0.17461204528808594,True,0.4,640x480,70,1,10,../dataset/Tom Cruise/Tom Cruise_56.jpg
Ellen Degeneres,Tom Cruise,,No Match,0.16699719429016113,True,0.4,640x480,70,1,10,../dataset/Tom Cruise/Tom Cruise_20.jpg
Ellen Degeneres,Tom Cruise,,No Match,1.834899663925171,True,0.4,640x480,70,1,10,
Hrithik Roshan,Andy Samberg,,No Face Detected in Test,0.1492292881011963,True,0.4,640x480,70,1,10,../dataset/Andy Samberg/Andy Samberg_19.jpg
Hrithik Roshan,Andy Samberg,,No Face Detected in Test,0.13869285583496094,True,0.4,640x480,70,1,10,../dataset/Andy Samberg/Andy Samberg_54.jpg
Hrithik Roshan,Andy Samberg,,No Match,0.15692877769470215,True,0.4,640x480,70,1,10,../dataset/Andy Samberg/Andy Samberg_31.jpg
Hrithik Roshan,Andy Samberg,,No Match,0.17820501327514648,True,0.4,640x480,70,1,10,../dataset/Andy Samberg/Andy Samberg_49.jpg
Hrithik Roshan,Andy Samberg,,No Match,0.17795372009277344,True,0.4,640x480,70,1,10,../dataset/Andy Samberg/Andy Samberg_63.jpg
Hrithik Roshan,Andy Samberg,,No Match,0.21206235885620117,True,0.4,640x480,70,1,10,../dataset/Andy Samberg/Andy Samberg_50.jpg
Hrithik Roshan,Andy Samberg,,No Match,0.20652031898498535,True,0.4,640x480,70,1,10,../dataset/Andy Samberg/Andy Samberg_74.jpg
Hrithik Roshan,Andy Samberg,,No Match,0.2217416763305664,True,0.4,640x480,70,1,10,../dataset/Andy Samberg/Andy Samberg_88.jpg
Hrithik Roshan,Andy Samberg,,No Face Detected in Test,0.20507335662841797,True,0.4,640x480,70,1,10,../dataset/Andy Samberg/Andy Samberg_43.jpg
Hrithik Roshan,Andy Samberg,,No Match,0.1849958896636963,True,0.4,640x480,70,1,10,../dataset/Andy Samberg/Andy Samberg_45.jpg
Hrithik Roshan,Andy Samberg,,No Match,1.8314032554626465,True,0.4,640x480,70,1,10,
Hrithik Roshan,Anushka Sharma,,No Face Detected in Test,0.1510765552520752,True,0.4,640x480,70,1,10,../dataset/Anushka Sharma/Anushka Sharma_56.jpg
Hrithik Roshan,Anushka Sharma,,No Face Detected in Test,0.1420431137084961,True,0.4,640x480,70,1,10,../dataset/Anushka Sharma/Anushka Sharma_59.jpg
Hrithik Roshan,Anushka Sharma,,No Match,0.15270638465881348,True,0.4,640x480,70,1,10,../dataset/Anushka Sharma/Anushka Sharma_65.jpg
Hrithik Roshan,Anushka Sharma,,No Face Detected in Test,0.17540812492370605,True,0.4,640x480,70,1,10,../dataset/Anushka Sharma/Anushka Sharma_1.jpg
Hrithik Roshan,Anushka Sharma,,No Match,0.1756594181060791,True,0.4,640x480,70,1,10,../dataset/Anushka Sharma/Anushka Sharma_5.jpg
Hrithik Roshan,Anushka Sharma,,No Face Detected in Test,0.18754816055297852,True,0.4,640x480,70,1,10,../dataset/Anushka Sharma/Anushka Sharma_31.jpg
Hrithik Roshan,Anushka Sharma,,No Face Detected in Test,0.1501772403717041,True,0.4,640x480,70,1,10,../dataset/Anushka Sharma/Anushka Sharma_30.jpg
Hrithik Roshan,Anushka Sharma,,No Face Detected in Test,0.14101386070251465,True,0.4,640x480,70,1,10,../dataset/Anushka Sharma/Anushka Sharma_22.jpg
Hrithik Roshan,Anushka Sharma,,No Match,0.15635251998901367,True,0.4,640x480,70,1,10,../dataset/Anushka Sharma/Anushka Sharma_29.jpg
Hrithik Roshan,Anushka Sharma,,No Match,0.20360302925109863,True,0.4,640x480,70,1,10,../dataset/Anushka Sharma/Anushka Sharma_42.jpg
Hrithik Roshan,Anushka Sharma,,No Match,1.6355884075164795,True,0.4,640x480,70,1,10,
Hrithik Roshan,Billie Eilish,,No Match,0.1781902313232422,True,0.4,640x480,70,1,10,../dataset/Billie Eilish/Billie Eilish_31.jpg
Hrithik Roshan,Billie Eilish,,No Match,0.2059035301208496,True,0.4,640x480,70,1,10,../dataset/Billie Eilish/Billie Eilish_27.jpg
Hrithik Roshan,Billie Eilish,,No Face Detected in Test,0.18575668334960938,True,0.4,640x480,70,1,10,../dataset/Billie Eilish/Billie Eilish_68.jpg
Hrithik Roshan,Billie Eilish,,No Match,0.17211484909057617,True,0.4,640x480,70,1,10,../dataset/Billie Eilish/Billie Eilish_44.jpg
Hrithik Roshan,Billie Eilish,,No Match,0.21311020851135254,True,0.4,640x480,70,1,10,../dataset/Billie Eilish/Billie Eilish_46.jpg
Hrithik Roshan,Billie Eilish,,No Match,0.19008469581604004,True,0.4,640x480,70,1,10,../dataset/Billie Eilish/Billie Eilish_9.jpg
Hrithik Roshan,Billie Eilish,,No Match,0.20862960815429688,True,0.4,640x480,70,1,10,../dataset/Billie Eilish/Billie Eilish_58.jpg
Hrithik Roshan,Billie Eilish,,No Match,0.24351787567138672,True,0.4,640x480,70,1,10,../dataset/Billie Eilish/Billie Eilish_33.jpg
Hrithik Roshan,Billie Eilish,Billie Eilish,Incorrect Match,0.20322489738464355,True,0.4,640x480,70,1,10,../dataset/Billie Eilish/Billie Eilish_30.jpg
Hrithik Roshan,Camila Cabello,,No Match,0.1840517520904541,True,0.4,640x480,70,1,10,../dataset/Camila Cabello/Camila Cabello_23.jpg
Hrithik Roshan,Camila Cabello,,No Match,0.21533417701721191,True,0.4,640x480,70,1,10,../dataset/Camila Cabello/Camila Cabello_80.jpg
Hrithik Roshan,Camila Cabello,,No Match,0.18982744216918945,True,0.4,640x480,70,1,10,../dataset/Camila Cabello/Camila Cabello_38.jpg
Hrithik Roshan,Camila Cabello,Camila Cabello,Incorrect Match,0.2154102325439453,True,0.4,640x480,70,1,10,../dataset/Camila Cabello/Camila Cabello_17.jpg
Hrithik Roshan,Courtney Cox,Courtney Cox,Incorrect Match,0.22417807579040527,True,0.4,640x480,70,1,10,../dataset/Courtney Cox/Courtney Cox_38.jpg
Hrithik Roshan,Dwayne Johnson,,No Match,0.1858680248260498,True,0.4,640x480,70,1,10,../dataset/Dwayne Johnson/Dwayne Johnson_23.jpg
Hrithik Roshan,Dwayne Johnson,,No Face Detected in Test,0.1866447925567627,True,0.4,640x480,70,1,10,../dataset/Dwayne Johnson/Dwayne Johnson_50.jpg
Hrithik Roshan,Dwayne Johnson,Dwayne Johnson,Incorrect Match,0.17383980751037598,True,0.4,640x480,70,1,10,../dataset/Dwayne Johnson/Dwayne Johnson_9.jpg
Hrithik Roshan,Ellen Degeneres,Ellen Degeneres,Incorrect Match,0.2049400806427002,True,0.4,640x480,70,1,10,../dataset/Ellen Degeneres/Ellen Degeneres_56.jpg
Hrithik Roshan,Hrithik Roshan,,No Face Detected in Test,0.156080961227417,True,0.4,640x480,70,1,10,../dataset/Hrithik Roshan/Hrithik Roshan_5.jpg
Hrithik Roshan,Hrithik Roshan,,No Face Detected in Test,0.1546781063079834,True,0.4,640x480,70,1,10,../dataset/Hrithik Roshan/Hrithik Roshan_100.jpg
Hrithik Roshan,Hrithik Roshan,,No Match,0.16133642196655273,True,0.4,640x480,70,1,10,../dataset/Hrithik Roshan/Hrithik Roshan_83.jpg
Hrithik Roshan,Hrithik Roshan,,No Match,0.20670843124389648,True,0.4,640x480,70,1,10,../dataset/Hrithik Roshan/Hrithik Roshan_80.jpg
Hrithik Roshan,Hrithik Roshan,,No Match,0.20594286918640137,True,0.4,640x480,70,1,10,../dataset/Hrithik Roshan/Hrithik Roshan_36.jpg
Hrithik Roshan,Hrithik Roshan,,No Match,0.22318291664123535,True,0.4,640x480,70,1,10,../dataset/Hrithik Roshan/Hrithik Roshan_98.jpg
Hrithik Roshan,Hrithik Roshan,,No Match,0.22447729110717773,True,0.4,640x480,70,1,10,../dataset/Hrithik Roshan/Hrithik Roshan_42.jpg
Hrithik Roshan,Hrithik Roshan,,No Match,0.2303609848022461,True,0.4,640x480,70,1,10,../dataset/Hrithik Roshan/Hrithik Roshan_4.jpg
Hrithik Roshan,Hrithik Roshan,,No Match,0.270097017288208,True,0.4,640x480,70,1,10,../dataset/Hrithik Roshan/Hrithik Roshan_46.jpg
Hrithik Roshan,Hrithik Roshan,,No Face Detected in Test,0.2431938648223877,True,0.4,640x480,70,1,10,../dataset/Hrithik Roshan/Hrithik Roshan_7.jpg
Hrithik Roshan,Hrithik Roshan,,No Match,2.076058864593506,True,0.4,640x480,70,1,10,
Hrithik Roshan,Roger Federer,,No Match,0.21371722221374512,True,0.4,640x480,70,1,10,../dataset/Roger Federer/Roger Federer_33.jpg
Hrithik Roshan,Roger Federer,Roger Federer,Incorrect Match,0.2696671485900879,True,0.4,640x480,70,1,10,../dataset/Roger Federer/Roger Federer_26.jpg
Hrithik Roshan,Tom Cruise,,No Match,0.23462319374084473,True,0.4,640x480,70,1,10,../dataset/Tom Cruise/Tom Cruise_47.jpg
Hrithik Roshan,Tom Cruise,,No Match,0.25311803817749023,True,0.4,640x480,70,1,10,../dataset/Tom Cruise/Tom Cruise_9.jpg
Hrithik Roshan,Tom Cruise,,No Match,0.22688817977905273,True,0.4,640x480,70,1,10,../dataset/Tom Cruise/Tom Cruise_16.jpg
Hrithik Roshan,Tom Cruise,,No Match,0.22540521621704102,True,0.4,640x480,70,1,10,../dataset/Tom Cruise/Tom Cruise_57.jpg
Hrithik Roshan,Tom Cruise,Tom Cruise,Incorrect Match,0.23265528678894043,True,0.4,640x480,70,1,10,../dataset/Tom Cruise/Tom Cruise_17.jpg
Roger Federer,Andy Samberg,,No Face Detected in Test,0.22657346725463867,True,0.4,640x480,70,1,10,../dataset/Andy Samberg/Andy Samberg_8.jpg
Roger Federer,Andy Samberg,,No Match,0.22563672065734863,True,0.4,640x480,70,1,10,../dataset/Andy Samberg/Andy Samberg_38.jpg
Roger Federer,Andy Samberg,,No Match,0.18788909912109375,True,0.4,640x480,70,1,10,../dataset/Andy Samberg/Andy Samberg_37.jpg
Roger Federer,Andy Samberg,,No Face Detected in Test,0.19002485275268555,True,0.4,640x480,70,1,10,../dataset/Andy Samberg/Andy Samberg_39.jpg
Roger Federer,Andy Samberg,,No Face Detected in Test,0.1741640567779541,True,0.4,640x480,70,1,10,../dataset/Andy Samberg/Andy Samberg_71.jpg
Roger Federer,Andy Samberg,,No Match,0.17736029624938965,True,0.4,640x480,70,1,10,../dataset/Andy Samberg/Andy Samberg_80.jpg
Roger Federer,Andy Samberg,,No Face Detected in Test,0.18685245513916016,True,0.4,640x480,70,1,10,../dataset/Andy Samberg/Andy Samberg_10.jpg
Roger Federer,Andy Samberg,,No Match,0.1710824966430664,True,0.4,640x480,70,1,10,../dataset/Andy Samberg/Andy Samberg_12.jpg
Roger Federer,Andy Samberg,,No Face Detected in Test,0.180647611618042,True,0.4,640x480,70,1,10,../dataset/Andy Samberg/Andy Samberg_48.jpg
Roger Federer,Andy Samberg,,No Match,0.17496228218078613,True,0.4,640x480,70,1,10,../dataset/Andy Samberg/Andy Samberg_15.jpg
Roger Federer,Andy Samberg,,No Match,1.895193338394165,True,0.4,640x480,70,1,10,
Roger Federer,Anushka Sharma,,No Face Detected in Test,0.15342116355895996,True,0.4,640x480,70,1,10,../dataset/Anushka Sharma/Anushka Sharma_44.jpg
Roger Federer,Anushka Sharma,,No Match,0.16303229331970215,True,0.4,640x480,70,1,10,../dataset/Anushka Sharma/Anushka Sharma_64.jpg
Roger Federer,Anushka Sharma,,No Match,0.20907878875732422,True,0.4,640x480,70,1,10,../dataset/Anushka Sharma/Anushka Sharma_34.jpg
Roger Federer,Anushka Sharma,,No Match,0.21637177467346191,True,0.4,640x480,70,1,10,../dataset/Anushka Sharma/Anushka Sharma_61.jpg
Roger Federer,Anushka Sharma,,No Match,0.22198224067687988,True,0.4,640x480,70,1,10,../dataset/Anushka Sharma/Anushka Sharma_42.jpg
Roger Federer,Anushka Sharma,,No Match,0.23002266883850098,True,0.4,640x480,70,1,10,../dataset/Anushka Sharma/Anushka Sharma_27.jpg
Roger Federer,Anushka Sharma,,No Match,0.23226261138916016,True,0.4,640x480,70,1,10,../dataset/Anushka Sharma/Anushka Sharma_9.jpg
Roger Federer,Anushka Sharma,,No Face Detected in Test,0.1970839500427246,True,0.4,640x480,70,1,10,../dataset/Anushka Sharma/Anushka Sharma_4.jpg
Roger Federer,Anushka Sharma,,No Match,0.1800687313079834,True,0.4,640x480,70,1,10,../dataset/Anushka Sharma/Anushka Sharma_40.jpg
Roger Federer,Anushka Sharma,,No Match,0.21525979042053223,True,0.4,640x480,70,1,10,../dataset/Anushka Sharma/Anushka Sharma_35.jpg
Roger Federer,Anushka Sharma,,No Match,2.0185840129852295,True,0.4,640x480,70,1,10,
Roger Federer,Billie Eilish,,No Match,0.20149827003479004,True,0.4,640x480,70,1,10,../dataset/Billie Eilish/Billie Eilish_63.jpg
Roger Federer,Billie Eilish,,No Match,0.20914125442504883,True,0.4,640x480,70,1,10,../dataset/Billie Eilish/Billie Eilish_88.jpg
Roger Federer,Billie Eilish,,No Match,0.19783687591552734,True,0.4,640x480,70,1,10,../dataset/Billie Eilish/Billie Eilish_53.jpg
Roger Federer,Billie Eilish,,No Face Detected in Test,0.17687416076660156,True,0.4,640x480,70,1,10,../dataset/Billie Eilish/Billie Eilish_92.jpg
Roger Federer,Billie Eilish,,No Match,0.1678025722503662,True,0.4,640x480,70,1,10,../dataset/Billie Eilish/Billie Eilish_40.jpg
Roger Federer,Billie Eilish,,No Match,0.19272756576538086,True,0.4,640x480,70,1,10,../dataset/Billie Eilish/Billie Eilish_49.jpg
Roger Federer,Billie Eilish,,No Match,0.20862746238708496,True,0.4,640x480,70,1,10,../dataset/Billie Eilish/Billie Eilish_19.jpg
Roger Federer,Billie Eilish,,No Match,0.21876263618469238,True,0.4,640x480,70,1,10,../dataset/Billie Eilish/Billie Eilish_43.jpg
Roger Federer,Billie Eilish,,No Face Detected in Test,0.19027137756347656,True,0.4,640x480,70,1,10,../dataset/Billie Eilish/Billie Eilish_68.jpg
Roger Federer,Billie Eilish,,No Match,0.18060636520385742,True,0.4,640x480,70,1,10,../dataset/Billie Eilish/Billie Eilish_62.jpg
Roger Federer,Billie Eilish,,No Match,1.9441485404968262,True,0.4,640x480,70,1,10,
Roger Federer,Camila Cabello,,No Face Detected in Test,0.15295720100402832,True,0.4,640x480,70,1,10,../dataset/Camila Cabello/Camila Cabello_42.jpg
Roger Federer,Camila Cabello,,No Match,0.16169095039367676,True,0.4,640x480,70,1,10,../dataset/Camila Cabello/Camila Cabello_68.jpg
Roger Federer,Camila Cabello,,No Match,0.211456298828125,True,0.4,640x480,70,1,10,../dataset/Camila Cabello/Camila Cabello_60.jpg
Roger Federer,Camila Cabello,,No Match,0.18563389778137207,True,0.4,640x480,70,1,10,../dataset/Camila Cabello/Camila Cabello_78.jpg
Roger Federer,Camila Cabello,,No Face Detected in Test,0.1778569221496582,True,0.4,640x480,70,1,10,../dataset/Camila Cabello/Camila Cabello_15.jpg
Roger Federer,Camila Cabello,,No Match,0.16965055465698242,True,0.4,640x480,70,1,10,../dataset/Camila Cabello/Camila Cabello_39.jpg
Roger Federer,Camila Cabello,,No Match,0.2015669345855713,True,0.4,640x480,70,1,10,../dataset/Camila Cabello/Camila Cabello_34.jpg
Roger Federer,Camila Cabello,,No Face Detected in Test,0.16582679748535156,True,0.4,640x480,70,1,10,../dataset/Camila Cabello/Camila Cabello_49.jpg
Roger Federer,Camila Cabello,,No Match,0.1676476001739502,True,0.4,640x480,70,1,10,../dataset/Camila Cabello/Camila Cabello_44.jpg
Roger Federer,Camila Cabello,,No Match,0.18407440185546875,True,0.4,640x480,70,1,10,../dataset/Camila Cabello/Camila Cabello_32.jpg
Roger Federer,Camila Cabello,,No Match,1.7783615589141846,True,0.4,640x480,70,1,10,
Roger Federer,Courtney Cox,,No Face Detected in Test,0.14844584465026855,True,0.4,640x480,70,1,10,../dataset/Courtney Cox/Courtney Cox_67.jpg
Roger Federer,Courtney Cox,,No Match,0.1579892635345459,True,0.4,640x480,70,1,10,../dataset/Courtney Cox/Courtney Cox_18.jpg
Roger Federer,Courtney Cox,,No Face Detected in Test,0.1801893711090088,True,0.4,640x480,70,1,10,../dataset/Courtney Cox/Courtney Cox_71.jpg
Roger Federer,Courtney Cox,Courtney Cox,Incorrect Match,0.18621230125427246,True,0.4,640x480,70,1,10,../dataset/Courtney Cox/Courtney Cox_52.jpg
Roger Federer,Dwayne Johnson,Dwayne Johnson,Incorrect Match,0.18989944458007812,True,0.4,640x480,70,1,10,../dataset/Dwayne Johnson/Dwayne Johnson_58.jpg
Roger Federer,Ellen Degeneres,,No Face Detected in Test,0.15577387809753418,True,0.4,640x480,70,1,10,../dataset/Ellen Degeneres/Ellen Degeneres_22.jpg
Roger Federer,Ellen Degeneres,Ellen Degeneres,Incorrect Match,0.17524480819702148,True,0.4,640x480,70,1,10,../dataset/Ellen Degeneres/Ellen Degeneres_42.jpg
Roger Federer,Hrithik Roshan,,No Match,0.1752774715423584,True,0.4,640x480,70,1,10,../dataset/Hrithik Roshan/Hrithik Roshan_57.jpg
Roger Federer,Hrithik Roshan,,No Match,0.2158362865447998,True,0.4,640x480,70,1,10,../dataset/Hrithik Roshan/Hrithik Roshan_70.jpg
Roger Federer,Hrithik Roshan,,No Face Detected in Test,0.22406291961669922,True,0.4,640x480,70,1,10,../dataset/Hrithik Roshan/Hrithik Roshan_97.jpg
Roger Federer,Hrithik Roshan,,No Match,0.2235269546508789,True,0.4,640x480,70,1,10,../dataset/Hrithik Roshan/Hrithik Roshan_60.jpg
Roger Federer,Hrithik Roshan,,No Face Detected in Test,0.22048616409301758,True,0.4,640x480,70,1,10,../dataset/Hrithik Roshan/Hrithik Roshan_5.jpg
Roger Federer,Hrithik Roshan,,No Match,0.24049854278564453,True,0.4,640x480,70,1,10,../dataset/Hrithik Roshan/Hrithik Roshan_20.jpg
Roger Federer,Hrithik Roshan,,No Match,0.28465938568115234,True,0.4,640x480,70,1,10,../dataset/Hrithik Roshan/Hrithik Roshan_24.jpg
Roger Federer,Hrithik Roshan,,No Match,0.2992820739746094,True,0.4,640x480,70,1,10,../dataset/Hrithik Roshan/Hrithik Roshan_92.jpg
Roger Federer,Hrithik Roshan,,No Face Detected in Test,0.2309889793395996,True,0.4,640x480,70,1,10,../dataset/Hrithik Roshan/Hrithik Roshan_78.jpg
Roger Federer,Hrithik Roshan,,No Match,0.24224591255187988,True,0.4,640x480,70,1,10,../dataset/Hrithik Roshan/Hrithik Roshan_15.jpg
Roger Federer,Hrithik Roshan,,No Match,2.3568646907806396,True,0.4,640x480,70,1,10,
Roger Federer,Roger Federer,,No Match,0.1963973045349121,True,0.4,640x480,70,1,10,../dataset/Roger Federer/Roger Federer_74.jpg
Roger Federer,Roger Federer,,No Match,0.21414589881896973,True,0.4,640x480,70,1,10,../dataset/Roger Federer/Roger Federer_42.jpg
Roger Federer,Roger Federer,Roger Federer,Correct Match,0.22163128852844238,True,0.4,640x480,70,1,10,../dataset/Roger Federer/Roger Federer_54.jpg
Roger Federer,Tom Cruise,,No Face Detected in Test,0.1706397533416748,True,0.4,640x480,70,1,10,../dataset/Tom Cruise/Tom Cruise_38.jpg
Roger Federer,Tom Cruise,,No Match,0.22362422943115234,True,0.4,640x480,70,1,10,../dataset/Tom Cruise/Tom Cruise_39.jpg
Roger Federer,Tom Cruise,,No Match,0.24457550048828125,True,0.4,640x480,70,1,10,../dataset/Tom Cruise/Tom Cruise_20.jpg
Roger Federer,Tom Cruise,,No Face Detected in Test,0.2029736042022705,True,0.4,640x480,70,1,10,../dataset/Tom Cruise/Tom Cruise_31.jpg
Roger Federer,Tom Cruise,,No Face Detected in Test,0.15727877616882324,True,0.4,640x480,70,1,10,../dataset/Tom Cruise/Tom Cruise_36.jpg
Roger Federer,Tom Cruise,,No Match,0.19585371017456055,True,0.4,640x480,70,1,10,../dataset/Tom Cruise/Tom Cruise_16.jpg
Roger Federer,Tom Cruise,,No Face Detected in Test,0.17125606536865234,True,0.4,640x480,70,1,10,../dataset/Tom Cruise/Tom Cruise_43.jpg
Roger Federer,Tom Cruise,,No Face Detected in Test,0.14970993995666504,True,0.4,640x480,70,1,10,../dataset/Tom Cruise/Tom Cruise_27.jpg
Roger Federer,Tom Cruise,,No Match,0.16566205024719238,True,0.4,640x480,70,1,10,../dataset/Tom Cruise/Tom Cruise_40.jpg
Roger Federer,Tom Cruise,,No Match,0.20229101181030273,True,0.4,640x480,70,1,10,../dataset/Tom Cruise/Tom Cruise_57.jpg
Roger Federer,Tom Cruise,,No Match,1.8838646411895752,True,0.4,640x480,70,1,10,
Tom Cruise,Andy Samberg,,No Face Detected in Test,0.15799331665039062,True,0.4,640x480,70,1,10,../dataset/Andy Samberg/Andy Samberg_3.jpg
Tom Cruise,Andy Samberg,,No Match,0.1661825180053711,True,0.4,640x480,70,1,10,../dataset/Andy Samberg/Andy Samberg_35.jpg
Tom Cruise,Andy Samberg,,No Match,0.21150755882263184,True,0.4,640x480,70,1,10,../dataset/Andy Samberg/Andy Samberg_50.jpg
Tom Cruise,Andy Samberg,,No Face Detected in Test,0.19531774520874023,True,0.4,640x480,70,1,10,../dataset/Andy Samberg/Andy Samberg_87.jpg
Tom Cruise,Andy Samberg,,No Face Detected in Test,0.1510171890258789,True,0.4,640x480,70,1,10,../dataset/Andy Samberg/Andy Samberg_54.jpg
Tom Cruise,Andy Samberg,,No Match,0.16477251052856445,True,0.4,640x480,70,1,10,../dataset/Andy Samberg/Andy Samberg_24.jpg
Tom Cruise,Andy Samberg,,No Face Detected in Test,0.17781901359558105,True,0.4,640x480,70,1,10,../dataset/Andy Samberg/Andy Samberg_61.jpg
Tom Cruise,Andy Samberg,,No Match,0.1748354434967041,True,0.4,640x480,70,1,10,../dataset/Andy Samberg/Andy Samberg_30.jpg
Tom Cruise,Andy Samberg,,No Face Detected in Test,0.18829774856567383,True,0.4,640x480,70,1,10,../dataset/Andy Samberg/Andy Samberg_48.jpg
Tom Cruise,Andy Samberg,,No Face Detected in Test,0.15542006492614746,True,0.4,640x480,70,1,10,../dataset/Andy Samberg/Andy Samberg_72.jpg
Tom Cruise,Andy Samberg,,No Match,1.7431631088256836,True,0.4,640x480,70,1,10,
Tom Cruise,Anushka Sharma,,No Match,0.15297818183898926,True,0.4,640x480,70,1,10,../dataset/Anushka Sharma/Anushka Sharma_3.jpg
Tom Cruise,Anushka Sharma,,No Match,0.2021656036376953,True,0.4,640x480,70,1,10,../dataset/Anushka Sharma/Anushka Sharma_47.jpg
Tom Cruise,Anushka Sharma,,No Match,0.21593570709228516,True,0.4,640x480,70,1,10,../dataset/Anushka Sharma/Anushka Sharma_11.jpg
Tom Cruise,Anushka Sharma,,No Match,0.2210383415222168,True,0.4,640x480,70,1,10,../dataset/Anushka Sharma/Anushka Sharma_40.jpg
Tom Cruise,Anushka Sharma,,No Match,0.20099735260009766,True,0.4,640x480,70,1,10,../dataset/Anushka Sharma/Anushka Sharma_65.jpg
Tom Cruise,Anushka Sharma,,No Match,0.2177567481994629,True,0.4,640x480,70,1,10,../dataset/Anushka Sharma/Anushka Sharma_21.jpg
Tom Cruise,Anushka Sharma,,No Face Detected in Test,0.19870495796203613,True,0.4,640x480,70,1,10,../dataset/Anushka Sharma/Anushka Sharma_31.jpg
Tom Cruise,Anushka Sharma,,No Face Detected in Test,0.15284490585327148,True,0.4,640x480,70,1,10,../dataset/Anushka Sharma/Anushka Sharma_56.jpg
Tom Cruise,Anushka Sharma,,No Face Detected in Test,0.1405041217803955,True,0.4,640x480,70,1,10,../dataset/Anushka Sharma/Anushka Sharma_25.jpg
Tom Cruise,Anushka Sharma,,No Face Detected in Test,0.13179421424865723,True,0.4,640x480,70,1,10,../dataset/Anushka Sharma/Anushka Sharma_36.jpg
Tom Cruise,Anushka Sharma,,No Match,1.8347201347351074,True,0.4,640x480,70,1,10,
Tom Cruise,Billie Eilish,,No Match,0.14752984046936035,True,0.4,640x480,70,1,10,../dataset/Billie Eilish/Billie Eilish_53.jpg
Tom Cruise,Billie Eilish,,No Face Detected in Test,0.17426800727844238,True,0.4,640x480,70,1,10,../dataset/Billie Eilish/Billie Eilish_26.jpg
Tom Cruise,Billie Eilish,,No Match,0.1713247299194336,True,0.4,640x480,70,1,10,../dataset/Billie Eilish/Billie Eilish_63.jpg
Tom Cruise,Billie Eilish,,No Match,0.20100140571594238,True,0.4,640x480,70,1,10,../dataset/Billie Eilish/Billie Eilish_86.jpg
Tom Cruise,Billie Eilish,,No Match,0.21030592918395996,True,0.4,640x480,70,1,10,../dataset/Billie Eilish/Billie Eilish_67.jpg
Tom Cruise,Billie Eilish,,No Match,0.22346115112304688,True,0.4,640x480,70,1,10,../dataset/Billie Eilish/Billie Eilish_69.jpg
Tom Cruise,Billie Eilish,,No Match,0.22092509269714355,True,0.4,640x480,70,1,10,../dataset/Billie Eilish/Billie Eilish_57.jpg
Tom Cruise,Billie Eilish,,No Face Detected in Test,0.15526747703552246,True,0.4,640x480,70,1,10,../dataset/Billie Eilish/Billie Eilish_96.jpg
Tom Cruise,Billie Eilish,,No Match,0.16296005249023438,True,0.4,640x480,70,1,10,../dataset/Billie Eilish/Billie Eilish_44.jpg
Tom Cruise,Billie Eilish,,No Face Detected in Test,0.17958331108093262,True,0.4,640x480,70,1,10,../dataset/Billie Eilish/Billie Eilish_15.jpg
Tom Cruise,Billie Eilish,,No Match,1.8466269969940186,True,0.4,640x480,70,1,10,
Tom Cruise,Camila Cabello,,No Match,0.15722250938415527,True,0.4,640x480,70,1,10,../dataset/Camila Cabello/Camila Cabello_71.jpg
Tom Cruise,Camila Cabello,,No Face Detected in Test,0.1794910430908203,True,0.4,640x480,70,1,10,../dataset/Camila Cabello/Camila Cabello_73.jpg
Tom Cruise,Camila Cabello,,No Match,0.17084097862243652,True,0.4,640x480,70,1,10,../dataset/Camila Cabello/Camila Cabello_54.jpg
Tom Cruise,Camila Cabello,,No Face Detected in Test,0.18236827850341797,True,0.4,640x480,70,1,10,../dataset/Camila Cabello/Camila Cabello_53.jpg
Tom Cruise,Camila Cabello,,No Face Detected in Test,0.14781832695007324,True,0.4,640x480,70,1,10,../dataset/Camila Cabello/Camila Cabello_42.jpg
Tom Cruise,Camila Cabello,,No Face Detected in Test,0.13731908798217773,True,0.4,640x480,70,1,10,../dataset/Camila Cabello/Camila Cabello_18.jpg
Tom Cruise,Camila Cabello,,No Match,0.15464997291564941,True,0.4,640x480,70,1,10,../dataset/Camila Cabello/Camila Cabello_60.jpg
Tom Cruise,Camila Cabello,,No Face Detected in Test,0.1762256622314453,True,0.4,640x480,70,1,10,../dataset/Camila Cabello/Camila Cabello_81.jpg
Tom Cruise,Camila Cabello,,No Face Detected in Test,0.14421558380126953,True,0.4,640x480,70,1,10,../dataset/Camila Cabello/Camila Cabello_6.jpg
Tom Cruise,Camila Cabello,,No Match,0.1631922721862793,True,0.4,640x480,70,1,10,../dataset/Camila Cabello/Camila Cabello_65.jpg
Tom Cruise,Camila Cabello,,No Match,1.6133437156677246,True,0.4,640x480,70,1,10,
Tom Cruise,Courtney Cox,Courtney Cox,Incorrect Match,0.17030572891235352,True,0.4,640x480,70,1,10,../dataset/Courtney Cox/Courtney Cox_38.jpg
Tom Cruise,Dwayne Johnson,,No Match,0.16591906547546387,True,0.4,640x480,70,1,10,../dataset/Dwayne Johnson/Dwayne Johnson_29.jpg
Tom Cruise,Dwayne Johnson,Dwayne Johnson,Incorrect Match,0.21392512321472168,True,0.4,640x480,70,1,10,../dataset/Dwayne Johnson/Dwayne Johnson_45.jpg
Tom Cruise,Ellen Degeneres,,No Match,0.17671775817871094,True,0.4,640x480,70,1,10,../dataset/Ellen Degeneres/Ellen Degeneres_66.jpg
Tom Cruise,Ellen Degeneres,,No Match,0.19662022590637207,True,0.4,640x480,70,1,10,../dataset/Ellen Degeneres/Ellen Degeneres_7.jpg
Tom Cruise,Ellen Degeneres,,No Match,0.21881604194641113,True,0.4,640x480,70,1,10,../dataset/Ellen Degeneres/Ellen Degeneres_49.jpg
Tom Cruise,Ellen Degeneres,,No Match,0.21716713905334473,True,0.4,640x480,70,1,10,../dataset/Ellen Degeneres/Ellen Degeneres_63.jpg
Tom Cruise,Ellen Degeneres,,No Face Detected in Test,0.1656200885772705,True,0.4,640x480,70,1,10,../dataset/Ellen Degeneres/Ellen Degeneres_72.jpg
Tom Cruise,Ellen Degeneres,Ellen Degeneres,Incorrect Match,0.17742228507995605,True,0.4,640x480,70,1,10,../dataset/Ellen Degeneres/Ellen Degeneres_56.jpg
Tom Cruise,Hrithik Roshan,,No Match,0.17439842224121094,True,0.4,640x480,70,1,10,../dataset/Hrithik Roshan/Hrithik Roshan_55.jpg
Tom Cruise,Hrithik Roshan,,No Face Detected in Test,0.188507080078125,True,0.4,640x480,70,1,10,../dataset/Hrithik Roshan/Hrithik Roshan_84.jpg
Tom Cruise,Hrithik Roshan,,No Match,0.17597150802612305,True,0.4,640x480,70,1,10,../dataset/Hrithik Roshan/Hrithik Roshan_32.jpg
Tom Cruise,Hrithik Roshan,,No Match,0.23001670837402344,True,0.4,640x480,70,1,10,../dataset/Hrithik Roshan/Hrithik Roshan_21.jpg
Tom Cruise,Hrithik Roshan,,No Face Detected in Test,0.20350408554077148,True,0.4,640x480,70,1,10,../dataset/Hrithik Roshan/Hrithik Roshan_38.jpg
Tom Cruise,Hrithik Roshan,,No Face Detected in Test,0.1657414436340332,True,0.4,640x480,70,1,10,../dataset/Hrithik Roshan/Hrithik Roshan_6.jpg
Tom Cruise,Hrithik Roshan,,No Match,0.19979572296142578,True,0.4,640x480,70,1,10,../dataset/Hrithik Roshan/Hrithik Roshan_44.jpg
Tom Cruise,Hrithik Roshan,,No Face Detected in Test,0.1880817413330078,True,0.4,640x480,70,1,10,../dataset/Hrithik Roshan/Hrithik Roshan_23.jpg
Tom Cruise,Hrithik Roshan,,No Match,0.17192864418029785,True,0.4,640x480,70,1,10,../dataset/Hrithik Roshan/Hrithik Roshan_24.jpg
Tom Cruise,Hrithik Roshan,,No Match,0.20765066146850586,True,0.4,640x480,70,1,10,../dataset/Hrithik Roshan/Hrithik Roshan_63.jpg
Tom Cruise,Hrithik Roshan,,No Match,1.9055960178375244,True,0.4,640x480,70,1,10,
Tom Cruise,Roger Federer,,No Match,0.17770671844482422,True,0.4,640x480,70,1,10,../dataset/Roger Federer/Roger Federer_38.jpg
Tom Cruise,Roger Federer,,No Match,0.21032142639160156,True,0.4,640x480,70,1,10,../dataset/Roger Federer/Roger Federer_33.jpg
Tom Cruise,Roger Federer,,No Match,0.1860048770904541,True,0.4,640x480,70,1,10,../dataset/Roger Federer/Roger Federer_20.jpg
Tom Cruise,Roger Federer,,No Match,0.20022082328796387,True,0.4,640x480,70,1,10,../dataset/Roger Federer/Roger Federer_55.jpg
Tom Cruise,Roger Federer,,No Face Detected in Test,0.1819145679473877,True,0.4,640x480,70,1,10,../dataset/Roger Federer/Roger Federer_5.jpg
Tom Cruise,Roger Federer,,No Match,0.1721937656402588,True,0.4,640x480,70,1,10,../dataset/Roger Federer/Roger Federer_73.jpg
Tom Cruise,Roger Federer,,No Match,0.20827603340148926,True,0.4,640x480,70,1,10,../dataset/Roger Federer/Roger Federer_9.jpg
Tom Cruise,Roger Federer,,No Match,0.21602964401245117,True,0.4,640x480,70,1,10,../dataset/Roger Federer/Roger Federer_37.jpg
Tom Cruise,Roger Federer,,No Match,0.2216188907623291,True,0.4,640x480,70,1,10,../dataset/Roger Federer/Roger Federer_67.jpg
Tom Cruise,Roger Federer,,No Match,0.21661114692687988,True,0.4,640x480,70,1,10,../dataset/Roger Federer/Roger Federer_74.jpg
Tom Cruise,Roger Federer,,No Match,1.9908978939056396,True,0.4,640x480,70,1,10,
Tom Cruise,Tom Cruise,,No Face Detected in Test,0.1560211181640625,True,0.4,640x480,70,1,10,../dataset/Tom Cruise/Tom Cruise_38.jpg
Tom Cruise,Tom Cruise,,No Face Detected in Test,0.1445000171661377,True,0.4,640x480,70,1,10,../dataset/Tom Cruise/Tom Cruise_33.jpg
Tom Cruise,Tom Cruise,,No Face Detected in Test,0.13690567016601562,True,0.4,640x480,70,1,10,../dataset/Tom Cruise/Tom Cruise_13.jpg
Tom Cruise,Tom Cruise,,No Face Detected in Test,0.13041186332702637,True,0.4,640x480,70,1,10,../dataset/Tom Cruise/Tom Cruise_51.jpg
Tom Cruise,Tom Cruise,,No Match,0.1471574306488037,True,0.4,640x480,70,1,10,../dataset/Tom Cruise/Tom Cruise_4.jpg
Tom Cruise,Tom Cruise,,No Face Detected in Test,0.16573572158813477,True,0.4,640x480,70,1,10,../dataset/Tom Cruise/Tom Cruise_28.jpg
Tom Cruise,Tom Cruise,,No Match,0.17620563507080078,True,0.4,640x480,70,1,10,../dataset/Tom Cruise/Tom Cruise_46.jpg
Tom Cruise,Tom Cruise,,No Match,0.26641297340393066,True,0.4,640x480,70,1,10,../dataset/Tom Cruise/Tom Cruise_5.jpg
Tom Cruise,Tom Cruise,Tom Cruise,Correct Match,0.2333376407623291,True,0.4,640x480,70,1,10,../dataset/Tom Cruise/Tom Cruise_21.jpg
Andy Samberg,Andy Samberg,,No Match,0.15664219856262207,True,0.5,240x160,70,1,10,../dataset/Andy Samberg/Andy Samberg_18.jpg
Andy Samberg,Andy Samberg,,No Face Detected in Test,0.034780263900756836,True,0.5,240x160,70,1,10,../dataset/Andy Samberg/Andy Samberg_56.jpg
Andy Samberg,Andy Samberg,,No Match,0.07661056518554688,True,0.5,240x160,70,1,10,../dataset/Andy Samberg/Andy Samberg_64.jpg
Andy Samberg,Andy Samberg,,No Face Detected in Test,0.03456902503967285,True,0.5,240x160,70,1,10,../dataset/Andy Samberg/Andy Samberg_4.jpg
Andy Samberg,Andy Samberg,,No Face Detected in Test,0.0313873291015625,True,0.5,240x160,70,1,10,../dataset/Andy Samberg/Andy Samberg_10.jpg
Andy Samberg,Andy Samberg,,No Match,0.05560493469238281,True,0.5,240x160,70,1,10,../dataset/Andy Samberg/Andy Samberg_15.jpg
Andy Samberg,Andy Samberg,,No Match,0.0644984245300293,True,0.5,240x160,70,1,10,../dataset/Andy Samberg/Andy Samberg_5.jpg
Andy Samberg,Andy Samberg,,No Face Detected in Test,0.03461146354675293,True,0.5,240x160,70,1,10,../dataset/Andy Samberg/Andy Samberg_81.jpg
Andy Samberg,Andy Samberg,,No Match,0.06835055351257324,True,0.5,240x160,70,1,10,../dataset/Andy Samberg/Andy Samberg_28.jpg
Andy Samberg,Andy Samberg,,No Face Detected in Test,0.034744977951049805,True,0.5,240x160,70,1,10,../dataset/Andy Samberg/Andy Samberg_13.jpg
Andy Samberg,Andy Samberg,,No Match,0.5917997360229492,True,0.5,240x160,70,1,10,
Andy Samberg,Anushka Sharma,Anushka Sharma,Incorrect Match,0.0521697998046875,True,0.5,240x160,70,1,10,../dataset/Anushka Sharma/Anushka Sharma_3.jpg
Andy Samberg,Billie Eilish,,No Face Detected in Test,0.024302959442138672,True,0.5,240x160,70,1,10,../dataset/Billie Eilish/Billie Eilish_42.jpg
Andy Samberg,Billie Eilish,,No Match,0.052118778228759766,True,0.5,240x160,70,1,10,../dataset/Billie Eilish/Billie Eilish_78.jpg
Andy Samberg,Billie Eilish,Billie Eilish,Incorrect Match,0.06447887420654297,True,0.5,240x160,70,1,10,../dataset/Billie Eilish/Billie Eilish_94.jpg
Andy Samberg,Camila Cabello,,No Match,0.05255484580993652,True,0.5,240x160,70,1,10,../dataset/Camila Cabello/Camila Cabello_14.jpg
Andy Samberg,Camila Cabello,Camila Cabello,Incorrect Match,0.06265521049499512,True,0.5,240x160,70,1,10,../dataset/Camila Cabello/Camila Cabello_17.jpg
Andy Samberg,Courtney Cox,Courtney Cox,Incorrect Match,0.05562019348144531,True,0.5,240x160,70,1,10,../dataset/Courtney Cox/Courtney Cox_16.jpg
Andy Samberg,Dwayne Johnson,,No Face Detected in Test,0.02233600616455078,True,0.5,240x160,70,1,10,../dataset/Dwayne Johnson/Dwayne Johnson_17.jpg
Andy Samberg,Dwayne Johnson,Dwayne Johnson,Incorrect Match,0.04641294479370117,True,0.5,240x160,70,1,10,../dataset/Dwayne Johnson/Dwayne Johnson_21.jpg
Andy Samberg,Ellen Degeneres,Ellen Degeneres,Incorrect Match,0.04871010780334473,True,0.5,240x160,70,1,10,../dataset/Ellen Degeneres/Ellen Degeneres_73.jpg
Andy Samberg,Hrithik Roshan,,No Match,0.048630714416503906,True,0.5,240x160,70,1,10,../dataset/Hrithik Roshan/Hrithik Roshan_58.jpg
Andy Samberg,Hrithik Roshan,,No Face Detected in Test,0.03138375282287598,True,0.5,240x160,70,1,10,../dataset/Hrithik Roshan/Hrithik Roshan_97.jpg
Andy Samberg,Hrithik Roshan,Hrithik Roshan,Incorrect Match,0.0767049789428711,True,0.5,240x160,70,1,10,../dataset/Hrithik Roshan/Hrithik Roshan_85.jpg
Andy Samberg,Roger Federer,Roger Federer,Incorrect Match,0.06537961959838867,True,0.5,240x160,70,1,10,../dataset/Roger Federer/Roger Federer_2.jpg
Andy Samberg,Tom Cruise,Tom Cruise,Incorrect Match,0.052312612533569336,True,0.5,240x160,70,1,10,../dataset/Tom Cruise/Tom Cruise_9.jpg
Anushka Sharma,Andy Samberg,Andy Samberg,Incorrect Match,0.04845905303955078,True,0.5,240x160,70,1,10,../dataset/Andy Samberg/Andy Samberg_89.jpg
Anushka Sharma,Anushka Sharma,,No Match,0.046959877014160156,True,0.5,240x160,70,1,10,../dataset/Anushka Sharma/Anushka Sharma_2.jpg
Anushka Sharma,Anushka Sharma,Anushka Sharma,Correct Match,0.06509590148925781,True,0.5,240x160,70,1,10,../dataset/Anushka Sharma/Anushka Sharma_32.jpg
Anushka Sharma,Billie Eilish,Billie Eilish,Incorrect Match,0.046642303466796875,True,0.5,240x160,70,1,10,../dataset/Billie Eilish/Billie Eilish_31.jpg
Anushka Sharma,Camila Cabello,Camila Cabello,Incorrect Match,0.05084657669067383,True,0.5,240x160,70,1,10,../dataset/Camila Cabello/Camila Cabello_17.jpg
Anushka Sharma,Courtney Cox,Courtney Cox,Incorrect Match,0.04533219337463379,True,0.5,240x160,70,1,10,../dataset/Courtney Cox/Courtney Cox_4.jpg
Anushka Sharma,Dwayne Johnson,,No Face Detected in Test,0.02017664909362793,True,0.5,240x160,70,1,10,../dataset/Dwayne Johnson/Dwayne Johnson_35.jpg
Anushka Sharma,Dwayne Johnson,Dwayne Johnson,Incorrect Match,0.042634010314941406,True,0.5,240x160,70,1,10,../dataset/Dwayne Johnson/Dwayne Johnson_55.jpg
Anushka Sharma,Ellen Degeneres,Ellen Degeneres,Incorrect Match,0.04603147506713867,True,0.5,240x160,70,1,10,../dataset/Ellen Degeneres/Ellen Degeneres_56.jpg
Anushka Sharma,Hrithik Roshan,,No Match,0.05060982704162598,True,0.5,240x160,70,1,10,../dataset/Hrithik Roshan/Hrithik Roshan_86.jpg
Anushka Sharma,Hrithik Roshan,,No Match,0.06240272521972656,True,0.5,240x160,70,1,10,../dataset/Hrithik Roshan/Hrithik Roshan_47.jpg
Anushka Sharma,Hrithik Roshan,,No Match,0.06391382217407227,True,0.5,240x160,70,1,10,../dataset/Hrithik Roshan/Hrithik Roshan_78.jpg
Anushka Sharma,Hrithik Roshan,,No Match,0.10591506958007812,True,0.5,240x160,70,1,10,../dataset/Hrithik Roshan/Hrithik Roshan_98.jpg
Anushka Sharma,Hrithik Roshan,,No Match,0.09114885330200195,True,0.5,240x160,70,1,10,../dataset/Hrithik Roshan/Hrithik Roshan_68.jpg
Anushka Sharma,Hrithik Roshan,,No Match,0.06646871566772461,True,0.5,240x160,70,1,10,../dataset/Hrithik Roshan/Hrithik Roshan_57.jpg
Anushka Sharma,Hrithik Roshan,,No Match,0.08191871643066406,True,0.5,240x160,70,1,10,../dataset/Hrithik Roshan/Hrithik Roshan_20.jpg
Anushka Sharma,Hrithik Roshan,,No Face Detected in Test,0.03397345542907715,True,0.5,240x160,70,1,10,../dataset/Hrithik Roshan/Hrithik Roshan_30.jpg
Anushka Sharma,Hrithik Roshan,,No Face Detected in Test,0.03454136848449707,True,0.5,240x160,70,1,10,../dataset/Hrithik Roshan/Hrithik Roshan_89.jpg
Anushka Sharma,Hrithik Roshan,,No Face Detected in Test,0.03599858283996582,True,0.5,240x160,70,1,10,../dataset/Hrithik Roshan/Hrithik Roshan_28.jpg
Anushka Sharma,Hrithik Roshan,,No Match,0.6268911361694336,True,0.5,240x160,70,1,10,
Anushka Sharma,Roger Federer,,No Face Detected in Test,0.034810781478881836,True,0.5,240x160,70,1,10,../dataset/Roger Federer/Roger Federer_59.jpg
Anushka Sharma,Roger Federer,,No Match,0.0903475284576416,True,0.5,240x160,70,1,10,../dataset/Roger Federer/Roger Federer_52.jpg
Anushka Sharma,Roger Federer,Roger Federer,Incorrect Match,0.07953858375549316,True,0.5,240x160,70,1,10,../dataset/Roger Federer/Roger Federer_32.jpg
Anushka Sharma,Tom Cruise,Tom Cruise,Incorrect Match,0.0903325080871582,True,0.5,240x160,70,1,10,../dataset/Tom Cruise/Tom Cruise_25.jpg
Billie Eilish,Andy Samberg,Andy Samberg,Incorrect Match,0.07773184776306152,True,0.5,240x160,70,1,10,../dataset/Andy Samberg/Andy Samberg_20.jpg
Billie Eilish,Anushka Sharma,,No Match,0.052199363708496094,True,0.5,240x160,70,1,10,../dataset/Anushka Sharma/Anushka Sharma_66.jpg
Billie Eilish,Anushka Sharma,,No Match,0.06704282760620117,True,0.5,240x160,70,1,10,../dataset/Anushka Sharma/Anushka Sharma_11.jpg
Billie Eilish,Anushka Sharma,,No Face Detected in Test,0.0346064567565918,True,0.5,240x160,70,1,10,../dataset/Anushka Sharma/Anushka Sharma_22.jpg
Billie Eilish,Anushka Sharma,,No Face Detected in Test,0.029715299606323242,True,0.5,240x160,70,1,10,../dataset/Anushka Sharma/Anushka Sharma_23.jpg
Billie Eilish,Anushka Sharma,Anushka Sharma,Incorrect Match,0.07563662528991699,True,0.5,240x160,70,1,10,../dataset/Anushka Sharma/Anushka Sharma_32.jpg
Billie Eilish,Billie Eilish,,No Match,0.052706003189086914,True,0.5,240x160,70,1,10,../dataset/Billie Eilish/Billie Eilish_12.jpg
Billie Eilish,Billie Eilish,,No Face Detected in Test,0.03454923629760742,True,0.5,240x160,70,1,10,../dataset/Billie Eilish/Billie Eilish_24.jpg
Billie Eilish,Billie Eilish,,No Match,0.06530952453613281,True,0.5,240x160,70,1,10,../dataset/Billie Eilish/Billie Eilish_21.jpg
Billie Eilish,Billie Eilish,,No Match,0.07532143592834473,True,0.5,240x160,70,1,10,../dataset/Billie Eilish/Billie Eilish_34.jpg
Billie Eilish,Billie Eilish,Billie Eilish,Correct Match,0.10204768180847168,True,0.5,240x160,70,1,10,../dataset/Billie Eilish/Billie Eilish_82.jpg
Billie Eilish,Camila Cabello,Camila Cabello,Incorrect Match,0.06740880012512207,True,0.5,240x160,70,1,10,../dataset/Camila Cabello/Camila Cabello_38.jpg
Billie Eilish,Courtney Cox,,No Face Detected in Test,0.024528026580810547,True,0.5,240x160,70,1,10,../dataset/Courtney Cox/Courtney Cox_69.jpg
Billie Eilish,Courtney Cox,,No Face Detected in Test,0.024044275283813477,True,0.5,240x160,70,1,10,../dataset/Courtney Cox/Courtney Cox_26.jpg
Billie Eilish,Courtney Cox,,No Face Detected in Test,0.024095773696899414,True,0.5,240x160,70,1,10,../dataset/Courtney Cox/Courtney Cox_71.jpg
Billie Eilish,Courtney Cox,,No Face Detected in Test,0.031598567962646484,True,0.5,240x160,70,1,10,../dataset/Courtney Cox/Courtney Cox_79.jpg
Billie Eilish,Courtney Cox,Courtney Cox,Incorrect Match,0.07248091697692871,True,0.5,240x160,70,1,10,../dataset/Courtney Cox/Courtney Cox_18.jpg
Billie Eilish,Dwayne Johnson,Dwayne Johnson,Incorrect Match,0.058769941329956055,True,0.5,240x160,70,1,10,../dataset/Dwayne Johnson/Dwayne Johnson_59.jpg
Billie Eilish,Ellen Degeneres,Ellen Degeneres,Incorrect Match,0.05040907859802246,True,0.5,240x160,70,1,10,../dataset/Ellen Degeneres/Ellen Degeneres_13.jpg
Billie Eilish,Hrithik Roshan,,No Match,0.05256199836730957,True,0.5,240x160,70,1,10,../dataset/Hrithik Roshan/Hrithik Roshan_58.jpg
Billie Eilish,Hrithik Roshan,,No Face Detected in Test,0.032227516174316406,True,0.5,240x160,70,1,10,../dataset/Hrithik Roshan/Hrithik Roshan_89.jpg
Billie Eilish,Hrithik Roshan,,No Match,0.055324554443359375,True,0.5,240x160,70,1,10,../dataset/Hrithik Roshan/Hrithik Roshan_40.jpg
Billie Eilish,Hrithik Roshan,,No Match,0.06335091590881348,True,0.5,240x160,70,1,10,../dataset/Hrithik Roshan/Hrithik Roshan_36.jpg
Billie Eilish,Hrithik Roshan,,No Match,0.06528997421264648,True,0.5,240x160,70,1,10,../dataset/Hrithik Roshan/Hrithik Roshan_18.jpg
Billie Eilish,Hrithik Roshan,,No Match,0.08338475227355957,True,0.5,240x160,70,1,10,../dataset/Hrithik Roshan/Hrithik Roshan_51.jpg
Billie Eilish,Hrithik Roshan,,No Match,0.06408262252807617,True,0.5,240x160,70,1,10,../dataset/Hrithik Roshan/Hrithik Roshan_95.jpg
Billie Eilish,Hrithik Roshan,,No Face Detected in Test,0.034737586975097656,True,0.5,240x160,70,1,10,../dataset/Hrithik Roshan/Hrithik Roshan_1.jpg
Billie Eilish,Hrithik Roshan,,No Face Detected in Test,0.028244972229003906,True,0.5,240x160,70,1,10,../dataset/Hrithik Roshan/Hrithik Roshan_76.jpg
Billie Eilish,Hrithik Roshan,,No Match,0.05180048942565918,True,0.5,240x160,70,1,10,../dataset/Hrithik Roshan/Hrithik Roshan_45.jpg
Billie Eilish,Hrithik Roshan,,No Match,0.5310053825378418,True,0.5,240x160,70,1,10,
Billie Eilish,Roger Federer,Roger Federer,Incorrect Match,0.05165696144104004,True,0.5,240x160,70,1,10,../dataset/Roger Federer/Roger Federer_13.jpg
Billie Eilish,Tom Cruise,Tom Cruise,Incorrect Match,0.053093671798706055,True,0.5,240x160,70,1,10,../dataset/Tom Cruise/Tom Cruise_47.jpg
Camila Cabello,Andy Samberg,,No Face Detected in Test,0.022349834442138672,True,0.5,240x160,70,1,10,../dataset/Andy Samberg/Andy Samberg_22.jpg
Camila Cabello,Andy Samberg,,No Match,0.05056118965148926,True,0.5,240x160,70,1,10,../dataset/Andy Samberg/Andy Samberg_69.jpg
Camila Cabello,Andy Samberg,Andy Samberg,Incorrect Match,0.061899662017822266,True,0.5,240x160,70,1,10,../dataset/Andy Samberg/Andy Samberg_25.jpg
Camila Cabello,Anushka Sharma,,No Face Detected in Test,0.02169656753540039,True,0.5,240x160,70,1,10,../dataset/Anushka Sharma/Anushka Sharma_22.jpg
Camila Cabello,Anushka Sharma,,No Face Detected in Test,0.02115607261657715,True,0.5,240x160,70,1,10,../dataset/Anushka Sharma/Anushka Sharma_18.jpg
Camila Cabello,Anushka Sharma,,No Match,0.04659771919250488,True,0.5,240x160,70,1,10,../dataset/Anushka Sharma/Anushka Sharma_58.jpg
Camila Cabello,Anushka Sharma,,No Match,0.06650519371032715,True,0.5,240x160,70,1,10,../dataset/Anushka Sharma/Anushka Sharma_52.jpg
Camila Cabello,Anushka Sharma,,No Face Detected in Test,0.03299546241760254,True,0.5,240x160,70,1,10,../dataset/Anushka Sharma/Anushka Sharma_25.jpg
Camila Cabello,Anushka Sharma,,No Face Detected in Test,0.02293992042541504,True,0.5,240x160,70,1,10,../dataset/Anushka Sharma/Anushka Sharma_45.jpg
Camila Cabello,Anushka Sharma,Anushka Sharma,Incorrect Match,0.04754757881164551,True,0.5,240x160,70,1,10,../dataset/Anushka Sharma/Anushka Sharma_24.jpg
Camila Cabello,Billie Eilish,Billie Eilish,Incorrect Match,0.04563403129577637,True,0.5,240x160,70,1,10,../dataset/Billie Eilish/Billie Eilish_7.jpg
Camila Cabello,Camila Cabello,Camila Cabello,Correct Match,0.045655012130737305,True,0.5,240x160,70,1,10,../dataset/Camila Cabello/Camila Cabello_43.jpg
Camila Cabello,Courtney Cox,,No Face Detected in Test,0.024892807006835938,True,0.5,240x160,70,1,10,../dataset/Courtney Cox/Courtney Cox_44.jpg
Camila Cabello,Courtney Cox,,No Face Detected in Test,0.021453380584716797,True,0.5,240x160,70,1,10,../dataset/Courtney Cox/Courtney Cox_58.jpg
Camila Cabello,Courtney Cox,,No Face Detected in Test,0.0214993953704834,True,0.5,240x160,70,1,10,../dataset/Courtney Cox/Courtney Cox_71.jpg
Camila Cabello,Courtney Cox,,No Face Detected in Test,0.02040696144104004,True,0.5,240x160,70,1,10,../dataset/Courtney Cox/Courtney Cox_79.jpg
Camila Cabello,Courtney Cox,,No Face Detected in Test,0.020064353942871094,True,0.5,240x160,70,1,10,../dataset/Courtney Cox/Courtney Cox_9.jpg
Camila Cabello,Courtney Cox,Courtney Cox,Incorrect Match,0.0447230339050293,True,0.5,240x160,70,1,10,../dataset/Courtney Cox/Courtney Cox_16.jpg
Camila Cabello,Dwayne Johnson,Dwayne Johnson,Incorrect Match,0.04341602325439453,True,0.5,240x160,70,1,10,../dataset/Dwayne Johnson/Dwayne Johnson_2.jpg
Camila Cabello,Ellen Degeneres,,No Face Detected in Test,0.020710468292236328,True,0.5,240x160,70,1,10,../dataset/Ellen Degeneres/Ellen Degeneres_51.jpg
Camila Cabello,Ellen Degeneres,Ellen Degeneres,Incorrect Match,0.04747629165649414,True,0.5,240x160,70,1,10,../dataset/Ellen Degeneres/Ellen Degeneres_39.jpg
Camila Cabello,Hrithik Roshan,,No Match,0.04491305351257324,True,0.5,240x160,70,1,10,../dataset/Hrithik Roshan/Hrithik Roshan_60.jpg
Camila Cabello,Hrithik Roshan,,No Match,0.06276845932006836,True,0.5,240x160,70,1,10,../dataset/Hrithik Roshan/Hrithik Roshan_58.jpg
Camila Cabello,Hrithik Roshan,,No Match,0.06351065635681152,True,0.5,240x160,70,1,10,../dataset/Hrithik Roshan/Hrithik Roshan_55.jpg
Camila Cabello,Hrithik Roshan,,No Match,0.06418752670288086,True,0.5,240x160,70,1,10,../dataset/Hrithik Roshan/Hrithik Roshan_21.jpg
Camila Cabello,Hrithik Roshan,,No Face Detected in Test,0.03471088409423828,True,0.5,240x160,70,1,10,../dataset/Hrithik Roshan/Hrithik Roshan_34.jpg
Camila Cabello,Hrithik Roshan,,No Face Detected in Test,0.03582358360290527,True,0.5,240x160,70,1,10,../dataset/Hrithik Roshan/Hrithik Roshan_41.jpg
Camila Cabello,Hrithik Roshan,,No Face Detected in Test,0.02389669418334961,True,0.5,240x160,70,1,10,../dataset/Hrithik Roshan/Hrithik Roshan_15.jpg
Camila Cabello,Hrithik Roshan,,No Match,0.04945516586303711,True,0.5,240x160,70,1,10,../dataset/Hrithik Roshan/Hrithik Roshan_36.jpg
Camila Cabello,Hrithik Roshan,,No Match,0.0661613941192627,True,0.5,240x160,70,1,10,../dataset/Hrithik Roshan/Hrithik Roshan_56.jpg
Camila Cabello,Hrithik Roshan,,No Face Detected in Test,0.06722760200500488,True,0.5,240x160,70,1,10,../dataset/Hrithik Roshan/Hrithik Roshan_5.jpg
Camila Cabello,Hrithik Roshan,,No Match,0.5126550197601318,True,0.5,240x160,70,1,10,
Camila Cabello,Roger Federer,,No Face Detected in Test,0.02131938934326172,True,0.5,240x160,70,1,10,../dataset/Roger Federer/Roger Federer_62.jpg
Camila Cabello,Roger Federer,,No Match,0.04301905632019043,True,0.5,240x160,70,1,10,../dataset/Roger Federer/Roger Federer_17.jpg
Camila Cabello,Roger Federer,Roger Federer,Incorrect Match,0.04567599296569824,True,0.5,240x160,70,1,10,../dataset/Roger Federer/Roger Federer_61.jpg
Camila Cabello,Tom Cruise,,No Face Detected in Test,0.027446269989013672,True,0.5,240x160,70,1,10,../dataset/Tom Cruise/Tom Cruise_46.jpg
Camila Cabello,Tom Cruise,Tom Cruise,Incorrect Match,0.04758954048156738,True,0.5,240x160,70,1,10,../dataset/Tom Cruise/Tom Cruise_32.jpg
Courtney Cox,Andy Samberg,Andy Samberg,Incorrect Match,0.050212860107421875,True,0.5,240x160,70,1,10,../dataset/Andy Samberg/Andy Samberg_14.jpg
Courtney Cox,Anushka Sharma,,No Match,0.045458078384399414,True,0.5,240x160,70,1,10,../dataset/Anushka Sharma/Anushka Sharma_21.jpg
Courtney Cox,Anushka Sharma,,No Face Detected in Test,0.03148078918457031,True,0.5,240x160,70,1,10,../dataset/Anushka Sharma/Anushka Sharma_60.jpg
Courtney Cox,Anushka Sharma,Anushka Sharma,Incorrect Match,0.060227394104003906,True,0.5,240x160,70,1,10,../dataset/Anushka Sharma/Anushka Sharma_55.jpg
Courtney Cox,Billie Eilish,,No Match,0.046807289123535156,True,0.5,240x160,70,1,10,../dataset/Billie Eilish/Billie Eilish_72.jpg
Courtney Cox,Billie Eilish,,No Face Detected in Test,0.022693872451782227,True,0.5,240x160,70,1,10,../dataset/Billie Eilish/Billie Eilish_97.jpg
Courtney Cox,Billie Eilish,,No Face Detected in Test,0.019133329391479492,True,0.5,240x160,70,1,10,../dataset/Billie Eilish/Billie Eilish_66.jpg
Courtney Cox,Billie Eilish,Billie Eilish,Incorrect Match,0.043752431869506836,True,0.5,240x160,70,1,10,../dataset/Billie Eilish/Billie Eilish_30.jpg
Courtney Cox,Camila Cabello,,No Match,0.042780160903930664,True,0.5,240x160,70,1,10,../dataset/Camila Cabello/Camila Cabello_71.jpg
Courtney Cox,Camila Cabello,,No Match,0.05792546272277832,True,0.5,240x160,70,1,10,../dataset/Camila Cabello/Camila Cabello_62.jpg
Courtney Cox,Camila Cabello,,No Face Detected in Test,0.022060155868530273,True,0.5,240x160,70,1,10,../dataset/Camila Cabello/Camila Cabello_8.jpg
Courtney Cox,Camila Cabello,Camila Cabello,Incorrect Match,0.04670882225036621,True,0.5,240x160,70,1,10,../dataset/Camila Cabello/Camila Cabello_54.jpg
Courtney Cox,Courtney Cox,,No Face Detected in Test,0.019563674926757812,True,0.5,240x160,70,1,10,../dataset/Courtney Cox/Courtney Cox_41.jpg
Courtney Cox,Courtney Cox,Courtney Cox,Correct Match,0.04106855392456055,True,0.5,240x160,70,1,10,../dataset/Courtney Cox/Courtney Cox_27.jpg
Courtney Cox,Dwayne Johnson,,No Face Detected in Test,0.019951343536376953,True,0.5,240x160,70,1,10,../dataset/Dwayne Johnson/Dwayne Johnson_38.jpg
Courtney Cox,Dwayne Johnson,Dwayne Johnson,Incorrect Match,0.041857004165649414,True,0.5,240x160,70,1,10,../dataset/Dwayne Johnson/Dwayne Johnson_34.jpg
Courtney Cox,Ellen Degeneres,Ellen Degeneres,Incorrect Match,0.043093204498291016,True,0.5,240x160,70,1,10,../dataset/Ellen Degeneres/Ellen Degeneres_15.jpg
Courtney Cox,Hrithik Roshan,,No Match,0.04663586616516113,True,0.5,240x160,70,1,10,../dataset/Hrithik Roshan/Hrithik Roshan_39.jpg
Courtney Cox,Hrithik Roshan,Hrithik Roshan,Incorrect Match,0.0773918628692627,True,0.5,240x160,70,1,10,../dataset/Hrithik Roshan/Hrithik Roshan_59.jpg
Courtney Cox,Roger Federer,Roger Federer,Incorrect Match,0.051419734954833984,True,0.5,240x160,70,1,10,../dataset/Roger Federer/Roger Federer_76.jpg
Courtney Cox,Tom Cruise,,No Face Detected in Test,0.0223388671875,True,0.5,240x160,70,1,10,../dataset/Tom Cruise/Tom Cruise_27.jpg
Courtney Cox,Tom Cruise,Tom Cruise,Incorrect Match,0.047309160232543945,True,0.5,240x160,70,1,10,../dataset/Tom Cruise/Tom Cruise_7.jpg
Dwayne Johnson,Andy Samberg,,No Match,0.04683876037597656,True,0.5,240x160,70,1,10,../dataset/Andy Samberg/Andy Samberg_85.jpg
Dwayne Johnson,Andy Samberg,,No Face Detected in Test,0.0316622257232666,True,0.5,240x160,70,1,10,../dataset/Andy Samberg/Andy Samberg_75.jpg
Dwayne Johnson,Andy Samberg,,No Match,0.0603184700012207,True,0.5,240x160,70,1,10,../dataset/Andy Samberg/Andy Samberg_16.jpg
Dwayne Johnson,Andy Samberg,,No Face Detected in Test,0.03409242630004883,True,0.5,240x160,70,1,10,../dataset/Andy Samberg/Andy Samberg_3.jpg
Dwayne Johnson,Andy Samberg,,No Match,0.06618165969848633,True,0.5,240x160,70,1,10,../dataset/Andy Samberg/Andy Samberg_41.jpg
Dwayne Johnson,Andy Samberg,,No Face Detected in Test,0.03461861610412598,True,0.5,240x160,70,1,10,../dataset/Andy Samberg/Andy Samberg_31.jpg
Dwayne Johnson,Andy Samberg,,No Face Detected in Test,0.031766653060913086,True,0.5,240x160,70,1,10,../dataset/Andy Samberg/Andy Samberg_48.jpg
Dwayne Johnson,Andy Samberg,,No Match,0.05309271812438965,True,0.5,240x160,70,1,10,../dataset/Andy Samberg/Andy Samberg_35.jpg
Dwayne Johnson,Andy Samberg,,No Face Detected in Test,0.034624576568603516,True,0.5,240x160,70,1,10,../dataset/Andy Samberg/Andy Samberg_73.jpg
Dwayne Johnson,Andy Samberg,,No Face Detected in Test,0.03455948829650879,True,0.5,240x160,70,1,10,../dataset/Andy Samberg/Andy Samberg_13.jpg
Dwayne Johnson,Andy Samberg,,No Match,0.42775559425354004,True,0.5,240x160,70,1,10,
Dwayne Johnson,Anushka Sharma,Anushka Sharma,Incorrect Match,0.043991804122924805,True,0.5,240x160,70,1,10,../dataset/Anushka Sharma/Anushka Sharma_8.jpg
Dwayne Johnson,Billie Eilish,,No Face Detected in Test,0.020606279373168945,True,0.5,240x160,70,1,10,../dataset/Billie Eilish/Billie Eilish_52.jpg
Dwayne Johnson,Billie Eilish,,No Match,0.042620182037353516,True,0.5,240x160,70,1,10,../dataset/Billie Eilish/Billie Eilish_34.jpg
Dwayne Johnson,Billie Eilish,Billie Eilish,Incorrect Match,0.05221199989318848,True,0.5,240x160,70,1,10,../dataset/Billie Eilish/Billie Eilish_53.jpg
Dwayne Johnson,Camila Cabello,,No Face Detected in Test,0.021416425704956055,True,0.5,240x160,70,1,10,../dataset/Camila Cabello/Camila Cabello_31.jpg
Dwayne Johnson,Camila Cabello,,No Match,0.03721499443054199,True,0.5,240x160,70,1,10,../dataset/Camila Cabello/Camila Cabello_51.jpg
Dwayne Johnson,Camila Cabello,,No Face Detected in Test,0.026793956756591797,True,0.5,240x160,70,1,10,../dataset/Camila Cabello/Camila Cabello_30.jpg
Dwayne Johnson,Camila Cabello,Camila Cabello,Incorrect Match,0.052938222885131836,True,0.5,240x160,70,1,10,../dataset/Camila Cabello/Camila Cabello_43.jpg
Dwayne Johnson,Courtney Cox,,No Face Detected in Test,0.02127861976623535,True,0.5,240x160,70,1,10,../dataset/Courtney Cox/Courtney Cox_33.jpg
Dwayne Johnson,Courtney Cox,Courtney Cox,Incorrect Match,0.04409146308898926,True,0.5,240x160,70,1,10,../dataset/Courtney Cox/Courtney Cox_8.jpg
Dwayne Johnson,Dwayne Johnson,,No Match,0.045064449310302734,True,0.5,240x160,70,1,10,../dataset/Dwayne Johnson/Dwayne Johnson_53.jpg
Dwayne Johnson,Dwayne Johnson,Dwayne Johnson,Correct Match,0.059966325759887695,True,0.5,240x160,70,1,10,../dataset/Dwayne Johnson/Dwayne Johnson_54.jpg
Dwayne Johnson,Ellen Degeneres,Ellen Degeneres,Incorrect Match,0.04787778854370117,True,0.5,240x160,70,1,10,../dataset/Ellen Degeneres/Ellen Degeneres_4.jpg
Dwayne Johnson,Hrithik Roshan,,No Match,0.046268463134765625,True,0.5,240x160,70,1,10,../dataset/Hrithik Roshan/Hrithik Roshan_83.jpg
Dwayne Johnson,Hrithik Roshan,,No Match,0.05829501152038574,True,0.5,240x160,70,1,10,../dataset/Hrithik Roshan/Hrithik Roshan_11.jpg
Dwayne Johnson,Hrithik Roshan,,No Match,0.06267404556274414,True,0.5,240x160,70,1,10,../dataset/Hrithik Roshan/Hrithik Roshan_10.jpg
Dwayne Johnson,Hrithik Roshan,,No Match,0.06603765487670898,True,0.5,240x160,70,1,10,../dataset/Hrithik Roshan/Hrithik Roshan_67.jpg
Dwayne Johnson,Hrithik Roshan,,No Match,0.06802558898925781,True,0.5,240x160,70,1,10,../dataset/Hrithik Roshan/Hrithik Roshan_51.jpg
Dwayne Johnson,Hrithik Roshan,,No Face Detected in Test,0.03680133819580078,True,0.5,240x160,70,1,10,../dataset/Hrithik Roshan/Hrithik Roshan_75.jpg
Dwayne Johnson,Hrithik Roshan,,No Match,0.06695914268493652,True,0.5,240x160,70,1,10,../dataset/Hrithik Roshan/Hrithik Roshan_45.jpg
Dwayne Johnson,Hrithik Roshan,,No Match,0.06523013114929199,True,0.5,240x160,70,1,10,../dataset/Hrithik Roshan/Hrithik Roshan_6.jpg
Dwayne Johnson,Hrithik Roshan,,No Face Detected in Test,0.03512263298034668,True,0.5,240x160,70,1,10,../dataset/Hrithik Roshan/Hrithik Roshan_1.jpg
Dwayne Johnson,Hrithik Roshan,,No Face Detected in Test,0.0318293571472168,True,0.5,240x160,70,1,10,../dataset/Hrithik Roshan/Hrithik Roshan_13.jpg
Dwayne Johnson,Hrithik Roshan,,No Match,0.5372433662414551,True,0.5,240x160,70,1,10,
Dwayne Johnson,Roger Federer,Roger Federer,Incorrect Match,0.05107450485229492,True,0.5,240x160,70,1,10,../dataset/Roger Federer/Roger Federer_67.jpg
Dwayne Johnson,Tom Cruise,,No Face Detected in Test,0.021570920944213867,True,0.5,240x160,70,1,10,../dataset/Tom Cruise/Tom Cruise_6.jpg
Dwayne Johnson,Tom Cruise,,No Face Detected in Test,0.021011829376220703,True,0.5,240x160,70,1,10,../dataset/Tom Cruise/Tom Cruise_18.jpg
Dwayne Johnson,Tom Cruise,,No Face Detected in Test,0.020641565322875977,True,0.5,240x160,70,1,10,../dataset/Tom Cruise/Tom Cruise_36.jpg
Dwayne Johnson,Tom Cruise,Tom Cruise,Incorrect Match,0.04907870292663574,True,0.5,240x160,70,1,10,../dataset/Tom Cruise/Tom Cruise_52.jpg
Ellen Degeneres,Andy Samberg,,No Match,0.049637794494628906,True,0.5,240x160,70,1,10,../dataset/Andy Samberg/Andy Samberg_77.jpg
Ellen Degeneres,Andy Samberg,Andy Samberg,Incorrect Match,0.0597987174987793,True,0.5,240x160,70,1,10,../dataset/Andy Samberg/Andy Samberg_59.jpg
Ellen Degeneres,Anushka Sharma,,No Face Detected in Test,0.021363019943237305,True,0.5,240x160,70,1,10,../dataset/Anushka Sharma/Anushka Sharma_36.jpg
Ellen Degeneres,Anushka Sharma,,No Face Detected in Test,0.020642995834350586,True,0.5,240x160,70,1,10,../dataset/Anushka Sharma/Anushka Sharma_23.jpg
Ellen Degeneres,Anushka Sharma,,No Face Detected in Test,0.019939899444580078,True,0.5,240x160,70,1,10,../dataset/Anushka Sharma/Anushka Sharma_34.jpg
Ellen Degeneres,Anushka Sharma,,No Face Detected in Test,0.019547224044799805,True,0.5,240x160,70,1,10,../dataset/Anushka Sharma/Anushka Sharma_59.jpg
Ellen Degeneres,Anushka Sharma,,No Match,0.042583465576171875,True,0.5,240x160,70,1,10,../dataset/Anushka Sharma/Anushka Sharma_62.jpg
Ellen Degeneres,Anushka Sharma,,No Face Detected in Test,0.029537439346313477,True,0.5,240x160,70,1,10,../dataset/Anushka Sharma/Anushka Sharma_43.jpg
Ellen Degeneres,Anushka Sharma,,No Face Detected in Test,0.02727675437927246,True,0.5,240x160,70,1,10,../dataset/Anushka Sharma/Anushka Sharma_60.jpg
Ellen Degeneres,Anushka Sharma,Anushka Sharma,Incorrect Match,0.04370832443237305,True,0.5,240x160,70,1,10,../dataset/Anushka Sharma/Anushka Sharma_65.jpg
Ellen Degeneres,Billie Eilish,,No Match,0.059258222579956055,True,0.5,240x160,70,1,10,../dataset/Billie Eilish/Billie Eilish_17.jpg
Ellen Degeneres,Billie Eilish,,No Match,0.08493494987487793,True,0.5,240x160,70,1,10,../dataset/Billie Eilish/Billie Eilish_61.jpg
Ellen Degeneres,Billie Eilish,Billie Eilish,Incorrect Match,0.12234163284301758,True,0.5,240x160,70,1,10,../dataset/Billie Eilish/Billie Eilish_38.jpg
Ellen Degeneres,Camila Cabello,,No Face Detected in Test,0.02375030517578125,True,0.5,240x160,70,1,10,../dataset/Camila Cabello/Camila Cabello_15.jpg
Ellen Degeneres,Camila Cabello,Camila Cabello,Incorrect Match,0.050374507904052734,True,0.5,240x160,70,1,10,../dataset/Camila Cabello/Camila Cabello_60.jpg
Ellen Degeneres,Courtney Cox,Courtney Cox,Incorrect Match,0.04855990409851074,True,0.5,240x160,70,1,10,../dataset/Courtney Cox/Courtney Cox_42.jpg
Ellen Degeneres,Dwayne Johnson,Dwayne Johnson,Incorrect Match,0.04613637924194336,True,0.5,240x160,70,1,10,../dataset/Dwayne Johnson/Dwayne Johnson_44.jpg
Ellen Degeneres,Ellen Degeneres,Ellen Degeneres,Correct Match,0.04729104042053223,True,0.5,240x160,70,1,10,../dataset/Ellen Degeneres/Ellen Degeneres_67.jpg
Ellen Degeneres,Hrithik Roshan,,No Match,0.04542946815490723,True,0.5,240x160,70,1,10,../dataset/Hrithik Roshan/Hrithik Roshan_80.jpg
Ellen Degeneres,Hrithik Roshan,,No Face Detected in Test,0.030870437622070312,True,0.5,240x160,70,1,10,../dataset/Hrithik Roshan/Hrithik Roshan_30.jpg
Ellen Degeneres,Hrithik Roshan,,No Face Detected in Test,0.032080650329589844,True,0.5,240x160,70,1,10,../dataset/Hrithik Roshan/Hrithik Roshan_69.jpg
Ellen Degeneres,Hrithik Roshan,,No Match,0.049521446228027344,True,0.5,240x160,70,1,10,../dataset/Hrithik Roshan/Hrithik Roshan_22.jpg
Ellen Degeneres,Hrithik Roshan,,No Match,0.06305122375488281,True,0.5,240x160,70,1,10,../dataset/Hrithik Roshan/Hrithik Roshan_43.jpg
Ellen Degeneres,Hrithik Roshan,,No Face Detected in Test,0.034739017486572266,True,0.5,240x160,70,1,10,../dataset/Hrithik Roshan/Hrithik Roshan_13.jpg
Ellen Degeneres,Hrithik Roshan,,No Match,0.06255698204040527,True,0.5,240x160,70,1,10,../dataset/Hrithik Roshan/Hrithik Roshan_49.jpg
Ellen Degeneres,Hrithik Roshan,,No Match,0.06492924690246582,True,0.5,240x160,70,1,10,../dataset/Hrithik Roshan/Hrithik Roshan_71.jpg
Ellen Degeneres,Hrithik Roshan,,No Face Detected in Test,0.03474116325378418,True,0.5,240x160,70,1,10,../dataset/Hrithik Roshan/Hrithik Roshan_97.jpg
Ellen Degeneres,Hrithik Roshan,,No Match,0.06502342224121094,True,0.5,240x160,70,1,10,../dataset/Hrithik Roshan/Hrithik Roshan_67.jpg
Ellen Degeneres,Hrithik Roshan,,No Match,0.482943058013916,True,0.5,240x160,70,1,10,
Ellen Degeneres,Roger Federer,,No Face Detected in Test,0.024065017700195312,True,0.5,240x160,70,1,10,../dataset/Roger Federer/Roger Federer_28.jpg
Ellen Degeneres,Roger Federer,Roger Federer,Incorrect Match,0.0525968074798584,True,0.5,240x160,70,1,10,../dataset/Roger Federer/Roger Federer_26.jpg
Ellen Degeneres,Tom Cruise,,No Face Detected in Test,0.021593332290649414,True,0.5,240x160,70,1,10,../dataset/Tom Cruise/Tom Cruise_36.jpg
Ellen Degeneres,Tom Cruise,,No Face Detected in Test,0.021546602249145508,True,0.5,240x160,70,1,10,../dataset/Tom Cruise/Tom Cruise_18.jpg
Ellen Degeneres,Tom Cruise,,No Face Detected in Test,0.031166791915893555,True,0.5,240x160,70,1,10,../dataset/Tom Cruise/Tom Cruise_14.jpg
Ellen Degeneres,Tom Cruise,Tom Cruise,Incorrect Match,0.07271671295166016,True,0.5,240x160,70,1,10,../dataset/Tom Cruise/Tom Cruise_32.jpg
Hrithik Roshan,Andy Samberg,Andy Samberg,Incorrect Match,0.05193948745727539,True,0.5,240x160,70,1,10,../dataset/Andy Samberg/Andy Samberg_67.jpg
Hrithik Roshan,Anushka Sharma,Anushka Sharma,Incorrect Match,0.04723954200744629,True,0.5,240x160,70,1,10,../dataset/Anushka Sharma/Anushka Sharma_50.jpg
Hrithik Roshan,Billie Eilish,,No Match,0.051819562911987305,True,0.5,240x160,70,1,10,../dataset/Billie Eilish/Billie Eilish_84.jpg
Hrithik Roshan,Billie Eilish,,No Face Detected in Test,0.020215272903442383,True,0.5,240x160,70,1,10,../dataset/Billie Eilish/Billie Eilish_80.jpg
Hrithik Roshan,Billie Eilish,Billie Eilish,Incorrect Match,0.043614864349365234,True,0.5,240x160,70,1,10,../dataset/Billie Eilish/Billie Eilish_38.jpg
Hrithik Roshan,Camila Cabello,,No Face Detected in Test,0.01906418800354004,True,0.5,240x160,70,1,10,../dataset/Camila Cabello/Camila Cabello_11.jpg
Hrithik Roshan,Camila Cabello,,No Face Detected in Test,0.018227577209472656,True,0.5,240x160,70,1,10,../dataset/Camila Cabello/Camila Cabello_61.jpg
Hrithik Roshan,Camila Cabello,,No Face Detected in Test,0.01821422576904297,True,0.5,240x160,70,1,10,../dataset/Camila Cabello/Camila Cabello_30.jpg
Hrithik Roshan,Camila Cabello,,No Face Detected in Test,0.018201589584350586,True,0.5,240x160,70,1,10,../dataset/Camila Cabello/Camila Cabello_83.jpg
Hrithik Roshan,Camila Cabello,,No Face Detected in Test,0.017739295959472656,True,0.5,240x160,70,1,10,../dataset/Camila Cabello/Camila Cabello_31.jpg
Hrithik Roshan,Camila Cabello,,No Face Detected in Test,0.017651081085205078,True,0.5,240x160,70,1,10,../dataset/Camila Cabello/Camila Cabello_22.jpg
Hrithik Roshan,Camila Cabello,,No Match,0.03776288032531738,True,0.5,240x160,70,1,10,../dataset/Camila Cabello/Camila Cabello_23.jpg
Hrithik Roshan,Camila Cabello,,No Match,0.05106234550476074,True,0.5,240x160,70,1,10,../dataset/Camila Cabello/Camila Cabello_46.jpg
Hrithik Roshan,Camila Cabello,,No Face Detected in Test,0.030383586883544922,True,0.5,240x160,70,1,10,../dataset/Camila Cabello/Camila Cabello_20.jpg
Hrithik Roshan,Camila Cabello,,No Face Detected in Test,0.01996445655822754,True,0.5,240x160,70,1,10,../dataset/Camila Cabello/Camila Cabello_8.jpg
Hrithik Roshan,Camila Cabello,,No Match,0.24827122688293457,True,0.5,240x160,70,1,10,
Hrithik Roshan,Courtney Cox,Courtney Cox,Incorrect Match,0.038564205169677734,True,0.5,240x160,70,1,10,../dataset/Courtney Cox/Courtney Cox_18.jpg
Hrithik Roshan,Dwayne Johnson,,No Match,0.04333138465881348,True,0.5,240x160,70,1,10,../dataset/Dwayne Johnson/Dwayne Johnson_51.jpg
Hrithik Roshan,Dwayne Johnson,,No Match,0.05441784858703613,True,0.5,240x160,70,1,10,../dataset/Dwayne Johnson/Dwayne Johnson_39.jpg
Hrithik Roshan,Dwayne Johnson,Dwayne Johnson,Incorrect Match,0.06525897979736328,True,0.5,240x160,70,1,10,../dataset/Dwayne Johnson/Dwayne Johnson_2.jpg
Hrithik Roshan,Ellen Degeneres,Ellen Degeneres,Incorrect Match,0.05573725700378418,True,0.5,240x160,70,1,10,../dataset/Ellen Degeneres/Ellen Degeneres_53.jpg
Hrithik Roshan,Hrithik Roshan,,No Match,0.04789137840270996,True,0.5,240x160,70,1,10,../dataset/Hrithik Roshan/Hrithik Roshan_2.jpg
Hrithik Roshan,Hrithik Roshan,,No Match,0.06281208992004395,True,0.5,240x160,70,1,10,../dataset/Hrithik Roshan/Hrithik Roshan_60.jpg
Hrithik Roshan,Hrithik Roshan,,No Match,0.0659492015838623,True,0.5,240x160,70,1,10,../dataset/Hrithik Roshan/Hrithik Roshan_63.jpg
Hrithik Roshan,Hrithik Roshan,,No Match,0.06751632690429688,True,0.5,240x160,70,1,10,../dataset/Hrithik Roshan/Hrithik Roshan_52.jpg
Hrithik Roshan,Hrithik Roshan,,No Face Detected in Test,0.037050724029541016,True,0.5,240x160,70,1,10,../dataset/Hrithik Roshan/Hrithik Roshan_89.jpg
Hrithik Roshan,Hrithik Roshan,,No Face Detected in Test,0.024126291275024414,True,0.5,240x160,70,1,10,../dataset/Hrithik Roshan/Hrithik Roshan_93.jpg
Hrithik Roshan,Hrithik Roshan,,No Face Detected in Test,0.024106502532958984,True,0.5,240x160,70,1,10,../dataset/Hrithik Roshan/Hrithik Roshan_48.jpg
Hrithik Roshan,Hrithik Roshan,,No Face Detected in Test,0.023347139358520508,True,0.5,240x160,70,1,10,../dataset/Hrithik Roshan/Hrithik Roshan_75.jpg
Hrithik Roshan,Hrithik Roshan,,No Match,0.04711413383483887,True,0.5,240x160,70,1,10,../dataset/Hrithik Roshan/Hrithik Roshan_35.jpg
Hrithik Roshan,Hrithik Roshan,,No Match,0.061537742614746094,True,0.5,240x160,70,1,10,../dataset/Hrithik Roshan/Hrithik Roshan_82.jpg
Hrithik Roshan,Hrithik Roshan,,No Match,0.46145153045654297,True,0.5,240x160,70,1,10,
Hrithik Roshan,Roger Federer,,No Match,0.04720139503479004,True,0.5,240x160,70,1,10,../dataset/Roger Federer/Roger Federer_63.jpg
Hrithik Roshan,Roger Federer,Roger Federer,Incorrect Match,0.0595090389251709,True,0.5,240x160,70,1,10,../dataset/Roger Federer/Roger Federer_76.jpg
Hrithik Roshan,Tom Cruise,Tom Cruise,Incorrect Match,0.04922223091125488,True,0.5,240x160,70,1,10,../dataset/Tom Cruise/Tom Cruise_53.jpg
Roger Federer,Andy Samberg,,No Face Detected in Test,0.02241992950439453,True,0.5,240x160,70,1,10,../dataset/Andy Samberg/Andy Samberg_29.jpg
Roger Federer,Andy Samberg,Andy Samberg,Incorrect Match,0.04632997512817383,True,0.5,240x160,70,1,10,../dataset/Andy Samberg/Andy Samberg_59.jpg
Roger Federer,Anushka Sharma,,No Match,0.05116748809814453,True,0.5,240x160,70,1,10,../dataset/Anushka Sharma/Anushka Sharma_26.jpg
Roger Federer,Anushka Sharma,,No Face Detected in Test,0.031842947006225586,True,0.5,240x160,70,1,10,../dataset/Anushka Sharma/Anushka Sharma_25.jpg
Roger Federer,Anushka Sharma,Anushka Sharma,Incorrect Match,0.04768490791320801,True,0.5,240x160,70,1,10,../dataset/Anushka Sharma/Anushka Sharma_8.jpg
Roger Federer,Billie Eilish,,No Match,0.046442508697509766,True,0.5,240x160,70,1,10,../dataset/Billie Eilish/Billie Eilish_64.jpg
Roger Federer,Billie Eilish,Billie Eilish,Incorrect Match,0.054105281829833984,True,0.5,240x160,70,1,10,../dataset/Billie Eilish/Billie Eilish_53.jpg
Roger Federer,Camila Cabello,,No Face Detected in Test,0.026250123977661133,True,0.5,240x160,70,1,10,../dataset/Camila Cabello/Camila Cabello_81.jpg
Roger Federer,Camila Cabello,,No Face Detected in Test,0.019957542419433594,True,0.5,240x160,70,1,10,../dataset/Camila Cabello/Camila Cabello_24.jpg
Roger Federer,Camila Cabello,,No Match,0.046877145767211914,True,0.5,240x160,70,1,10,../dataset/Camila Cabello/Camila Cabello_16.jpg
Roger Federer,Camila Cabello,Camila Cabello,Incorrect Match,0.054317474365234375,True,0.5,240x160,70,1,10,../dataset/Camila Cabello/Camila Cabello_54.jpg
Roger Federer,Courtney Cox,,No Face Detected in Test,0.02038884162902832,True,0.5,240x160,70,1,10,../dataset/Courtney Cox/Courtney Cox_5.jpg
Roger Federer,Courtney Cox,,No Face Detected in Test,0.0200958251953125,True,0.5,240x160,70,1,10,../dataset/Courtney Cox/Courtney Cox_68.jpg
Roger Federer,Courtney Cox,,No Face Detected in Test,0.019825458526611328,True,0.5,240x160,70,1,10,../dataset/Courtney Cox/Courtney Cox_10.jpg
Roger Federer,Courtney Cox,,No Match,0.04093647003173828,True,0.5,240x160,70,1,10,../dataset/Courtney Cox/Courtney Cox_48.jpg
Roger Federer,Courtney Cox,Courtney Cox,Incorrect Match,0.055649518966674805,True,0.5,240x160,70,1,10,../dataset/Courtney Cox/Courtney Cox_38.jpg
Roger Federer,Dwayne Johnson,,No Face Detected in Test,0.021060466766357422,True,0.5,240x160,70,1,10,../dataset/Dwayne Johnson/Dwayne Johnson_8.jpg
Roger Federer,Dwayne Johnson,Dwayne Johnson,Incorrect Match,0.044081687927246094,True,0.5,240x160,70,1,10,../dataset/Dwayne Johnson/Dwayne Johnson_37.jpg
Roger Federer,Ellen Degeneres,Ellen Degeneres,Incorrect Match,0.044611454010009766,True,0.5,240x160,70,1,10,../dataset/Ellen Degeneres/Ellen Degeneres_63.jpg
Roger Federer,Hrithik Roshan,,No Match,0.04629039764404297,True,0.5,240x160,70,1,10,../dataset/Hrithik Roshan/Hrithik Roshan_9.jpg
Roger Federer,Hrithik Roshan,,No Match,0.05713343620300293,True,0.5,240x160,70,1,10,../dataset/Hrithik Roshan/Hrithik Roshan_90.jpg
Roger Federer,Hrithik Roshan,,No Face Detected in Test,0.0331425666809082,True,0.5,240x160,70,1,10,../dataset/Hrithik Roshan/Hrithik Roshan_93.jpg
Roger Federer,Hrithik Roshan,,No Match,0.05333352088928223,True,0.5,240x160,70,1,10,../dataset/Hrithik Roshan/Hrithik Roshan_58.jpg
Roger Federer,Hrithik Roshan,Hrithik Roshan,Incorrect Match,0.06462764739990234,True,0.5,240x160,70,1,10,../dataset/Hrithik Roshan/Hrithik Roshan_59.jpg
Roger Federer,Roger Federer,,No Match,0.048630475997924805,True,0.5,240x160,70,1,10,../dataset/Roger Federer/Roger Federer_52.jpg
Roger Federer,Roger Federer,,No Face Detected in Test,0.029999971389770508,True,0.5,240x160,70,1,10,../dataset/Roger Federer/Roger Federer_62.jpg
Roger Federer,Roger Federer,,No Face Detected in Test,0.03249812126159668,True,0.5,240x160,70,1,10,../dataset/Roger Federer/Roger Federer_36.jpg
Roger Federer,Roger Federer,Roger Federer,Correct Match,0.055715084075927734,True,0.5,240x160,70,1,10,../dataset/Roger Federer/Roger Federer_27.jpg
Roger Federer,Tom Cruise,Tom Cruise,Incorrect Match,0.05595874786376953,True,0.5,240x160,70,1,10,../dataset/Tom Cruise/Tom Cruise_32.jpg
Tom Cruise,Andy Samberg,,No Match,0.14277100563049316,True,0.5,240x160,70,1,10,../dataset/Andy Samberg/Andy Samberg_30.jpg
Tom Cruise,Andy Samberg,,No Match,0.10591650009155273,True,0.5,240x160,70,1,10,../dataset/Andy Samberg/Andy Samberg_5.jpg
Tom Cruise,Andy Samberg,,No Match,0.11805295944213867,True,0.5,240x160,70,1,10,../dataset/Andy Samberg/Andy Samberg_35.jpg
Tom Cruise,Andy Samberg,,No Match,0.0714418888092041,True,0.5,240x160,70,1,10,../dataset/Andy Samberg/Andy Samberg_51.jpg
Tom Cruise,Andy Samberg,,No Face Detected in Test,0.03436160087585449,True,0.5,240x160,70,1,10,../dataset/Andy Samberg/Andy Samberg_91.jpg
Tom Cruise,Andy Samberg,,No Match,0.06555485725402832,True,0.5,240x160,70,1,10,../dataset/Andy Samberg/Andy Samberg_18.jpg
Tom Cruise,Andy Samberg,,No Face Detected in Test,0.024415254592895508,True,0.5,240x160,70,1,10,../dataset/Andy Samberg/Andy Samberg_68.jpg
Tom Cruise,Andy Samberg,,No Match,0.05391836166381836,True,0.5,240x160,70,1,10,../dataset/Andy Samberg/Andy Samberg_64.jpg
Tom Cruise,Andy Samberg,,No Face Detected in Test,0.03453350067138672,True,0.5,240x160,70,1,10,../dataset/Andy Samberg/Andy Samberg_6.jpg
Tom Cruise,Andy Samberg,,No Face Detected in Test,0.029178857803344727,True,0.5,240x160,70,1,10,../dataset/Andy Samberg/Andy Samberg_79.jpg
Tom Cruise,Andy Samberg,,No Match,0.6801447868347168,True,0.5,240x160,70,1,10,
Tom Cruise,Anushka Sharma,,No Face Detected in Test,0.02227020263671875,True,0.5,240x160,70,1,10,../dataset/Anushka Sharma/Anushka Sharma_20.jpg
Tom Cruise,Anushka Sharma,Anushka Sharma,Incorrect Match,0.04528522491455078,True,0.5,240x160,70,1,10,../dataset/Anushka Sharma/Anushka Sharma_29.jpg
Tom Cruise,Billie Eilish,Billie Eilish,Incorrect Match,0.04616856575012207,True,0.5,240x160,70,1,10,../dataset/Billie Eilish/Billie Eilish_79.jpg
Tom Cruise,Camila Cabello,,No Face Detected in Test,0.01999378204345703,True,0.5,240x160,70,1,10,../dataset/Camila Cabello/Camila Cabello_49.jpg
Tom Cruise,Camila Cabello,Camila Cabello,Incorrect Match,0.04378509521484375,True,0.5,240x160,70,1,10,../dataset/Camila Cabello/Camila Cabello_38.jpg
Tom Cruise,Courtney Cox,Courtney Cox,Incorrect Match,0.06397342681884766,True,0.5,240x160,70,1,10,../dataset/Courtney Cox/Courtney Cox_27.jpg
Tom Cruise,Dwayne Johnson,Dwayne Johnson,Incorrect Match,0.0692141056060791,True,0.5,240x160,70,1,10,../dataset/Dwayne Johnson/Dwayne Johnson_59.jpg
Tom Cruise,Ellen Degeneres,Ellen Degeneres,Incorrect Match,0.07055091857910156,True,0.5,240x160,70,1,10,../dataset/Ellen Degeneres/Ellen Degeneres_50.jpg
Tom Cruise,Hrithik Roshan,,No Match,0.0862739086151123,True,0.5,240x160,70,1,10,../dataset/Hrithik Roshan/Hrithik Roshan_100.jpg
Tom Cruise,Hrithik Roshan,,No Match,0.08608555793762207,True,0.5,240x160,70,1,10,../dataset/Hrithik Roshan/Hrithik Roshan_25.jpg
Tom Cruise,Hrithik Roshan,,No Match,0.0850987434387207,True,0.5,240x160,70,1,10,../dataset/Hrithik Roshan/Hrithik Roshan_18.jpg
Tom Cruise,Hrithik Roshan,,No Match,0.08174443244934082,True,0.5,240x160,70,1,10,../dataset/Hrithik Roshan/Hrithik Roshan_94.jpg
Tom Cruise,Hrithik Roshan,,No Match,0.10667228698730469,True,0.5,240x160,70,1,10,../dataset/Hrithik Roshan/Hrithik Roshan_49.jpg
Tom Cruise,Hrithik Roshan,,No Match,0.06552338600158691,True,0.5,240x160,70,1,10,../dataset/Hrithik Roshan/Hrithik Roshan_20.jpg
Tom Cruise,Hrithik Roshan,,No Face Detected in Test,0.03408312797546387,True,0.5,240x160,70,1,10,../dataset/Hrithik Roshan/Hrithik Roshan_99.jpg
Tom Cruise,Hrithik Roshan,Hrithik Roshan,Incorrect Match,0.08540892601013184,True,0.5,240x160,70,1,10,../dataset/Hrithik Roshan/Hrithik Roshan_26.jpg
Tom Cruise,Roger Federer,,No Match,0.06503701210021973,True,0.5,240x160,70,1,10,../dataset/Roger Federer/Roger Federer_45.jpg
Tom Cruise,Roger Federer,Roger Federer,Incorrect Match,0.08801054954528809,True,0.5,240x160,70,1,10,../dataset/Roger Federer/Roger Federer_24.jpg
Tom Cruise,Tom Cruise,Tom Cruise,Correct Match,0.10100245475769043,True,0.5,240x160,70,1,10,../dataset/Tom Cruise/Tom Cruise_7.jpg
Andy Samberg,Andy Samberg,,No Match,0.1902468204498291,True,0.5,320x240,70,1,10,../dataset/Andy Samberg/Andy Samberg_50.jpg
Andy Samberg,Andy Samberg,Andy Samberg,Correct Match,0.09710550308227539,True,0.5,320x240,70,1,10,../dataset/Andy Samberg/Andy Samberg_12.jpg
Andy Samberg,Anushka Sharma,Anushka Sharma,Incorrect Match,0.08348298072814941,True,0.5,320x240,70,1,10,../dataset/Anushka Sharma/Anushka Sharma_61.jpg
Andy Samberg,Billie Eilish,Billie Eilish,Incorrect Match,0.11124014854431152,True,0.5,320x240,70,1,10,../dataset/Billie Eilish/Billie Eilish_72.jpg
Andy Samberg,Camila Cabello,Camila Cabello,Incorrect Match,0.08691549301147461,True,0.5,320x240,70,1,10,../dataset/Camila Cabello/Camila Cabello_35.jpg
Andy Samberg,Courtney Cox,,No Face Detected in Test,0.050563812255859375,True,0.5,320x240,70,1,10,../dataset/Courtney Cox/Courtney Cox_13.jpg
Andy Samberg,Courtney Cox,,No Face Detected in Test,0.05142378807067871,True,0.5,320x240,70,1,10,../dataset/Courtney Cox/Courtney Cox_46.jpg
Andy Samberg,Courtney Cox,Courtney Cox,Incorrect Match,0.07981634140014648,True,0.5,320x240,70,1,10,../dataset/Courtney Cox/Courtney Cox_50.jpg
Andy Samberg,Dwayne Johnson,Dwayne Johnson,Incorrect Match,0.08116340637207031,True,0.5,320x240,70,1,10,../dataset/Dwayne Johnson/Dwayne Johnson_19.jpg
Andy Samberg,Ellen Degeneres,,No Face Detected in Test,0.051583290100097656,True,0.5,320x240,70,1,10,../dataset/Ellen Degeneres/Ellen Degeneres_55.jpg
Andy Samberg,Ellen Degeneres,Ellen Degeneres,Incorrect Match,0.08379578590393066,True,0.5,320x240,70,1,10,../dataset/Ellen Degeneres/Ellen Degeneres_16.jpg
Andy Samberg,Hrithik Roshan,,No Face Detected in Test,0.050562143325805664,True,0.5,320x240,70,1,10,../dataset/Hrithik Roshan/Hrithik Roshan_79.jpg
Andy Samberg,Hrithik Roshan,,No Match,0.07889676094055176,True,0.5,320x240,70,1,10,../dataset/Hrithik Roshan/Hrithik Roshan_80.jpg
Andy Samberg,Hrithik Roshan,,No Match,0.09257721900939941,True,0.5,320x240,70,1,10,../dataset/Hrithik Roshan/Hrithik Roshan_39.jpg
Andy Samberg,Hrithik Roshan,,No Match,0.10421299934387207,True,0.5,320x240,70,1,10,../dataset/Hrithik Roshan/Hrithik Roshan_10.jpg
Andy Samberg,Hrithik Roshan,,No Match,0.1008903980255127,True,0.5,320x240,70,1,10,../dataset/Hrithik Roshan/Hrithik Roshan_55.jpg
Andy Samberg,Hrithik Roshan,Hrithik Roshan,Incorrect Match,0.14391660690307617,True,0.5,320x240,70,1,10,../dataset/Hrithik Roshan/Hrithik Roshan_42.jpg
Andy Samberg,Roger Federer,Roger Federer,Incorrect Match,0.07864522933959961,True,0.5,320x240,70,1,10,../dataset/Roger Federer/Roger Federer_70.jpg
Andy Samberg,Tom Cruise,,No Match,0.08103537559509277,True,0.5,320x240,70,1,10,../dataset/Tom Cruise/Tom Cruise_34.jpg
Andy Samberg,Tom Cruise,,No Match,0.08394074440002441,True,0.5,320x240,70,1,10,../dataset/Tom Cruise/Tom Cruise_10.jpg
Andy Samberg,Tom Cruise,,No Face Detected in Test,0.07304668426513672,True,0.5,320x240,70,1,10,../dataset/Tom Cruise/Tom Cruise_11.jpg
Andy Samberg,Tom Cruise,,No Face Detected in Test,0.049707651138305664,True,0.5,320x240,70,1,10,../dataset/Tom Cruise/Tom Cruise_33.jpg
Andy Samberg,Tom Cruise,,No Match,0.07236003875732422,True,0.5,320x240,70,1,10,../dataset/Tom Cruise/Tom Cruise_6.jpg
Andy Samberg,Tom Cruise,Tom Cruise,Incorrect Match,0.09750676155090332,True,0.5,320x240,70,1,10,../dataset/Tom Cruise/Tom Cruise_57.jpg
Anushka Sharma,Andy Samberg,Andy Samberg,Incorrect Match,0.07787370681762695,True,0.5,320x240,70,1,10,../dataset/Andy Samberg/Andy Samberg_14.jpg
Anushka Sharma,Anushka Sharma,Anushka Sharma,Correct Match,0.07439541816711426,True,0.5,320x240,70,1,10,../dataset/Anushka Sharma/Anushka Sharma_12.jpg
Anushka Sharma,Billie Eilish,,No Face Detected in Test,0.04291534423828125,True,0.5,320x240,70,1,10,../dataset/Billie Eilish/Billie Eilish_10.jpg
Anushka Sharma,Billie Eilish,Billie Eilish,Incorrect Match,0.06452393531799316,True,0.5,320x240,70,1,10,../dataset/Billie Eilish/Billie Eilish_76.jpg
Anushka Sharma,Camila Cabello,,No Match,0.06307601928710938,True,0.5,320x240,70,1,10,../dataset/Camila Cabello/Camila Cabello_32.jpg
Anushka Sharma,Camila Cabello,,No Face Detected in Test,0.06142592430114746,True,0.5,320x240,70,1,10,../dataset/Camila Cabello/Camila Cabello_83.jpg
Anushka Sharma,Camila Cabello,Camila Cabello,Incorrect Match,0.06859469413757324,True,0.5,320x240,70,1,10,../dataset/Camila Cabello/Camila Cabello_52.jpg
Anushka Sharma,Courtney Cox,Courtney Cox,Incorrect Match,0.06658267974853516,True,0.5,320x240,70,1,10,../dataset/Courtney Cox/Courtney Cox_78.jpg
Anushka Sharma,Dwayne Johnson,Dwayne Johnson,Incorrect Match,0.06584525108337402,True,0.5,320x240,70,1,10,../dataset/Dwayne Johnson/Dwayne Johnson_59.jpg
Anushka Sharma,Ellen Degeneres,Ellen Degeneres,Incorrect Match,0.06847071647644043,True,0.5,320x240,70,1,10,../dataset/Ellen Degeneres/Ellen Degeneres_56.jpg
Anushka Sharma,Hrithik Roshan,,No Match,0.06868934631347656,True,0.5,320x240,70,1,10,../dataset/Hrithik Roshan/Hrithik Roshan_14.jpg
Anushka Sharma,Hrithik Roshan,,No Face Detected in Test,0.06576943397521973,True,0.5,320x240,70,1,10,../dataset/Hrithik Roshan/Hrithik Roshan_37.jpg
Anushka Sharma,Hrithik Roshan,,No Face Detected in Test,0.04578232765197754,True,0.5,320x240,70,1,10,../dataset/Hrithik Roshan/Hrithik Roshan_97.jpg
Anushka Sharma,Hrithik Roshan,Hrithik Roshan,Incorrect Match,0.05716562271118164,True,0.5,320x240,70,1,10,../dataset/Hrithik Roshan/Hrithik Roshan_50.jpg
Anushka Sharma,Roger Federer,,No Match,0.061095237731933594,True,0.5,320x240,70,1,10,../dataset/Roger Federer/Roger Federer_20.jpg
Anushka Sharma,Roger Federer,,No Match,0.0893867015838623,True,0.5,320x240,70,1,10,../dataset/Roger Federer/Roger Federer_45.jpg
Anushka Sharma,Roger Federer,Roger Federer,Incorrect Match,0.09646224975585938,True,0.5,320x240,70,1,10,../dataset/Roger Federer/Roger Federer_66.jpg
Anushka Sharma,Tom Cruise,Tom Cruise,Incorrect Match,0.06912755966186523,True,0.5,320x240,70,1,10,../dataset/Tom Cruise/Tom Cruise_7.jpg
Billie Eilish,Andy Samberg,Andy Samberg,Incorrect Match,0.07030630111694336,True,0.5,320x240,70,1,10,../dataset/Andy Samberg/Andy Samberg_42.jpg
Billie Eilish,Anushka Sharma,Anushka Sharma,Incorrect Match,0.06572103500366211,True,0.5,320x240,70,1,10,../dataset/Anushka Sharma/Anushka Sharma_58.jpg
Billie Eilish,Billie Eilish,Billie Eilish,Correct Match,0.07798910140991211,True,0.5,320x240,70,1,10,../dataset/Billie Eilish/Billie Eilish_93.jpg
Billie Eilish,Camila Cabello,Camila Cabello,Incorrect Match,0.0751032829284668,True,0.5,320x240,70,1,10,../dataset/Camila Cabello/Camila Cabello_60.jpg
Billie Eilish,Courtney Cox,Courtney Cox,Incorrect Match,0.1418781280517578,True,0.5,320x240,70,1,10,../dataset/Courtney Cox/Courtney Cox_65.jpg
Billie Eilish,Dwayne Johnson,,No Face Detected in Test,0.04422616958618164,True,0.5,320x240,70,1,10,../dataset/Dwayne Johnson/Dwayne Johnson_16.jpg
Billie Eilish,Dwayne Johnson,Dwayne Johnson,Incorrect Match,0.06512594223022461,True,0.5,320x240,70,1,10,../dataset/Dwayne Johnson/Dwayne Johnson_59.jpg
Billie Eilish,Ellen Degeneres,Ellen Degeneres,Incorrect Match,0.06496930122375488,True,0.5,320x240,70,1,10,../dataset/Ellen Degeneres/Ellen Degeneres_48.jpg
Billie Eilish,Hrithik Roshan,,No Face Detected in Test,0.04167938232421875,True,0.5,320x240,70,1,10,../dataset/Hrithik Roshan/Hrithik Roshan_23.jpg
Billie Eilish,Hrithik Roshan,,No Face Detected in Test,0.04453635215759277,True,0.5,320x240,70,1,10,../dataset/Hrithik Roshan/Hrithik Roshan_75.jpg
Billie Eilish,Hrithik Roshan,,No Match,0.06254720687866211,True,0.5,320x240,70,1,10,../dataset/Hrithik Roshan/Hrithik Roshan_92.jpg
Billie Eilish,Hrithik Roshan,,No Face Detected in Test,0.06183767318725586,True,0.5,320x240,70,1,10,../dataset/Hrithik Roshan/Hrithik Roshan_69.jpg
Billie Eilish,Hrithik Roshan,Hrithik Roshan,Incorrect Match,0.06912779808044434,True,0.5,320x240,70,1,10,../dataset/Hrithik Roshan/Hrithik Roshan_43.jpg
Billie Eilish,Roger Federer,,No Match,0.06639361381530762,True,0.5,320x240,70,1,10,../dataset/Roger Federer/Roger Federer_40.jpg
Billie Eilish,Roger Federer,,No Face Detected in Test,0.06401205062866211,True,0.5,320x240,70,1,10,../dataset/Roger Federer/Roger Federer_39.jpg
Billie Eilish,Roger Federer,Roger Federer,Incorrect Match,0.07253861427307129,True,0.5,320x240,70,1,10,../dataset/Roger Federer/Roger Federer_27.jpg
Billie Eilish,Tom Cruise,Tom Cruise,Incorrect Match,0.06775641441345215,True,0.5,320x240,70,1,10,../dataset/Tom Cruise/Tom Cruise_52.jpg
Camila Cabello,Andy Samberg,,No Match,0.0666351318359375,True,0.5,320x240,70,1,10,../dataset/Andy Samberg/Andy Samberg_49.jpg
Camila Cabello,Andy Samberg,Andy Samberg,Incorrect Match,0.09005284309387207,True,0.5,320x240,70,1,10,../dataset/Andy Samberg/Andy Samberg_29.jpg
Camila Cabello,Anushka Sharma,,No Face Detected in Test,0.04408693313598633,True,0.5,320x240,70,1,10,../dataset/Anushka Sharma/Anushka Sharma_14.jpg
Camila Cabello,Anushka Sharma,,No Match,0.06536245346069336,True,0.5,320x240,70,1,10,../dataset/Anushka Sharma/Anushka Sharma_21.jpg
Camila Cabello,Anushka Sharma,Anushka Sharma,Incorrect Match,0.09818434715270996,True,0.5,320x240,70,1,10,../dataset/Anushka Sharma/Anushka Sharma_41.jpg
Camila Cabello,Billie Eilish,,No Match,0.06862950325012207,True,0.5,320x240,70,1,10,../dataset/Billie Eilish/Billie Eilish_21.jpg
Camila Cabello,Billie Eilish,,No Match,0.09350275993347168,True,0.5,320x240,70,1,10,../dataset/Billie Eilish/Billie Eilish_71.jpg
Camila Cabello,Billie Eilish,Billie Eilish,Incorrect Match,0.10081863403320312,True,0.5,320x240,70,1,10,../dataset/Billie Eilish/Billie Eilish_44.jpg
Camila Cabello,Camila Cabello,,No Face Detected in Test,0.04643511772155762,True,0.5,320x240,70,1,10,../dataset/Camila Cabello/Camila Cabello_73.jpg
Camila Cabello,Camila Cabello,,No Match,0.06638550758361816,True,0.5,320x240,70,1,10,../dataset/Camila Cabello/Camila Cabello_40.jpg
Camila Cabello,Camila Cabello,,No Face Detected in Test,0.06488513946533203,True,0.5,320x240,70,1,10,../dataset/Camila Cabello/Camila Cabello_5.jpg
Camila Cabello,Camila Cabello,Camila Cabello,Correct Match,0.07850790023803711,True,0.5,320x240,70,1,10,../dataset/Camila Cabello/Camila Cabello_65.jpg
Camila Cabello,Courtney Cox,,No Face Detected in Test,0.03926515579223633,True,0.5,320x240,70,1,10,../dataset/Courtney Cox/Courtney Cox_13.jpg
Camila Cabello,Courtney Cox,Courtney Cox,Incorrect Match,0.06056380271911621,True,0.5,320x240,70,1,10,../dataset/Courtney Cox/Courtney Cox_64.jpg
Camila Cabello,Dwayne Johnson,Dwayne Johnson,Incorrect Match,0.06167101860046387,True,0.5,320x240,70,1,10,../dataset/Dwayne Johnson/Dwayne Johnson_44.jpg
Camila Cabello,Ellen Degeneres,Ellen Degeneres,Incorrect Match,0.06471371650695801,True,0.5,320x240,70,1,10,../dataset/Ellen Degeneres/Ellen Degeneres_49.jpg
Camila Cabello,Hrithik Roshan,,No Match,0.06581234931945801,True,0.5,320x240,70,1,10,../dataset/Hrithik Roshan/Hrithik Roshan_40.jpg
Camila Cabello,Hrithik Roshan,,No Face Detected in Test,0.06340360641479492,True,0.5,320x240,70,1,10,../dataset/Hrithik Roshan/Hrithik Roshan_79.jpg
Camila Cabello,Hrithik Roshan,,No Match,0.07187962532043457,True,0.5,320x240,70,1,10,../dataset/Hrithik Roshan/Hrithik Roshan_81.jpg
Camila Cabello,Hrithik Roshan,Hrithik Roshan,Incorrect Match,0.09765505790710449,True,0.5,320x240,70,1,10,../dataset/Hrithik Roshan/Hrithik Roshan_42.jpg
Camila Cabello,Roger Federer,,No Match,0.07233905792236328,True,0.5,320x240,70,1,10,../dataset/Roger Federer/Roger Federer_31.jpg
Camila Cabello,Roger Federer,Roger Federer,Incorrect Match,0.0952005386352539,True,0.5,320x240,70,1,10,../dataset/Roger Federer/Roger Federer_14.jpg
Camila Cabello,Tom Cruise,,No Face Detected in Test,0.04541516304016113,True,0.5,320x240,70,1,10,../dataset/Tom Cruise/Tom Cruise_28.jpg
Camila Cabello,Tom Cruise,Tom Cruise,Incorrect Match,0.06611919403076172,True,0.5,320x240,70,1,10,../dataset/Tom Cruise/Tom Cruise_55.jpg
Courtney Cox,Andy Samberg,,No Match,0.07157349586486816,True,0.5,320x240,70,1,10,../dataset/Andy Samberg/Andy Samberg_85.jpg
Courtney Cox,Andy Samberg,,No Face Detected in Test,0.06488966941833496,True,0.5,320x240,70,1,10,../dataset/Andy Samberg/Andy Samberg_75.jpg
Courtney Cox,Andy Samberg,,No Match,0.07088828086853027,True,0.5,320x240,70,1,10,../dataset/Andy Samberg/Andy Samberg_41.jpg
Courtney Cox,Andy Samberg,,No Match,0.07576322555541992,True,0.5,320x240,70,1,10,../dataset/Andy Samberg/Andy Samberg_23.jpg
Courtney Cox,Andy Samberg,,No Match,0.09909367561340332,True,0.5,320x240,70,1,10,../dataset/Andy Samberg/Andy Samberg_55.jpg
Courtney Cox,Andy Samberg,Andy Samberg,Incorrect Match,0.10223841667175293,True,0.5,320x240,70,1,10,../dataset/Andy Samberg/Andy Samberg_7.jpg
Courtney Cox,Anushka Sharma,,No Face Detected in Test,0.04561591148376465,True,0.5,320x240,70,1,10,../dataset/Anushka Sharma/Anushka Sharma_56.jpg
Courtney Cox,Anushka Sharma,,No Match,0.07100081443786621,True,0.5,320x240,70,1,10,../dataset/Anushka Sharma/Anushka Sharma_13.jpg
Courtney Cox,Anushka Sharma,Anushka Sharma,Incorrect Match,0.09270739555358887,True,0.5,320x240,70,1,10,../dataset/Anushka Sharma/Anushka Sharma_7.jpg
Courtney Cox,Billie Eilish,Billie Eilish,Incorrect Match,0.07127928733825684,True,0.5,320x240,70,1,10,../dataset/Billie Eilish/Billie Eilish_1.jpg
Courtney Cox,Camila Cabello,Camila Cabello,Incorrect Match,0.06706070899963379,True,0.5,320x240,70,1,10,../dataset/Camila Cabello/Camila Cabello_54.jpg
Courtney Cox,Courtney Cox,,No Face Detected in Test,0.043421030044555664,True,0.5,320x240,70,1,10,../dataset/Courtney Cox/Courtney Cox_68.jpg
Courtney Cox,Courtney Cox,,No Face Detected in Test,0.04097580909729004,True,0.5,320x240,70,1,10,../dataset/Courtney Cox/Courtney Cox_72.jpg
Courtney Cox,Courtney Cox,Courtney Cox,Correct Match,0.06518840789794922,True,0.5,320x240,70,1,10,../dataset/Courtney Cox/Courtney Cox_51.jpg
Courtney Cox,Dwayne Johnson,,No Match,0.0777120590209961,True,0.5,320x240,70,1,10,../dataset/Dwayne Johnson/Dwayne Johnson_18.jpg
Courtney Cox,Dwayne Johnson,Dwayne Johnson,Incorrect Match,0.12398338317871094,True,0.5,320x240,70,1,10,../dataset/Dwayne Johnson/Dwayne Johnson_19.jpg
Courtney Cox,Ellen Degeneres,,No Face Detected in Test,0.04906964302062988,True,0.5,320x240,70,1,10,../dataset/Ellen Degeneres/Ellen Degeneres_58.jpg
Courtney Cox,Ellen Degeneres,Ellen Degeneres,Incorrect Match,0.07474040985107422,True,0.5,320x240,70,1,10,../dataset/Ellen Degeneres/Ellen Degeneres_40.jpg
Courtney Cox,Hrithik Roshan,,No Match,0.07098984718322754,True,0.5,320x240,70,1,10,../dataset/Hrithik Roshan/Hrithik Roshan_82.jpg
Courtney Cox,Hrithik Roshan,,No Face Detected in Test,0.06543159484863281,True,0.5,320x240,70,1,10,../dataset/Hrithik Roshan/Hrithik Roshan_79.jpg
Courtney Cox,Hrithik Roshan,,No Match,0.07839536666870117,True,0.5,320x240,70,1,10,../dataset/Hrithik Roshan/Hrithik Roshan_71.jpg
Courtney Cox,Hrithik Roshan,,No Face Detected in Test,0.07001447677612305,True,0.5,320x240,70,1,10,../dataset/Hrithik Roshan/Hrithik Roshan_35.jpg
Courtney Cox,Hrithik Roshan,,No Match,0.07480454444885254,True,0.5,320x240,70,1,10,../dataset/Hrithik Roshan/Hrithik Roshan_77.jpg
Courtney Cox,Hrithik Roshan,,No Match,0.09844756126403809,True,0.5,320x240,70,1,10,../dataset/Hrithik Roshan/Hrithik Roshan_28.jpg
Courtney Cox,Hrithik Roshan,,No Face Detected in Test,0.0728759765625,True,0.5,320x240,70,1,10,../dataset/Hrithik Roshan/Hrithik Roshan_99.jpg
Courtney Cox,Hrithik Roshan,,No Match,0.08596396446228027,True,0.5,320x240,70,1,10,../dataset/Hrithik Roshan/Hrithik Roshan_87.jpg
Courtney Cox,Hrithik Roshan,,No Match,0.10449624061584473,True,0.5,320x240,70,1,10,../dataset/Hrithik Roshan/Hrithik Roshan_19.jpg
Courtney Cox,Hrithik Roshan,,No Match,0.1128392219543457,True,0.5,320x240,70,1,10,../dataset/Hrithik Roshan/Hrithik Roshan_4.jpg
Courtney Cox,Hrithik Roshan,,No Match,0.8342587947845459,True,0.5,320x240,70,1,10,
Courtney Cox,Roger Federer,,No Face Detected in Test,0.05128335952758789,True,0.5,320x240,70,1,10,../dataset/Roger Federer/Roger Federer_19.jpg
Courtney Cox,Roger Federer,Roger Federer,Incorrect Match,0.0811767578125,True,0.5,320x240,70,1,10,../dataset/Roger Federer/Roger Federer_14.jpg
Courtney Cox,Tom Cruise,,No Face Detected in Test,0.04606366157531738,True,0.5,320x240,70,1,10,../dataset/Tom Cruise/Tom Cruise_38.jpg
Courtney Cox,Tom Cruise,,No Face Detected in Test,0.042923927307128906,True,0.5,320x240,70,1,10,../dataset/Tom Cruise/Tom Cruise_27.jpg
Courtney Cox,Tom Cruise,,No Face Detected in Test,0.04139304161071777,True,0.5,320x240,70,1,10,../dataset/Tom Cruise/Tom Cruise_51.jpg
Courtney Cox,Tom Cruise,,No Face Detected in Test,0.04177737236022949,True,0.5,320x240,70,1,10,../dataset/Tom Cruise/Tom Cruise_41.jpg
Courtney Cox,Tom Cruise,Tom Cruise,Incorrect Match,0.06011652946472168,True,0.5,320x240,70,1,10,../dataset/Tom Cruise/Tom Cruise_4.jpg
Dwayne Johnson,Andy Samberg,,No Match,0.0636589527130127,True,0.5,320x240,70,1,10,../dataset/Andy Samberg/Andy Samberg_45.jpg
Dwayne Johnson,Andy Samberg,,No Match,0.09107279777526855,True,0.5,320x240,70,1,10,../dataset/Andy Samberg/Andy Samberg_1.jpg
Dwayne Johnson,Andy Samberg,,No Match,0.10487651824951172,True,0.5,320x240,70,1,10,../dataset/Andy Samberg/Andy Samberg_30.jpg
Dwayne Johnson,Andy Samberg,,No Face Detected in Test,0.04774737358093262,True,0.5,320x240,70,1,10,../dataset/Andy Samberg/Andy Samberg_68.jpg
Dwayne Johnson,Andy Samberg,,No Match,0.07251644134521484,True,0.5,320x240,70,1,10,../dataset/Andy Samberg/Andy Samberg_28.jpg
Dwayne Johnson,Andy Samberg,Andy Samberg,Incorrect Match,0.06906294822692871,True,0.5,320x240,70,1,10,../dataset/Andy Samberg/Andy Samberg_63.jpg
Dwayne Johnson,Anushka Sharma,,No Match,0.06946182250976562,True,0.5,320x240,70,1,10,../dataset/Anushka Sharma/Anushka Sharma_62.jpg
Dwayne Johnson,Anushka Sharma,,No Face Detected in Test,0.06463789939880371,True,0.5,320x240,70,1,10,../dataset/Anushka Sharma/Anushka Sharma_59.jpg
Dwayne Johnson,Anushka Sharma,,No Face Detected in Test,0.04705190658569336,True,0.5,320x240,70,1,10,../dataset/Anushka Sharma/Anushka Sharma_53.jpg
Dwayne Johnson,Anushka Sharma,Anushka Sharma,Incorrect Match,0.07049798965454102,True,0.5,320x240,70,1,10,../dataset/Anushka Sharma/Anushka Sharma_2.jpg
Dwayne Johnson,Billie Eilish,,No Face Detected in Test,0.042595624923706055,True,0.5,320x240,70,1,10,../dataset/Billie Eilish/Billie Eilish_89.jpg
Dwayne Johnson,Billie Eilish,,No Match,0.0668478012084961,True,0.5,320x240,70,1,10,../dataset/Billie Eilish/Billie Eilish_53.jpg
Dwayne Johnson,Billie Eilish,Billie Eilish,Incorrect Match,0.0823221206665039,True,0.5,320x240,70,1,10,../dataset/Billie Eilish/Billie Eilish_31.jpg
Dwayne Johnson,Camila Cabello,,No Face Detected in Test,0.04365992546081543,True,0.5,320x240,70,1,10,../dataset/Camila Cabello/Camila Cabello_33.jpg
Dwayne Johnson,Camila Cabello,,No Face Detected in Test,0.04055023193359375,True,0.5,320x240,70,1,10,../dataset/Camila Cabello/Camila Cabello_20.jpg
Dwayne Johnson,Camila Cabello,,No Match,0.07602953910827637,True,0.5,320x240,70,1,10,../dataset/Camila Cabello/Camila Cabello_40.jpg
Dwayne Johnson,Camila Cabello,Camila Cabello,Incorrect Match,0.10837531089782715,True,0.5,320x240,70,1,10,../dataset/Camila Cabello/Camila Cabello_54.jpg
Dwayne Johnson,Courtney Cox,Courtney Cox,Incorrect Match,0.07453560829162598,True,0.5,320x240,70,1,10,../dataset/Courtney Cox/Courtney Cox_24.jpg
Dwayne Johnson,Dwayne Johnson,Dwayne Johnson,Correct Match,0.0676584243774414,True,0.5,320x240,70,1,10,../dataset/Dwayne Johnson/Dwayne Johnson_9.jpg
Dwayne Johnson,Ellen Degeneres,Ellen Degeneres,Incorrect Match,0.06792783737182617,True,0.5,320x240,70,1,10,../dataset/Ellen Degeneres/Ellen Degeneres_53.jpg
Dwayne Johnson,Hrithik Roshan,,No Match,0.06651067733764648,True,0.5,320x240,70,1,10,../dataset/Hrithik Roshan/Hrithik Roshan_73.jpg
Dwayne Johnson,Hrithik Roshan,,No Match,0.09120321273803711,True,0.5,320x240,70,1,10,../dataset/Hrithik Roshan/Hrithik Roshan_22.jpg
Dwayne Johnson,Hrithik Roshan,,No Match,0.10605287551879883,True,0.5,320x240,70,1,10,../dataset/Hrithik Roshan/Hrithik Roshan_72.jpg
Dwayne Johnson,Hrithik Roshan,,No Match,0.10796904563903809,True,0.5,320x240,70,1,10,../dataset/Hrithik Roshan/Hrithik Roshan_90.jpg
Dwayne Johnson,Hrithik Roshan,,No Match,0.10326027870178223,True,0.5,320x240,70,1,10,../dataset/Hrithik Roshan/Hrithik Roshan_52.jpg
Dwayne Johnson,Hrithik Roshan,Hrithik Roshan,Incorrect Match,0.10138607025146484,True,0.5,320x240,70,1,10,../dataset/Hrithik Roshan/Hrithik Roshan_78.jpg
Dwayne Johnson,Roger Federer,Roger Federer,Incorrect Match,0.08280014991760254,True,0.5,320x240,70,1,10,../dataset/Roger Federer/Roger Federer_26.jpg
Dwayne Johnson,Tom Cruise,Tom Cruise,Incorrect Match,0.07315659523010254,True,0.5,320x240,70,1,10,../dataset/Tom Cruise/Tom Cruise_12.jpg
Ellen Degeneres,Andy Samberg,,No Match,0.06905889511108398,True,0.5,320x240,70,1,10,../dataset/Andy Samberg/Andy Samberg_69.jpg
Ellen Degeneres,Andy Samberg,,No Face Detected in Test,0.0665900707244873,True,0.5,320x240,70,1,10,../dataset/Andy Samberg/Andy Samberg_4.jpg
Ellen Degeneres,Andy Samberg,,No Face Detected in Test,0.047359466552734375,True,0.5,320x240,70,1,10,../dataset/Andy Samberg/Andy Samberg_8.jpg
Ellen Degeneres,Andy Samberg,,No Face Detected in Test,0.043573617935180664,True,0.5,320x240,70,1,10,../dataset/Andy Samberg/Andy Samberg_36.jpg
Ellen Degeneres,Andy Samberg,Andy Samberg,Incorrect Match,0.06614828109741211,True,0.5,320x240,70,1,10,../dataset/Andy Samberg/Andy Samberg_14.jpg
Ellen Degeneres,Anushka Sharma,,No Face Detected in Test,0.042839765548706055,True,0.5,320x240,70,1,10,../dataset/Anushka Sharma/Anushka Sharma_63.jpg
Ellen Degeneres,Anushka Sharma,Anushka Sharma,Incorrect Match,0.08969712257385254,True,0.5,320x240,70,1,10,../dataset/Anushka Sharma/Anushka Sharma_40.jpg
Ellen Degeneres,Billie Eilish,,No Match,0.0637810230255127,True,0.5,320x240,70,1,10,../dataset/Billie Eilish/Billie Eilish_45.jpg
Ellen Degeneres,Billie Eilish,,No Match,0.0971841812133789,True,0.5,320x240,70,1,10,../dataset/Billie Eilish/Billie Eilish_58.jpg
Ellen Degeneres,Billie Eilish,,No Face Detected in Test,0.06863164901733398,True,0.5,320x240,70,1,10,../dataset/Billie Eilish/Billie Eilish_77.jpg
Ellen Degeneres,Billie Eilish,,No Face Detected in Test,0.04148149490356445,True,0.5,320x240,70,1,10,../dataset/Billie Eilish/Billie Eilish_80.jpg
Ellen Degeneres,Billie Eilish,,No Face Detected in Test,0.039937734603881836,True,0.5,320x240,70,1,10,../dataset/Billie Eilish/Billie Eilish_20.jpg
Ellen Degeneres,Billie Eilish,Billie Eilish,Incorrect Match,0.060072898864746094,True,0.5,320x240,70,1,10,../dataset/Billie Eilish/Billie Eilish_46.jpg
Ellen Degeneres,Camila Cabello,Camila Cabello,Incorrect Match,0.06339049339294434,True,0.5,320x240,70,1,10,../dataset/Camila Cabello/Camila Cabello_79.jpg
Ellen Degeneres,Courtney Cox,,No Face Detected in Test,0.041265249252319336,True,0.5,320x240,70,1,10,../dataset/Courtney Cox/Courtney Cox_13.jpg
Ellen Degeneres,Courtney Cox,,No Face Detected in Test,0.03932356834411621,True,0.5,320x240,70,1,10,../dataset/Courtney Cox/Courtney Cox_2.jpg
Ellen Degeneres,Courtney Cox,,No Face Detected in Test,0.03857564926147461,True,0.5,320x240,70,1,10,../dataset/Courtney Cox/Courtney Cox_20.jpg
Ellen Degeneres,Courtney Cox,,No Face Detected in Test,0.03603219985961914,True,0.5,320x240,70,1,10,../dataset/Courtney Cox/Courtney Cox_67.jpg
Ellen Degeneres,Courtney Cox,,No Face Detected in Test,0.0355532169342041,True,0.5,320x240,70,1,10,../dataset/Courtney Cox/Courtney Cox_59.jpg
Ellen Degeneres,Courtney Cox,,No Match,0.05432438850402832,True,0.5,320x240,70,1,10,../dataset/Courtney Cox/Courtney Cox_48.jpg
Ellen Degeneres,Courtney Cox,,No Face Detected in Test,0.05668210983276367,True,0.5,320x240,70,1,10,../dataset/Courtney Cox/Courtney Cox_33.jpg
Ellen Degeneres,Courtney Cox,Courtney Cox,Incorrect Match,0.07056879997253418,True,0.5,320x240,70,1,10,../dataset/Courtney Cox/Courtney Cox_4.jpg
Ellen Degeneres,Dwayne Johnson,Dwayne Johnson,Incorrect Match,0.07262921333312988,True,0.5,320x240,70,1,10,../dataset/Dwayne Johnson/Dwayne Johnson_55.jpg
Ellen Degeneres,Ellen Degeneres,,No Face Detected in Test,0.04805898666381836,True,0.5,320x240,70,1,10,../dataset/Ellen Degeneres/Ellen Degeneres_44.jpg
Ellen Degeneres,Ellen Degeneres,Ellen Degeneres,Correct Match,0.07282447814941406,True,0.5,320x240,70,1,10,../dataset/Ellen Degeneres/Ellen Degeneres_67.jpg
Ellen Degeneres,Hrithik Roshan,,No Face Detected in Test,0.051535606384277344,True,0.5,320x240,70,1,10,../dataset/Hrithik Roshan/Hrithik Roshan_34.jpg
Ellen Degeneres,Hrithik Roshan,,No Match,0.12491750717163086,True,0.5,320x240,70,1,10,../dataset/Hrithik Roshan/Hrithik Roshan_10.jpg
Ellen Degeneres,Hrithik Roshan,,No Match,0.10623407363891602,True,0.5,320x240,70,1,10,../dataset/Hrithik Roshan/Hrithik Roshan_86.jpg
Ellen Degeneres,Hrithik Roshan,,No Match,0.11961483955383301,True,0.5,320x240,70,1,10,../dataset/Hrithik Roshan/Hrithik Roshan_20.jpg
Ellen Degeneres,Hrithik Roshan,Hrithik Roshan,Incorrect Match,0.096923828125,True,0.5,320x240,70,1,10,../dataset/Hrithik Roshan/Hrithik Roshan_54.jpg
Ellen Degeneres,Roger Federer,Roger Federer,Incorrect Match,0.1291182041168213,True,0.5,320x240,70,1,10,../dataset/Roger Federer/Roger Federer_53.jpg
Ellen Degeneres,Tom Cruise,,No Face Detected in Test,0.07436800003051758,True,0.5,320x240,70,1,10,../dataset/Tom Cruise/Tom Cruise_31.jpg
Ellen Degeneres,Tom Cruise,Tom Cruise,Incorrect Match,0.1556391716003418,True,0.5,320x240,70,1,10,../dataset/Tom Cruise/Tom Cruise_21.jpg
Hrithik Roshan,Andy Samberg,,No Face Detected in Test,0.06450176239013672,True,0.5,320x240,70,1,10,../dataset/Andy Samberg/Andy Samberg_75.jpg
Hrithik Roshan,Andy Samberg,Andy Samberg,Incorrect Match,0.2130870819091797,True,0.5,320x240,70,1,10,../dataset/Andy Samberg/Andy Samberg_60.jpg
Hrithik Roshan,Anushka Sharma,,No Face Detected in Test,0.0723564624786377,True,0.5,320x240,70,1,10,../dataset/Anushka Sharma/Anushka Sharma_22.jpg
Hrithik Roshan,Anushka Sharma,,No Match,0.08815407752990723,True,0.5,320x240,70,1,10,../dataset/Anushka Sharma/Anushka Sharma_66.jpg
Hrithik Roshan,Anushka Sharma,Anushka Sharma,Incorrect Match,0.10289525985717773,True,0.5,320x240,70,1,10,../dataset/Anushka Sharma/Anushka Sharma_39.jpg
Hrithik Roshan,Billie Eilish,Billie Eilish,Incorrect Match,0.07805800437927246,True,0.5,320x240,70,1,10,../dataset/Billie Eilish/Billie Eilish_35.jpg
Hrithik Roshan,Camila Cabello,,No Face Detected in Test,0.05139589309692383,True,0.5,320x240,70,1,10,../dataset/Camila Cabello/Camila Cabello_73.jpg
Hrithik Roshan,Camila Cabello,,No Face Detected in Test,0.05152463912963867,True,0.5,320x240,70,1,10,../dataset/Camila Cabello/Camila Cabello_22.jpg
Hrithik Roshan,Camila Cabello,,No Face Detected in Test,0.05135321617126465,True,0.5,320x240,70,1,10,../dataset/Camila Cabello/Camila Cabello_12.jpg
Hrithik Roshan,Camila Cabello,Camila Cabello,Incorrect Match,0.1429281234741211,True,0.5,320x240,70,1,10,../dataset/Camila Cabello/Camila Cabello_28.jpg
Hrithik Roshan,Courtney Cox,,No Face Detected in Test,0.05752754211425781,True,0.5,320x240,70,1,10,../dataset/Courtney Cox/Courtney Cox_14.jpg
Hrithik Roshan,Courtney Cox,Courtney Cox,Incorrect Match,0.13018083572387695,True,0.5,320x240,70,1,10,../dataset/Courtney Cox/Courtney Cox_24.jpg
Hrithik Roshan,Dwayne Johnson,Dwayne Johnson,Incorrect Match,0.1064608097076416,True,0.5,320x240,70,1,10,../dataset/Dwayne Johnson/Dwayne Johnson_1.jpg
Hrithik Roshan,Ellen Degeneres,Ellen Degeneres,Incorrect Match,0.11145591735839844,True,0.5,320x240,70,1,10,../dataset/Ellen Degeneres/Ellen Degeneres_66.jpg
Hrithik Roshan,Hrithik Roshan,,No Match,0.0853121280670166,True,0.5,320x240,70,1,10,../dataset/Hrithik Roshan/Hrithik Roshan_90.jpg
Hrithik Roshan,Hrithik Roshan,,No Face Detected in Test,0.0729668140411377,True,0.5,320x240,70,1,10,../dataset/Hrithik Roshan/Hrithik Roshan_23.jpg
Hrithik Roshan,Hrithik Roshan,Hrithik Roshan,Correct Match,0.08868169784545898,True,0.5,320x240,70,1,10,../dataset/Hrithik Roshan/Hrithik Roshan_78.jpg
Hrithik Roshan,Roger Federer,,No Face Detected in Test,0.05069422721862793,True,0.5,320x240,70,1,10,../dataset/Roger Federer/Roger Federer_55.jpg
Hrithik Roshan,Roger Federer,Roger Federer,Incorrect Match,0.07026815414428711,True,0.5,320x240,70,1,10,../dataset/Roger Federer/Roger Federer_32.jpg
Hrithik Roshan,Tom Cruise,,No Match,0.06322598457336426,True,0.5,320x240,70,1,10,../dataset/Tom Cruise/Tom Cruise_34.jpg
Hrithik Roshan,Tom Cruise,,No Face Detected in Test,0.06196260452270508,True,0.5,320x240,70,1,10,../dataset/Tom Cruise/Tom Cruise_31.jpg
Hrithik Roshan,Tom Cruise,Tom Cruise,Incorrect Match,0.07342886924743652,True,0.5,320x240,70,1,10,../dataset/Tom Cruise/Tom Cruise_25.jpg
Roger Federer,Andy Samberg,,No Match,0.0661630630493164,True,0.5,320x240,70,1,10,../dataset/Andy Samberg/Andy Samberg_69.jpg
Roger Federer,Andy Samberg,Andy Samberg,Incorrect Match,0.08968591690063477,True,0.5,320x240,70,1,10,../dataset/Andy Samberg/Andy Samberg_29.jpg
Roger Federer,Anushka Sharma,Anushka Sharma,Incorrect Match,0.07072925567626953,True,0.5,320x240,70,1,10,../dataset/Anushka Sharma/Anushka Sharma_51.jpg
Roger Federer,Billie Eilish,Billie Eilish,Incorrect Match,0.0668630599975586,True,0.5,320x240,70,1,10,../dataset/Billie Eilish/Billie Eilish_82.jpg
Roger Federer,Camila Cabello,Camila Cabello,Incorrect Match,0.0691990852355957,True,0.5,320x240,70,1,10,../dataset/Camila Cabello/Camila Cabello_19.jpg
Roger Federer,Courtney Cox,,No Match,0.06839704513549805,True,0.5,320x240,70,1,10,../dataset/Courtney Cox/Courtney Cox_75.jpg
Roger Federer,Courtney Cox,,No Match,0.09198546409606934,True,0.5,320x240,70,1,10,../dataset/Courtney Cox/Courtney Cox_48.jpg
Roger Federer,Courtney Cox,,No Face Detected in Test,0.07488536834716797,True,0.5,320x240,70,1,10,../dataset/Courtney Cox/Courtney Cox_70.jpg
Roger Federer,Courtney Cox,,No Face Detected in Test,0.049622297286987305,True,0.5,320x240,70,1,10,../dataset/Courtney Cox/Courtney Cox_22.jpg
Roger Federer,Courtney Cox,,No Face Detected in Test,0.04480409622192383,True,0.5,320x240,70,1,10,../dataset/Courtney Cox/Courtney Cox_26.jpg
Roger Federer,Courtney Cox,Courtney Cox,Incorrect Match,0.06504225730895996,True,0.5,320x240,70,1,10,../dataset/Courtney Cox/Courtney Cox_17.jpg
Roger Federer,Dwayne Johnson,,No Face Detected in Test,0.041942596435546875,True,0.5,320x240,70,1,10,../dataset/Dwayne Johnson/Dwayne Johnson_50.jpg
Roger Federer,Dwayne Johnson,Dwayne Johnson,Incorrect Match,0.06339454650878906,True,0.5,320x240,70,1,10,../dataset/Dwayne Johnson/Dwayne Johnson_32.jpg
Roger Federer,Ellen Degeneres,Ellen Degeneres,Incorrect Match,0.06516456604003906,True,0.5,320x240,70,1,10,../dataset/Ellen Degeneres/Ellen Degeneres_69.jpg
Roger Federer,Hrithik Roshan,,No Match,0.0663304328918457,True,0.5,320x240,70,1,10,../dataset/Hrithik Roshan/Hrithik Roshan_17.jpg
Roger Federer,Hrithik Roshan,,No Match,0.09031438827514648,True,0.5,320x240,70,1,10,../dataset/Hrithik Roshan/Hrithik Roshan_83.jpg
Roger Federer,Hrithik Roshan,,No Match,0.09937357902526855,True,0.5,320x240,70,1,10,../dataset/Hrithik Roshan/Hrithik Roshan_57.jpg
Roger Federer,Hrithik Roshan,Hrithik Roshan,Incorrect Match,0.10113072395324707,True,0.5,320x240,70,1,10,../dataset/Hrithik Roshan/Hrithik Roshan_59.jpg
Roger Federer,Roger Federer,Roger Federer,Correct Match,0.07694005966186523,True,0.5,320x240,70,1,10,../dataset/Roger Federer/Roger Federer_69.jpg
Roger Federer,Tom Cruise,,No Face Detected in Test,0.04716801643371582,True,0.5,320x240,70,1,10,../dataset/Tom Cruise/Tom Cruise_18.jpg
Roger Federer,Tom Cruise,Tom Cruise,Incorrect Match,0.05905723571777344,True,0.5,320x240,70,1,10,../dataset/Tom Cruise/Tom Cruise_45.jpg
Tom Cruise,Andy Samberg,Andy Samberg,Incorrect Match,0.06668829917907715,True,0.5,320x240,70,1,10,../dataset/Andy Samberg/Andy Samberg_57.jpg
Tom Cruise,Anushka Sharma,,No Face Detected in Test,0.04252958297729492,True,0.5,320x240,70,1,10,../dataset/Anushka Sharma/Anushka Sharma_6.jpg
Tom Cruise,Anushka Sharma,Anushka Sharma,Incorrect Match,0.06698346138000488,True,0.5,320x240,70,1,10,../dataset/Anushka Sharma/Anushka Sharma_58.jpg
Tom Cruise,Billie Eilish,,No Match,0.06971859931945801,True,0.5,320x240,70,1,10,../dataset/Billie Eilish/Billie Eilish_84.jpg
Tom Cruise,Billie Eilish,,No Match,0.1186819076538086,True,0.5,320x240,70,1,10,../dataset/Billie Eilish/Billie Eilish_55.jpg
Tom Cruise,Billie Eilish,Billie Eilish,Incorrect Match,0.10948038101196289,True,0.5,320x240,70,1,10,../dataset/Billie Eilish/Billie Eilish_94.jpg
Tom Cruise,Camila Cabello,,No Face Detected in Test,0.04595303535461426,True,0.5,320x240,70,1,10,../dataset/Camila Cabello/Camila Cabello_48.jpg
Tom Cruise,Camila Cabello,Camila Cabello,Incorrect Match,0.07057380676269531,True,0.5,320x240,70,1,10,../dataset/Camila Cabello/Camila Cabello_82.jpg
Tom Cruise,Courtney Cox,Courtney Cox,Incorrect Match,0.06114530563354492,True,0.5,320x240,70,1,10,../dataset/Courtney Cox/Courtney Cox_77.jpg
Tom Cruise,Dwayne Johnson,Dwayne Johnson,Incorrect Match,0.06667137145996094,True,0.5,320x240,70,1,10,../dataset/Dwayne Johnson/Dwayne Johnson_52.jpg
Tom Cruise,Ellen Degeneres,Ellen Degeneres,Incorrect Match,0.0668025016784668,True,0.5,320x240,70,1,10,../dataset/Ellen Degeneres/Ellen Degeneres_41.jpg
Tom Cruise,Hrithik Roshan,,No Match,0.06651139259338379,True,0.5,320x240,70,1,10,../dataset/Hrithik Roshan/Hrithik Roshan_12.jpg
Tom Cruise,Hrithik Roshan,,No Match,0.09799480438232422,True,0.5,320x240,70,1,10,../dataset/Hrithik Roshan/Hrithik Roshan_9.jpg
Tom Cruise,Hrithik Roshan,Hrithik Roshan,Incorrect Match,0.10260725021362305,True,0.5,320x240,70,1,10,../dataset/Hrithik Roshan/Hrithik Roshan_24.jpg
Tom Cruise,Roger Federer,,No Face Detected in Test,0.03880906105041504,True,0.5,320x240,70,1,10,../dataset/Roger Federer/Roger Federer_8.jpg
Tom Cruise,Roger Federer,,No Match,0.057161569595336914,True,0.5,320x240,70,1,10,../dataset/Roger Federer/Roger Federer_60.jpg
Tom Cruise,Roger Federer,Roger Federer,Incorrect Match,0.08352899551391602,True,0.5,320x240,70,1,10,../dataset/Roger Federer/Roger Federer_69.jpg
Tom Cruise,Tom Cruise,,No Face Detected in Test,0.04253840446472168,True,0.5,320x240,70,1,10,../dataset/Tom Cruise/Tom Cruise_28.jpg
Tom Cruise,Tom Cruise,,No Face Detected in Test,0.040801286697387695,True,0.5,320x240,70,1,10,../dataset/Tom Cruise/Tom Cruise_54.jpg
Tom Cruise,Tom Cruise,Tom Cruise,Correct Match,0.07300114631652832,True,0.5,320x240,70,1,10,../dataset/Tom Cruise/Tom Cruise_46.jpg
Andy Samberg,Andy Samberg,,No Face Detected in Test,0.21428251266479492,True,0.5,640x480,70,1,10,../dataset/Andy Samberg/Andy Samberg_81.jpg
Andy Samberg,Andy Samberg,,No Face Detected in Test,0.1948530673980713,True,0.5,640x480,70,1,10,../dataset/Andy Samberg/Andy Samberg_79.jpg
Andy Samberg,Andy Samberg,,No Match,0.19556975364685059,True,0.5,640x480,70,1,10,../dataset/Andy Samberg/Andy Samberg_47.jpg
Andy Samberg,Andy Samberg,,No Face Detected in Test,0.18609189987182617,True,0.5,640x480,70,1,10,../dataset/Andy Samberg/Andy Samberg_4.jpg
Andy Samberg,Andy Samberg,,No Face Detected in Test,0.1539144515991211,True,0.5,640x480,70,1,10,../dataset/Andy Samberg/Andy Samberg_68.jpg
Andy Samberg,Andy Samberg,,No Face Detected in Test,0.14957118034362793,True,0.5,640x480,70,1,10,../dataset/Andy Samberg/Andy Samberg_3.jpg
Andy Samberg,Andy Samberg,,No Match,0.15506386756896973,True,0.5,640x480,70,1,10,../dataset/Andy Samberg/Andy Samberg_84.jpg
Andy Samberg,Andy Samberg,,No Match,0.20176053047180176,True,0.5,640x480,70,1,10,../dataset/Andy Samberg/Andy Samberg_24.jpg
Andy Samberg,Andy Samberg,Andy Samberg,Correct Match,0.21700310707092285,True,0.5,640x480,70,1,10,../dataset/Andy Samberg/Andy Samberg_32.jpg
Andy Samberg,Anushka Sharma,,No Match,0.18041157722473145,True,0.5,640x480,70,1,10,../dataset/Anushka Sharma/Anushka Sharma_34.jpg
Andy Samberg,Anushka Sharma,,No Face Detected in Test,0.18506550788879395,True,0.5,640x480,70,1,10,../dataset/Anushka Sharma/Anushka Sharma_53.jpg
Andy Samberg,Anushka Sharma,,No Face Detected in Test,0.15059256553649902,True,0.5,640x480,70,1,10,../dataset/Anushka Sharma/Anushka Sharma_18.jpg
Andy Samberg,Anushka Sharma,Anushka Sharma,Incorrect Match,0.160322904586792,True,0.5,640x480,70,1,10,../dataset/Anushka Sharma/Anushka Sharma_50.jpg
Andy Samberg,Billie Eilish,,No Match,0.17230772972106934,True,0.5,640x480,70,1,10,../dataset/Billie Eilish/Billie Eilish_37.jpg
Andy Samberg,Billie Eilish,Billie Eilish,Incorrect Match,0.20795297622680664,True,0.5,640x480,70,1,10,../dataset/Billie Eilish/Billie Eilish_39.jpg
Andy Samberg,Camila Cabello,,No Face Detected in Test,0.14852356910705566,True,0.5,640x480,70,1,10,../dataset/Camila Cabello/Camila Cabello_13.jpg
Andy Samberg,Camila Cabello,,No Match,0.16189837455749512,True,0.5,640x480,70,1,10,../dataset/Camila Cabello/Camila Cabello_70.jpg
Andy Samberg,Camila Cabello,,No Match,0.18041276931762695,True,0.5,640x480,70,1,10,../dataset/Camila Cabello/Camila Cabello_78.jpg
Andy Samberg,Camila Cabello,,No Face Detected in Test,0.17403602600097656,True,0.5,640x480,70,1,10,../dataset/Camila Cabello/Camila Cabello_6.jpg
Andy Samberg,Camila Cabello,,No Face Detected in Test,0.14653253555297852,True,0.5,640x480,70,1,10,../dataset/Camila Cabello/Camila Cabello_10.jpg
Andy Samberg,Camila Cabello,,No Match,0.14989733695983887,True,0.5,640x480,70,1,10,../dataset/Camila Cabello/Camila Cabello_51.jpg
Andy Samberg,Camila Cabello,,No Match,0.19250965118408203,True,0.5,640x480,70,1,10,../dataset/Camila Cabello/Camila Cabello_34.jpg
Andy Samberg,Camila Cabello,,No Match,0.22197294235229492,True,0.5,640x480,70,1,10,../dataset/Camila Cabello/Camila Cabello_71.jpg
Andy Samberg,Camila Cabello,Camila Cabello,Incorrect Match,0.23880219459533691,True,0.5,640x480,70,1,10,../dataset/Camila Cabello/Camila Cabello_65.jpg
Andy Samberg,Courtney Cox,,No Face Detected in Test,0.15180635452270508,True,0.5,640x480,70,1,10,../dataset/Courtney Cox/Courtney Cox_41.jpg
Andy Samberg,Courtney Cox,,No Face Detected in Test,0.14246392250061035,True,0.5,640x480,70,1,10,../dataset/Courtney Cox/Courtney Cox_14.jpg
Andy Samberg,Courtney Cox,Courtney Cox,Incorrect Match,0.15051794052124023,True,0.5,640x480,70,1,10,../dataset/Courtney Cox/Courtney Cox_34.jpg
Andy Samberg,Dwayne Johnson,Dwayne Johnson,Incorrect Match,0.1696159839630127,True,0.5,640x480,70,1,10,../dataset/Dwayne Johnson/Dwayne Johnson_30.jpg
Andy Samberg,Ellen Degeneres,,No Face Detected in Test,0.1569838523864746,True,0.5,640x480,70,1,10,../dataset/Ellen Degeneres/Ellen Degeneres_55.jpg
Andy Samberg,Ellen Degeneres,,No Face Detected in Test,0.1331009864807129,True,0.5,640x480,70,1,10,../dataset/Ellen Degeneres/Ellen Degeneres_32.jpg
Andy Samberg,Ellen Degeneres,Ellen Degeneres,Incorrect Match,0.1507570743560791,True,0.5,640x480,70,1,10,../dataset/Ellen Degeneres/Ellen Degeneres_62.jpg
Andy Samberg,Hrithik Roshan,,No Match,0.2026512622833252,True,0.5,640x480,70,1,10,../dataset/Hrithik Roshan/Hrithik Roshan_47.jpg
Andy Samberg,Hrithik Roshan,,No Face Detected in Test,0.19059062004089355,True,0.5,640x480,70,1,10,../dataset/Hrithik Roshan/Hrithik Roshan_99.jpg
Andy Samberg,Hrithik Roshan,,No Match,0.17828726768493652,True,0.5,640x480,70,1,10,../dataset/Hrithik Roshan/Hrithik Roshan_49.jpg
Andy Samberg,Hrithik Roshan,,No Face Detected in Test,0.18752098083496094,True,0.5,640x480,70,1,10,../dataset/Hrithik Roshan/Hrithik Roshan_88.jpg
Andy Samberg,Hrithik Roshan,Hrithik Roshan,Incorrect Match,0.17037296295166016,True,0.5,640x480,70,1,10,../dataset/Hrithik Roshan/Hrithik Roshan_42.jpg
Andy Samberg,Roger Federer,Roger Federer,Incorrect Match,0.20750212669372559,True,0.5,640x480,70,1,10,../dataset/Roger Federer/Roger Federer_9.jpg
Andy Samberg,Tom Cruise,Tom Cruise,Incorrect Match,0.18365240097045898,True,0.5,640x480,70,1,10,../dataset/Tom Cruise/Tom Cruise_57.jpg
Anushka Sharma,Andy Samberg,,No Match,0.17855024337768555,True,0.5,640x480,70,1,10,../dataset/Andy Samberg/Andy Samberg_66.jpg
Anushka Sharma,Andy Samberg,,No Face Detected in Test,0.1864309310913086,True,0.5,640x480,70,1,10,../dataset/Andy Samberg/Andy Samberg_65.jpg
Anushka Sharma,Andy Samberg,Andy Samberg,Incorrect Match,0.1815335750579834,True,0.5,640x480,70,1,10,../dataset/Andy Samberg/Andy Samberg_42.jpg
Anushka Sharma,Anushka Sharma,,No Match,0.19217514991760254,True,0.5,640x480,70,1,10,../dataset/Anushka Sharma/Anushka Sharma_3.jpg
Anushka Sharma,Anushka Sharma,,No Face Detected in Test,0.18796420097351074,True,0.5,640x480,70,1,10,../dataset/Anushka Sharma/Anushka Sharma_6.jpg
Anushka Sharma,Anushka Sharma,Anushka Sharma,Correct Match,0.16986465454101562,True,0.5,640x480,70,1,10,../dataset/Anushka Sharma/Anushka Sharma_65.jpg
Anushka Sharma,Billie Eilish,,No Match,0.17495512962341309,True,0.5,640x480,70,1,10,../dataset/Billie Eilish/Billie Eilish_34.jpg
Anushka Sharma,Billie Eilish,Billie Eilish,Incorrect Match,0.1955406665802002,True,0.5,640x480,70,1,10,../dataset/Billie Eilish/Billie Eilish_28.jpg
Anushka Sharma,Camila Cabello,,No Face Detected in Test,0.15455341339111328,True,0.5,640x480,70,1,10,../dataset/Camila Cabello/Camila Cabello_85.jpg
Anushka Sharma,Camila Cabello,,No Face Detected in Test,0.14137053489685059,True,0.5,640x480,70,1,10,../dataset/Camila Cabello/Camila Cabello_33.jpg
Anushka Sharma,Camila Cabello,,No Face Detected in Test,0.13716959953308105,True,0.5,640x480,70,1,10,../dataset/Camila Cabello/Camila Cabello_83.jpg
Anushka Sharma,Camila Cabello,,No Match,0.14922404289245605,True,0.5,640x480,70,1,10,../dataset/Camila Cabello/Camila Cabello_23.jpg
Anushka Sharma,Camila Cabello,,No Face Detected in Test,0.16444993019104004,True,0.5,640x480,70,1,10,../dataset/Camila Cabello/Camila Cabello_27.jpg
Anushka Sharma,Camila Cabello,,No Face Detected in Test,0.14552092552185059,True,0.5,640x480,70,1,10,../dataset/Camila Cabello/Camila Cabello_13.jpg
Anushka Sharma,Camila Cabello,,No Face Detected in Test,0.14029693603515625,True,0.5,640x480,70,1,10,../dataset/Camila Cabello/Camila Cabello_2.jpg
Anushka Sharma,Camila Cabello,,No Match,0.15483570098876953,True,0.5,640x480,70,1,10,../dataset/Camila Cabello/Camila Cabello_26.jpg
Anushka Sharma,Camila Cabello,Camila Cabello,Incorrect Match,0.2182307243347168,True,0.5,640x480,70,1,10,../dataset/Camila Cabello/Camila Cabello_56.jpg
Anushka Sharma,Courtney Cox,Courtney Cox,Incorrect Match,0.18197894096374512,True,0.5,640x480,70,1,10,../dataset/Courtney Cox/Courtney Cox_4.jpg
Anushka Sharma,Dwayne Johnson,,No Match,0.21019983291625977,True,0.5,640x480,70,1,10,../dataset/Dwayne Johnson/Dwayne Johnson_3.jpg
Anushka Sharma,Dwayne Johnson,Dwayne Johnson,Incorrect Match,0.21916699409484863,True,0.5,640x480,70,1,10,../dataset/Dwayne Johnson/Dwayne Johnson_58.jpg
Anushka Sharma,Ellen Degeneres,,No Face Detected in Test,0.1601865291595459,True,0.5,640x480,70,1,10,../dataset/Ellen Degeneres/Ellen Degeneres_22.jpg
Anushka Sharma,Ellen Degeneres,Ellen Degeneres,Incorrect Match,0.17819786071777344,True,0.5,640x480,70,1,10,../dataset/Ellen Degeneres/Ellen Degeneres_43.jpg
Anushka Sharma,Hrithik Roshan,,No Match,0.17730093002319336,True,0.5,640x480,70,1,10,../dataset/Hrithik Roshan/Hrithik Roshan_15.jpg
Anushka Sharma,Hrithik Roshan,,No Match,0.2222135066986084,True,0.5,640x480,70,1,10,../dataset/Hrithik Roshan/Hrithik Roshan_11.jpg
Anushka Sharma,Hrithik Roshan,Hrithik Roshan,Incorrect Match,0.23499560356140137,True,0.5,640x480,70,1,10,../dataset/Hrithik Roshan/Hrithik Roshan_24.jpg
Anushka Sharma,Roger Federer,Roger Federer,Incorrect Match,0.2337026596069336,True,0.5,640x480,70,1,10,../dataset/Roger Federer/Roger Federer_6.jpg
Anushka Sharma,Tom Cruise,Tom Cruise,Incorrect Match,0.23140549659729004,True,0.5,640x480,70,1,10,../dataset/Tom Cruise/Tom Cruise_16.jpg
Billie Eilish,Andy Samberg,,No Face Detected in Test,0.19025683403015137,True,0.5,640x480,70,1,10,../dataset/Andy Samberg/Andy Samberg_29.jpg
Billie Eilish,Andy Samberg,,No Match,0.23530960083007812,True,0.5,640x480,70,1,10,../dataset/Andy Samberg/Andy Samberg_27.jpg
Billie Eilish,Andy Samberg,,No Match,0.25902462005615234,True,0.5,640x480,70,1,10,../dataset/Andy Samberg/Andy Samberg_28.jpg
Billie Eilish,Andy Samberg,,No Match,0.22464275360107422,True,0.5,640x480,70,1,10,../dataset/Andy Samberg/Andy Samberg_69.jpg
Billie Eilish,Andy Samberg,,No Face Detected in Test,0.1979506015777588,True,0.5,640x480,70,1,10,../dataset/Andy Samberg/Andy Samberg_73.jpg
Billie Eilish,Andy Samberg,Andy Samberg,Incorrect Match,0.21576189994812012,True,0.5,640x480,70,1,10,../dataset/Andy Samberg/Andy Samberg_77.jpg
Billie Eilish,Anushka Sharma,,No Match,0.20061826705932617,True,0.5,640x480,70,1,10,../dataset/Anushka Sharma/Anushka Sharma_34.jpg
Billie Eilish,Anushka Sharma,,No Face Detected in Test,0.20382928848266602,True,0.5,640x480,70,1,10,../dataset/Anushka Sharma/Anushka Sharma_46.jpg
Billie Eilish,Anushka Sharma,,No Match,0.21123790740966797,True,0.5,640x480,70,1,10,../dataset/Anushka Sharma/Anushka Sharma_9.jpg
Billie Eilish,Anushka Sharma,,No Match,0.22503900527954102,True,0.5,640x480,70,1,10,../dataset/Anushka Sharma/Anushka Sharma_62.jpg
Billie Eilish,Anushka Sharma,,No Match,0.21093392372131348,True,0.5,640x480,70,1,10,../dataset/Anushka Sharma/Anushka Sharma_19.jpg
Billie Eilish,Anushka Sharma,Anushka Sharma,Incorrect Match,0.2387232780456543,True,0.5,640x480,70,1,10,../dataset/Anushka Sharma/Anushka Sharma_12.jpg
Billie Eilish,Billie Eilish,,No Match,0.19966483116149902,True,0.5,640x480,70,1,10,../dataset/Billie Eilish/Billie Eilish_84.jpg
Billie Eilish,Billie Eilish,,No Match,0.217454195022583,True,0.5,640x480,70,1,10,../dataset/Billie Eilish/Billie Eilish_59.jpg
Billie Eilish,Billie Eilish,,No Match,0.22001338005065918,True,0.5,640x480,70,1,10,../dataset/Billie Eilish/Billie Eilish_81.jpg
Billie Eilish,Billie Eilish,,No Match,0.214493989944458,True,0.5,640x480,70,1,10,../dataset/Billie Eilish/Billie Eilish_12.jpg
Billie Eilish,Billie Eilish,,No Match,0.3176093101501465,True,0.5,640x480,70,1,10,../dataset/Billie Eilish/Billie Eilish_34.jpg
Billie Eilish,Billie Eilish,,No Face Detected in Test,0.20316576957702637,True,0.5,640x480,70,1,10,../dataset/Billie Eilish/Billie Eilish_20.jpg
Billie Eilish,Billie Eilish,,No Match,0.1785871982574463,True,0.5,640x480,70,1,10,../dataset/Billie Eilish/Billie Eilish_61.jpg
Billie Eilish,Billie Eilish,,No Match,0.21208429336547852,True,0.5,640x480,70,1,10,../dataset/Billie Eilish/Billie Eilish_70.jpg
Billie Eilish,Billie Eilish,,No Face Detected in Test,0.1915738582611084,True,0.5,640x480,70,1,10,../dataset/Billie Eilish/Billie Eilish_18.jpg
Billie Eilish,Billie Eilish,,No Match,0.17647957801818848,True,0.5,640x480,70,1,10,../dataset/Billie Eilish/Billie Eilish_55.jpg
Billie Eilish,Billie Eilish,,No Match,2.1311264038085938,True,0.5,640x480,70,1,10,
Billie Eilish,Camila Cabello,Camila Cabello,Incorrect Match,0.1781301498413086,True,0.5,640x480,70,1,10,../dataset/Camila Cabello/Camila Cabello_65.jpg
Billie Eilish,Courtney Cox,,No Face Detected in Test,0.15210986137390137,True,0.5,640x480,70,1,10,../dataset/Courtney Cox/Courtney Cox_36.jpg
Billie Eilish,Courtney Cox,,No Face Detected in Test,0.14280128479003906,True,0.5,640x480,70,1,10,../dataset/Courtney Cox/Courtney Cox_9.jpg
Billie Eilish,Courtney Cox,Courtney Cox,Incorrect Match,0.15738487243652344,True,0.5,640x480,70,1,10,../dataset/Courtney Cox/Courtney Cox_28.jpg
Billie Eilish,Dwayne Johnson,Dwayne Johnson,Incorrect Match,0.17276978492736816,True,0.5,640x480,70,1,10,../dataset/Dwayne Johnson/Dwayne Johnson_32.jpg
Billie Eilish,Ellen Degeneres,Ellen Degeneres,Incorrect Match,0.17902922630310059,True,0.5,640x480,70,1,10,../dataset/Ellen Degeneres/Ellen Degeneres_69.jpg
Billie Eilish,Hrithik Roshan,Hrithik Roshan,Incorrect Match,0.20774197578430176,True,0.5,640x480,70,1,10,../dataset/Hrithik Roshan/Hrithik Roshan_26.jpg
Billie Eilish,Roger Federer,,No Face Detected in Test,0.1638045310974121,True,0.5,640x480,70,1,10,../dataset/Roger Federer/Roger Federer_5.jpg
Billie Eilish,Roger Federer,Roger Federer,Incorrect Match,0.17281365394592285,True,0.5,640x480,70,1,10,../dataset/Roger Federer/Roger Federer_35.jpg
Billie Eilish,Tom Cruise,Tom Cruise,Incorrect Match,0.1721057891845703,True,0.5,640x480,70,1,10,../dataset/Tom Cruise/Tom Cruise_50.jpg
Camila Cabello,Andy Samberg,,No Face Detected in Test,0.15271925926208496,True,0.5,640x480,70,1,10,../dataset/Andy Samberg/Andy Samberg_82.jpg
Camila Cabello,Andy Samberg,,No Match,0.15819716453552246,True,0.5,640x480,70,1,10,../dataset/Andy Samberg/Andy Samberg_47.jpg
Camila Cabello,Andy Samberg,Andy Samberg,Incorrect Match,0.20026779174804688,True,0.5,640x480,70,1,10,../dataset/Andy Samberg/Andy Samberg_6.jpg
Camila Cabello,Anushka Sharma,Anushka Sharma,Incorrect Match,0.1763935089111328,True,0.5,640x480,70,1,10,../dataset/Anushka Sharma/Anushka Sharma_50.jpg
Camila Cabello,Billie Eilish,,No Match,0.19471120834350586,True,0.5,640x480,70,1,10,../dataset/Billie Eilish/Billie Eilish_78.jpg
Camila Cabello,Billie Eilish,,No Face Detected in Test,0.18931818008422852,True,0.5,640x480,70,1,10,../dataset/Billie Eilish/Billie Eilish_18.jpg
Camila Cabello,Billie Eilish,Billie Eilish,Incorrect Match,0.1711289882659912,True,0.5,640x480,70,1,10,../dataset/Billie Eilish/Billie Eilish_35.jpg
Camila Cabello,Camila Cabello,,No Face Detected in Test,0.1495380401611328,True,0.5,640x480,70,1,10,../dataset/Camila Cabello/Camila Cabello_58.jpg
Camila Cabello,Camila Cabello,,No Match,0.19936013221740723,True,0.5,640x480,70,1,10,../dataset/Camila Cabello/Camila Cabello_39.jpg
Camila Cabello,Camila Cabello,Camila Cabello,Correct Match,0.20913124084472656,True,0.5,640x480,70,1,10,../dataset/Camila Cabello/Camila Cabello_28.jpg
Camila Cabello,Courtney Cox,,No Match,0.20587635040283203,True,0.5,640x480,70,1,10,../dataset/Courtney Cox/Courtney Cox_66.jpg
Camila Cabello,Courtney Cox,,No Face Detected in Test,0.18915915489196777,True,0.5,640x480,70,1,10,../dataset/Courtney Cox/Courtney Cox_31.jpg
Camila Cabello,Courtney Cox,Courtney Cox,Incorrect Match,0.17519664764404297,True,0.5,640x480,70,1,10,../dataset/Courtney Cox/Courtney Cox_72.jpg
Camila Cabello,Dwayne Johnson,Dwayne Johnson,Incorrect Match,0.17893528938293457,True,0.5,640x480,70,1,10,../dataset/Dwayne Johnson/Dwayne Johnson_4.jpg
Camila Cabello,Ellen Degeneres,,No Face Detected in Test,0.1620159149169922,True,0.5,640x480,70,1,10,../dataset/Ellen Degeneres/Ellen Degeneres_25.jpg
Camila Cabello,Ellen Degeneres,Ellen Degeneres,Incorrect Match,0.18080353736877441,True,0.5,640x480,70,1,10,../dataset/Ellen Degeneres/Ellen Degeneres_21.jpg
Camila Cabello,Hrithik Roshan,,No Match,0.17871737480163574,True,0.5,640x480,70,1,10,../dataset/Hrithik Roshan/Hrithik Roshan_19.jpg
Camila Cabello,Hrithik Roshan,,No Match,0.2137775421142578,True,0.5,640x480,70,1,10,../dataset/Hrithik Roshan/Hrithik Roshan_90.jpg
Camila Cabello,Hrithik Roshan,,No Match,0.22447705268859863,True,0.5,640x480,70,1,10,../dataset/Hrithik Roshan/Hrithik Roshan_20.jpg
Camila Cabello,Hrithik Roshan,,No Match,0.2149057388305664,True,0.5,640x480,70,1,10,../dataset/Hrithik Roshan/Hrithik Roshan_40.jpg
Camila Cabello,Hrithik Roshan,,No Match,0.23584866523742676,True,0.5,640x480,70,1,10,../dataset/Hrithik Roshan/Hrithik Roshan_53.jpg
Camila Cabello,Hrithik Roshan,,No Match,0.22407197952270508,True,0.5,640x480,70,1,10,../dataset/Hrithik Roshan/Hrithik Roshan_74.jpg
Camila Cabello,Hrithik Roshan,Hrithik Roshan,Incorrect Match,0.22606730461120605,True,0.5,640x480,70,1,10,../dataset/Hrithik Roshan/Hrithik Roshan_63.jpg
Camila Cabello,Roger Federer,Roger Federer,Incorrect Match,0.21038818359375,True,0.5,640x480,70,1,10,../dataset/Roger Federer/Roger Federer_43.jpg
Camila Cabello,Tom Cruise,Tom Cruise,Incorrect Match,0.17695927619934082,True,0.5,640x480,70,1,10,../dataset/Tom Cruise/Tom Cruise_55.jpg
Courtney Cox,Andy Samberg,,No Face Detected in Test,0.1558995246887207,True,0.5,640x480,70,1,10,../dataset/Andy Samberg/Andy Samberg_43.jpg
Courtney Cox,Andy Samberg,,No Face Detected in Test,0.14435577392578125,True,0.5,640x480,70,1,10,../dataset/Andy Samberg/Andy Samberg_36.jpg
Courtney Cox,Andy Samberg,Andy Samberg,Incorrect Match,0.15686774253845215,True,0.5,640x480,70,1,10,../dataset/Andy Samberg/Andy Samberg_64.jpg
Courtney Cox,Anushka Sharma,,No Face Detected in Test,0.15037941932678223,True,0.5,640x480,70,1,10,../dataset/Anushka Sharma/Anushka Sharma_31.jpg
Courtney Cox,Anushka Sharma,,No Face Detected in Test,0.1431260108947754,True,0.5,640x480,70,1,10,../dataset/Anushka Sharma/Anushka Sharma_4.jpg
Courtney Cox,Anushka Sharma,,No Face Detected in Test,0.1366567611694336,True,0.5,640x480,70,1,10,../dataset/Anushka Sharma/Anushka Sharma_45.jpg
Courtney Cox,Anushka Sharma,,No Face Detected in Test,0.132279634475708,True,0.5,640x480,70,1,10,../dataset/Anushka Sharma/Anushka Sharma_33.jpg
Courtney Cox,Anushka Sharma,Anushka Sharma,Incorrect Match,0.1509685516357422,True,0.5,640x480,70,1,10,../dataset/Anushka Sharma/Anushka Sharma_27.jpg
Courtney Cox,Billie Eilish,,No Match,0.16582036018371582,True,0.5,640x480,70,1,10,../dataset/Billie Eilish/Billie Eilish_87.jpg
Courtney Cox,Billie Eilish,,No Match,0.22073078155517578,True,0.5,640x480,70,1,10,../dataset/Billie Eilish/Billie Eilish_55.jpg
Courtney Cox,Billie Eilish,Billie Eilish,Incorrect Match,0.23122262954711914,True,0.5,640x480,70,1,10,../dataset/Billie Eilish/Billie Eilish_67.jpg
Courtney Cox,Camila Cabello,,No Face Detected in Test,0.13812613487243652,True,0.5,640x480,70,1,10,../dataset/Camila Cabello/Camila Cabello_10.jpg
Courtney Cox,Camila Cabello,,No Face Detected in Test,0.13144898414611816,True,0.5,640x480,70,1,10,../dataset/Camila Cabello/Camila Cabello_18.jpg
Courtney Cox,Camila Cabello,,No Match,0.14684534072875977,True,0.5,640x480,70,1,10,../dataset/Camila Cabello/Camila Cabello_23.jpg
Courtney Cox,Camila Cabello,,No Face Detected in Test,0.16701340675354004,True,0.5,640x480,70,1,10,../dataset/Camila Cabello/Camila Cabello_15.jpg
Courtney Cox,Camila Cabello,Camila Cabello,Incorrect Match,0.1706070899963379,True,0.5,640x480,70,1,10,../dataset/Camila Cabello/Camila Cabello_43.jpg
Courtney Cox,Courtney Cox,,No Face Detected in Test,0.15785980224609375,True,0.5,640x480,70,1,10,../dataset/Courtney Cox/Courtney Cox_43.jpg
Courtney Cox,Courtney Cox,,No Match,0.20673680305480957,True,0.5,640x480,70,1,10,../dataset/Courtney Cox/Courtney Cox_66.jpg
Courtney Cox,Courtney Cox,,No Face Detected in Test,0.15921735763549805,True,0.5,640x480,70,1,10,../dataset/Courtney Cox/Courtney Cox_60.jpg
Courtney Cox,Courtney Cox,,No Face Detected in Test,0.14375805854797363,True,0.5,640x480,70,1,10,../dataset/Courtney Cox/Courtney Cox_20.jpg
Courtney Cox,Courtney Cox,Courtney Cox,Correct Match,0.15872621536254883,True,0.5,640x480,70,1,10,../dataset/Courtney Cox/Courtney Cox_11.jpg
Courtney Cox,Dwayne Johnson,Dwayne Johnson,Incorrect Match,0.17324304580688477,True,0.5,640x480,70,1,10,../dataset/Dwayne Johnson/Dwayne Johnson_40.jpg
Courtney Cox,Ellen Degeneres,,No Face Detected in Test,0.1425011157989502,True,0.5,640x480,70,1,10,../dataset/Ellen Degeneres/Ellen Degeneres_32.jpg
Courtney Cox,Ellen Degeneres,,No Face Detected in Test,0.13750982284545898,True,0.5,640x480,70,1,10,../dataset/Ellen Degeneres/Ellen Degeneres_52.jpg
Courtney Cox,Ellen Degeneres,Ellen Degeneres,Incorrect Match,0.1536693572998047,True,0.5,640x480,70,1,10,../dataset/Ellen Degeneres/Ellen Degeneres_6.jpg
Courtney Cox,Hrithik Roshan,,No Match,0.17272543907165527,True,0.5,640x480,70,1,10,../dataset/Hrithik Roshan/Hrithik Roshan_9.jpg
Courtney Cox,Hrithik Roshan,,No Match,0.18538713455200195,True,0.5,640x480,70,1,10,../dataset/Hrithik Roshan/Hrithik Roshan_86.jpg
Courtney Cox,Hrithik Roshan,,No Match,0.21863889694213867,True,0.5,640x480,70,1,10,../dataset/Hrithik Roshan/Hrithik Roshan_13.jpg
Courtney Cox,Hrithik Roshan,,No Match,0.25449347496032715,True,0.5,640x480,70,1,10,../dataset/Hrithik Roshan/Hrithik Roshan_74.jpg
Courtney Cox,Hrithik Roshan,,No Face Detected in Test,0.21354126930236816,True,0.5,640x480,70,1,10,../dataset/Hrithik Roshan/Hrithik Roshan_97.jpg
Courtney Cox,Hrithik Roshan,,No Match,0.20503807067871094,True,0.5,640x480,70,1,10,../dataset/Hrithik Roshan/Hrithik Roshan_1.jpg
Courtney Cox,Hrithik Roshan,,No Match,0.21977496147155762,True,0.5,640x480,70,1,10,../dataset/Hrithik Roshan/Hrithik Roshan_72.jpg
Courtney Cox,Hrithik Roshan,,No Match,0.2238919734954834,True,0.5,640x480,70,1,10,../dataset/Hrithik Roshan/Hrithik Roshan_20.jpg
Courtney Cox,Hrithik Roshan,,No Match,0.22492361068725586,True,0.5,640x480,70,1,10,../dataset/Hrithik Roshan/Hrithik Roshan_82.jpg
Courtney Cox,Hrithik Roshan,,No Match,0.22455692291259766,True,0.5,640x480,70,1,10,../dataset/Hrithik Roshan/Hrithik Roshan_98.jpg
Courtney Cox,Hrithik Roshan,,No Match,2.1429717540740967,True,0.5,640x480,70,1,10,
Courtney Cox,Roger Federer,Roger Federer,Incorrect Match,0.1790459156036377,True,0.5,640x480,70,1,10,../dataset/Roger Federer/Roger Federer_10.jpg
Courtney Cox,Tom Cruise,,No Face Detected in Test,0.15346527099609375,True,0.5,640x480,70,1,10,../dataset/Tom Cruise/Tom Cruise_13.jpg
Courtney Cox,Tom Cruise,,No Face Detected in Test,0.1465742588043213,True,0.5,640x480,70,1,10,../dataset/Tom Cruise/Tom Cruise_38.jpg
Courtney Cox,Tom Cruise,Tom Cruise,Incorrect Match,0.16098809242248535,True,0.5,640x480,70,1,10,../dataset/Tom Cruise/Tom Cruise_12.jpg
Dwayne Johnson,Andy Samberg,,No Match,0.16860699653625488,True,0.5,640x480,70,1,10,../dataset/Andy Samberg/Andy Samberg_2.jpg
Dwayne Johnson,Andy Samberg,,No Match,0.17831707000732422,True,0.5,640x480,70,1,10,../dataset/Andy Samberg/Andy Samberg_84.jpg
Dwayne Johnson,Andy Samberg,,No Face Detected in Test,0.1553959846496582,True,0.5,640x480,70,1,10,../dataset/Andy Samberg/Andy Samberg_68.jpg
Dwayne Johnson,Andy Samberg,,No Face Detected in Test,0.14602923393249512,True,0.5,640x480,70,1,10,../dataset/Andy Samberg/Andy Samberg_9.jpg
Dwayne Johnson,Andy Samberg,,No Face Detected in Test,0.13641691207885742,True,0.5,640x480,70,1,10,../dataset/Andy Samberg/Andy Samberg_48.jpg
Dwayne Johnson,Andy Samberg,Andy Samberg,Incorrect Match,0.1959059238433838,True,0.5,640x480,70,1,10,../dataset/Andy Samberg/Andy Samberg_42.jpg
Dwayne Johnson,Anushka Sharma,,No Face Detected in Test,0.15425443649291992,True,0.5,640x480,70,1,10,../dataset/Anushka Sharma/Anushka Sharma_1.jpg
Dwayne Johnson,Anushka Sharma,Anushka Sharma,Incorrect Match,0.16281986236572266,True,0.5,640x480,70,1,10,../dataset/Anushka Sharma/Anushka Sharma_61.jpg
Dwayne Johnson,Billie Eilish,,No Face Detected in Test,0.16237187385559082,True,0.5,640x480,70,1,10,../dataset/Billie Eilish/Billie Eilish_15.jpg
Dwayne Johnson,Billie Eilish,,No Face Detected in Test,0.15369415283203125,True,0.5,640x480,70,1,10,../dataset/Billie Eilish/Billie Eilish_89.jpg
Dwayne Johnson,Billie Eilish,Billie Eilish,Incorrect Match,0.1740248203277588,True,0.5,640x480,70,1,10,../dataset/Billie Eilish/Billie Eilish_31.jpg
Dwayne Johnson,Camila Cabello,Camila Cabello,Incorrect Match,0.17740941047668457,True,0.5,640x480,70,1,10,../dataset/Camila Cabello/Camila Cabello_54.jpg
Dwayne Johnson,Courtney Cox,Courtney Cox,Incorrect Match,0.1879422664642334,True,0.5,640x480,70,1,10,../dataset/Courtney Cox/Courtney Cox_18.jpg
Dwayne Johnson,Dwayne Johnson,Dwayne Johnson,Correct Match,0.1739957332611084,True,0.5,640x480,70,1,10,../dataset/Dwayne Johnson/Dwayne Johnson_58.jpg
Dwayne Johnson,Ellen Degeneres,,No Face Detected in Test,0.15367913246154785,True,0.5,640x480,70,1,10,../dataset/Ellen Degeneres/Ellen Degeneres_18.jpg
Dwayne Johnson,Ellen Degeneres,,No Face Detected in Test,0.14389514923095703,True,0.5,640x480,70,1,10,../dataset/Ellen Degeneres/Ellen Degeneres_58.jpg
Dwayne Johnson,Ellen Degeneres,,No Face Detected in Test,0.14133524894714355,True,0.5,640x480,70,1,10,../dataset/Ellen Degeneres/Ellen Degeneres_25.jpg
Dwayne Johnson,Ellen Degeneres,Ellen Degeneres,Incorrect Match,0.18404531478881836,True,0.5,640x480,70,1,10,../dataset/Ellen Degeneres/Ellen Degeneres_4.jpg
Dwayne Johnson,Hrithik Roshan,,No Match,0.25119543075561523,True,0.5,640x480,70,1,10,../dataset/Hrithik Roshan/Hrithik Roshan_29.jpg
Dwayne Johnson,Hrithik Roshan,,No Face Detected in Test,0.224226713180542,True,0.5,640x480,70,1,10,../dataset/Hrithik Roshan/Hrithik Roshan_78.jpg
Dwayne Johnson,Hrithik Roshan,,No Match,0.237044095993042,True,0.5,640x480,70,1,10,../dataset/Hrithik Roshan/Hrithik Roshan_3.jpg
Dwayne Johnson,Hrithik Roshan,,No Match,0.28426170349121094,True,0.5,640x480,70,1,10,../dataset/Hrithik Roshan/Hrithik Roshan_35.jpg
Dwayne Johnson,Hrithik Roshan,,No Match,0.33652639389038086,True,0.5,640x480,70,1,10,../dataset/Hrithik Roshan/Hrithik Roshan_41.jpg
Dwayne Johnson,Hrithik Roshan,,No Match,0.2670726776123047,True,0.5,640x480,70,1,10,../dataset/Hrithik Roshan/Hrithik Roshan_66.jpg
Dwayne Johnson,Hrithik Roshan,,No Match,0.2424938678741455,True,0.5,640x480,70,1,10,../dataset/Hrithik Roshan/Hrithik Roshan_64.jpg
Dwayne Johnson,Hrithik Roshan,,No Match,0.23493123054504395,True,0.5,640x480,70,1,10,../dataset/Hrithik Roshan/Hrithik Roshan_70.jpg
Dwayne Johnson,Hrithik Roshan,,No Match,0.24250030517578125,True,0.5,640x480,70,1,10,../dataset/Hrithik Roshan/Hrithik Roshan_90.jpg
Dwayne Johnson,Hrithik Roshan,Hrithik Roshan,Incorrect Match,0.2773251533508301,True,0.5,640x480,70,1,10,../dataset/Hrithik Roshan/Hrithik Roshan_24.jpg
Dwayne Johnson,Roger Federer,,No Match,0.24381065368652344,True,0.5,640x480,70,1,10,../dataset/Roger Federer/Roger Federer_20.jpg
Dwayne Johnson,Roger Federer,Roger Federer,Incorrect Match,0.24350261688232422,True,0.5,640x480,70,1,10,../dataset/Roger Federer/Roger Federer_38.jpg
Dwayne Johnson,Tom Cruise,Tom Cruise,Incorrect Match,0.18645477294921875,True,0.5,640x480,70,1,10,../dataset/Tom Cruise/Tom Cruise_57.jpg
Ellen Degeneres,Andy Samberg,,No Face Detected in Test,0.15642738342285156,True,0.5,640x480,70,1,10,../dataset/Andy Samberg/Andy Samberg_43.jpg
Ellen Degeneres,Andy Samberg,Andy Samberg,Incorrect Match,0.16798734664916992,True,0.5,640x480,70,1,10,../dataset/Andy Samberg/Andy Samberg_77.jpg
Ellen Degeneres,Anushka Sharma,,No Face Detected in Test,0.14887499809265137,True,0.5,640x480,70,1,10,../dataset/Anushka Sharma/Anushka Sharma_49.jpg
Ellen Degeneres,Anushka Sharma,Anushka Sharma,Incorrect Match,0.1620326042175293,True,0.5,640x480,70,1,10,../dataset/Anushka Sharma/Anushka Sharma_67.jpg
Ellen Degeneres,Billie Eilish,,No Face Detected in Test,0.14089369773864746,True,0.5,640x480,70,1,10,../dataset/Billie Eilish/Billie Eilish_96.jpg
Ellen Degeneres,Billie Eilish,,No Face Detected in Test,0.13437104225158691,True,0.5,640x480,70,1,10,../dataset/Billie Eilish/Billie Eilish_5.jpg
Ellen Degeneres,Billie Eilish,Billie Eilish,Incorrect Match,0.1508941650390625,True,0.5,640x480,70,1,10,../dataset/Billie Eilish/Billie Eilish_28.jpg
Ellen Degeneres,Camila Cabello,,No Face Detected in Test,0.14435148239135742,True,0.5,640x480,70,1,10,../dataset/Camila Cabello/Camila Cabello_20.jpg
Ellen Degeneres,Camila Cabello,,No Match,0.15412211418151855,True,0.5,640x480,70,1,10,../dataset/Camila Cabello/Camila Cabello_32.jpg
Ellen Degeneres,Camila Cabello,,No Face Detected in Test,0.16940569877624512,True,0.5,640x480,70,1,10,../dataset/Camila Cabello/Camila Cabello_64.jpg
Ellen Degeneres,Camila Cabello,,No Face Detected in Test,0.143449068069458,True,0.5,640x480,70,1,10,../dataset/Camila Cabello/Camila Cabello_21.jpg
Ellen Degeneres,Camila Cabello,,No Face Detected in Test,0.13471078872680664,True,0.5,640x480,70,1,10,../dataset/Camila Cabello/Camila Cabello_53.jpg
Ellen Degeneres,Camila Cabello,,No Face Detected in Test,0.1299738883972168,True,0.5,640x480,70,1,10,../dataset/Camila Cabello/Camila Cabello_18.jpg
Ellen Degeneres,Camila Cabello,,No Face Detected in Test,0.13211584091186523,True,0.5,640x480,70,1,10,../dataset/Camila Cabello/Camila Cabello_19.jpg
Ellen Degeneres,Camila Cabello,,No Face Detected in Test,0.1416308879852295,True,0.5,640x480,70,1,10,../dataset/Camila Cabello/Camila Cabello_76.jpg
Ellen Degeneres,Camila Cabello,,No Face Detected in Test,0.14113354682922363,True,0.5,640x480,70,1,10,../dataset/Camila Cabello/Camila Cabello_6.jpg
Ellen Degeneres,Camila Cabello,,No Match,0.16027617454528809,True,0.5,640x480,70,1,10,../dataset/Camila Cabello/Camila Cabello_62.jpg
Ellen Degeneres,Camila Cabello,,No Match,1.451169490814209,True,0.5,640x480,70,1,10,
Ellen Degeneres,Courtney Cox,Courtney Cox,Incorrect Match,0.16965293884277344,True,0.5,640x480,70,1,10,../dataset/Courtney Cox/Courtney Cox_50.jpg
Ellen Degeneres,Dwayne Johnson,Dwayne Johnson,Incorrect Match,0.1715683937072754,True,0.5,640x480,70,1,10,../dataset/Dwayne Johnson/Dwayne Johnson_60.jpg
Ellen Degeneres,Ellen Degeneres,Ellen Degeneres,Correct Match,0.1701338291168213,True,0.5,640x480,70,1,10,../dataset/Ellen Degeneres/Ellen Degeneres_33.jpg
Ellen Degeneres,Hrithik Roshan,,No Match,0.17453265190124512,True,0.5,640x480,70,1,10,../dataset/Hrithik Roshan/Hrithik Roshan_56.jpg
Ellen Degeneres,Hrithik Roshan,,No Face Detected in Test,0.19277024269104004,True,0.5,640x480,70,1,10,../dataset/Hrithik Roshan/Hrithik Roshan_88.jpg
Ellen Degeneres,Hrithik Roshan,,No Face Detected in Test,0.15306329727172852,True,0.5,640x480,70,1,10,../dataset/Hrithik Roshan/Hrithik Roshan_37.jpg
Ellen Degeneres,Hrithik Roshan,,No Match,0.1612412929534912,True,0.5,640x480,70,1,10,../dataset/Hrithik Roshan/Hrithik Roshan_86.jpg
Ellen Degeneres,Hrithik Roshan,,No Face Detected in Test,0.17780613899230957,True,0.5,640x480,70,1,10,../dataset/Hrithik Roshan/Hrithik Roshan_5.jpg
Ellen Degeneres,Hrithik Roshan,,No Match,0.17168259620666504,True,0.5,640x480,70,1,10,../dataset/Hrithik Roshan/Hrithik Roshan_57.jpg
Ellen Degeneres,Hrithik Roshan,,No Match,0.24040794372558594,True,0.5,640x480,70,1,10,../dataset/Hrithik Roshan/Hrithik Roshan_28.jpg
Ellen Degeneres,Hrithik Roshan,,No Match,0.22826528549194336,True,0.5,640x480,70,1,10,../dataset/Hrithik Roshan/Hrithik Roshan_49.jpg
Ellen Degeneres,Hrithik Roshan,,No Match,0.22818851470947266,True,0.5,640x480,70,1,10,../dataset/Hrithik Roshan/Hrithik Roshan_80.jpg
Ellen Degeneres,Hrithik Roshan,,No Match,0.22133398056030273,True,0.5,640x480,70,1,10,../dataset/Hrithik Roshan/Hrithik Roshan_10.jpg
Ellen Degeneres,Hrithik Roshan,,No Match,1.9492919445037842,True,0.5,640x480,70,1,10,
Ellen Degeneres,Roger Federer,,No Match,0.18362665176391602,True,0.5,640x480,70,1,10,../dataset/Roger Federer/Roger Federer_23.jpg
Ellen Degeneres,Roger Federer,,No Match,0.22074007987976074,True,0.5,640x480,70,1,10,../dataset/Roger Federer/Roger Federer_31.jpg
Ellen Degeneres,Roger Federer,,No Match,0.22092151641845703,True,0.5,640x480,70,1,10,../dataset/Roger Federer/Roger Federer_2.jpg
Ellen Degeneres,Roger Federer,Roger Federer,Incorrect Match,0.22427082061767578,True,0.5,640x480,70,1,10,../dataset/Roger Federer/Roger Federer_73.jpg
Ellen Degeneres,Tom Cruise,Tom Cruise,Incorrect Match,0.1984882354736328,True,0.5,640x480,70,1,10,../dataset/Tom Cruise/Tom Cruise_11.jpg
Hrithik Roshan,Andy Samberg,,No Match,0.17575788497924805,True,0.5,640x480,70,1,10,../dataset/Andy Samberg/Andy Samberg_47.jpg
Hrithik Roshan,Andy Samberg,,No Match,0.2158370018005371,True,0.5,640x480,70,1,10,../dataset/Andy Samberg/Andy Samberg_20.jpg
Hrithik Roshan,Andy Samberg,,No Face Detected in Test,0.19562864303588867,True,0.5,640x480,70,1,10,../dataset/Andy Samberg/Andy Samberg_56.jpg
Hrithik Roshan,Andy Samberg,Andy Samberg,Incorrect Match,0.17816996574401855,True,0.5,640x480,70,1,10,../dataset/Andy Samberg/Andy Samberg_78.jpg
Hrithik Roshan,Anushka Sharma,,No Match,0.1813797950744629,True,0.5,640x480,70,1,10,../dataset/Anushka Sharma/Anushka Sharma_10.jpg
Hrithik Roshan,Anushka Sharma,,No Face Detected in Test,0.192230224609375,True,0.5,640x480,70,1,10,../dataset/Anushka Sharma/Anushka Sharma_31.jpg
Hrithik Roshan,Anushka Sharma,,No Face Detected in Test,0.15295863151550293,True,0.5,640x480,70,1,10,../dataset/Anushka Sharma/Anushka Sharma_6.jpg
Hrithik Roshan,Anushka Sharma,,No Face Detected in Test,0.1420271396636963,True,0.5,640x480,70,1,10,../dataset/Anushka Sharma/Anushka Sharma_14.jpg
Hrithik Roshan,Anushka Sharma,,No Face Detected in Test,0.13454675674438477,True,0.5,640x480,70,1,10,../dataset/Anushka Sharma/Anushka Sharma_30.jpg
Hrithik Roshan,Anushka Sharma,Anushka Sharma,Incorrect Match,0.15082049369812012,True,0.5,640x480,70,1,10,../dataset/Anushka Sharma/Anushka Sharma_47.jpg
Hrithik Roshan,Billie Eilish,,No Match,0.17752313613891602,True,0.5,640x480,70,1,10,../dataset/Billie Eilish/Billie Eilish_46.jpg
Hrithik Roshan,Billie Eilish,,No Match,0.20534491539001465,True,0.5,640x480,70,1,10,../dataset/Billie Eilish/Billie Eilish_12.jpg
Hrithik Roshan,Billie Eilish,Billie Eilish,Incorrect Match,0.21833181381225586,True,0.5,640x480,70,1,10,../dataset/Billie Eilish/Billie Eilish_39.jpg
Hrithik Roshan,Camila Cabello,,No Match,0.17500519752502441,True,0.5,640x480,70,1,10,../dataset/Camila Cabello/Camila Cabello_16.jpg
Hrithik Roshan,Camila Cabello,,No Match,0.21228504180908203,True,0.5,640x480,70,1,10,../dataset/Camila Cabello/Camila Cabello_66.jpg
Hrithik Roshan,Camila Cabello,Camila Cabello,Incorrect Match,0.21774601936340332,True,0.5,640x480,70,1,10,../dataset/Camila Cabello/Camila Cabello_17.jpg
Hrithik Roshan,Courtney Cox,Courtney Cox,Incorrect Match,0.1814119815826416,True,0.5,640x480,70,1,10,../dataset/Courtney Cox/Courtney Cox_77.jpg
Hrithik Roshan,Dwayne Johnson,Dwayne Johnson,Incorrect Match,0.2541968822479248,True,0.5,640x480,70,1,10,../dataset/Dwayne Johnson/Dwayne Johnson_49.jpg
Hrithik Roshan,Ellen Degeneres,,No Face Detected in Test,0.17653632164001465,True,0.5,640x480,70,1,10,../dataset/Ellen Degeneres/Ellen Degeneres_25.jpg
Hrithik Roshan,Ellen Degeneres,Ellen Degeneres,Incorrect Match,0.17539191246032715,True,0.5,640x480,70,1,10,../dataset/Ellen Degeneres/Ellen Degeneres_45.jpg
Hrithik Roshan,Hrithik Roshan,,No Match,0.17152738571166992,True,0.5,640x480,70,1,10,../dataset/Hrithik Roshan/Hrithik Roshan_28.jpg
Hrithik Roshan,Hrithik Roshan,,No Match,0.21227812767028809,True,0.5,640x480,70,1,10,../dataset/Hrithik Roshan/Hrithik Roshan_72.jpg
Hrithik Roshan,Hrithik Roshan,,No Match,0.220231294631958,True,0.5,640x480,70,1,10,../dataset/Hrithik Roshan/Hrithik Roshan_11.jpg
Hrithik Roshan,Hrithik Roshan,,No Match,0.21506571769714355,True,0.5,640x480,70,1,10,../dataset/Hrithik Roshan/Hrithik Roshan_12.jpg
Hrithik Roshan,Hrithik Roshan,,No Match,0.22948050498962402,True,0.5,640x480,70,1,10,../dataset/Hrithik Roshan/Hrithik Roshan_16.jpg
Hrithik Roshan,Hrithik Roshan,,No Match,0.223313570022583,True,0.5,640x480,70,1,10,../dataset/Hrithik Roshan/Hrithik Roshan_48.jpg
Hrithik Roshan,Hrithik Roshan,,No Match,0.22449445724487305,True,0.5,640x480,70,1,10,../dataset/Hrithik Roshan/Hrithik Roshan_41.jpg
Hrithik Roshan,Hrithik Roshan,,No Match,0.2301771640777588,True,0.5,640x480,70,1,10,../dataset/Hrithik Roshan/Hrithik Roshan_35.jpg
Hrithik Roshan,Hrithik Roshan,,No Face Detected in Test,0.19878721237182617,True,0.5,640x480,70,1,10,../dataset/Hrithik Roshan/Hrithik Roshan_97.jpg
Hrithik Roshan,Hrithik Roshan,Hrithik Roshan,Correct Match,0.1789712905883789,True,0.5,640x480,70,1,10,../dataset/Hrithik Roshan/Hrithik Roshan_21.jpg
Hrithik Roshan,Roger Federer,,No Match,0.18030643463134766,True,0.5,640x480,70,1,10,../dataset/Roger Federer/Roger Federer_2.jpg
Hrithik Roshan,Roger Federer,Roger Federer,Incorrect Match,0.2071549892425537,True,0.5,640x480,70,1,10,../dataset/Roger Federer/Roger Federer_72.jpg
Hrithik Roshan,Tom Cruise,,No Face Detected in Test,0.15766143798828125,True,0.5,640x480,70,1,10,../dataset/Tom Cruise/Tom Cruise_31.jpg
Hrithik Roshan,Tom Cruise,Tom Cruise,Incorrect Match,0.1688690185546875,True,0.5,640x480,70,1,10,../dataset/Tom Cruise/Tom Cruise_48.jpg
Roger Federer,Andy Samberg,Andy Samberg,Incorrect Match,0.17523503303527832,True,0.5,640x480,70,1,10,../dataset/Andy Samberg/Andy Samberg_58.jpg
Roger Federer,Anushka Sharma,,No Face Detected in Test,0.15441656112670898,True,0.5,640x480,70,1,10,../dataset/Anushka Sharma/Anushka Sharma_49.jpg
Roger Federer,Anushka Sharma,,No Face Detected in Test,0.14384818077087402,True,0.5,640x480,70,1,10,../dataset/Anushka Sharma/Anushka Sharma_45.jpg
Roger Federer,Anushka Sharma,Anushka Sharma,Incorrect Match,0.16982197761535645,True,0.5,640x480,70,1,10,../dataset/Anushka Sharma/Anushka Sharma_40.jpg
Roger Federer,Billie Eilish,,No Match,0.1729114055633545,True,0.5,640x480,70,1,10,../dataset/Billie Eilish/Billie Eilish_36.jpg
Roger Federer,Billie Eilish,,No Match,0.19031000137329102,True,0.5,640x480,70,1,10,../dataset/Billie Eilish/Billie Eilish_53.jpg
Roger Federer,Billie Eilish,,No Face Detected in Test,0.1932365894317627,True,0.5,640x480,70,1,10,../dataset/Billie Eilish/Billie Eilish_5.jpg
Roger Federer,Billie Eilish,,No Face Detected in Test,0.15359783172607422,True,0.5,640x480,70,1,10,../dataset/Billie Eilish/Billie Eilish_32.jpg
Roger Federer,Billie Eilish,Billie Eilish,Incorrect Match,0.1605677604675293,True,0.5,640x480,70,1,10,../dataset/Billie Eilish/Billie Eilish_62.jpg
Roger Federer,Camila Cabello,,No Face Detected in Test,0.16071677207946777,True,0.5,640x480,70,1,10,../dataset/Camila Cabello/Camila Cabello_8.jpg
Roger Federer,Camila Cabello,,No Face Detected in Test,0.14272117614746094,True,0.5,640x480,70,1,10,../dataset/Camila Cabello/Camila Cabello_24.jpg
Roger Federer,Camila Cabello,,No Face Detected in Test,0.13242578506469727,True,0.5,640x480,70,1,10,../dataset/Camila Cabello/Camila Cabello_18.jpg
Roger Federer,Camila Cabello,,No Face Detected in Test,0.12944436073303223,True,0.5,640x480,70,1,10,../dataset/Camila Cabello/Camila Cabello_6.jpg
Roger Federer,Camila Cabello,Camila Cabello,Incorrect Match,0.14829564094543457,True,0.5,640x480,70,1,10,../dataset/Camila Cabello/Camila Cabello_35.jpg
Roger Federer,Courtney Cox,,No Face Detected in Test,0.149306058883667,True,0.5,640x480,70,1,10,../dataset/Courtney Cox/Courtney Cox_60.jpg
Roger Federer,Courtney Cox,,No Face Detected in Test,0.14271116256713867,True,0.5,640x480,70,1,10,../dataset/Courtney Cox/Courtney Cox_21.jpg
Roger Federer,Courtney Cox,,No Face Detected in Test,0.1354658603668213,True,0.5,640x480,70,1,10,../dataset/Courtney Cox/Courtney Cox_44.jpg
Roger Federer,Courtney Cox,Courtney Cox,Incorrect Match,0.15296363830566406,True,0.5,640x480,70,1,10,../dataset/Courtney Cox/Courtney Cox_51.jpg
Roger Federer,Dwayne Johnson,Dwayne Johnson,Incorrect Match,0.17400383949279785,True,0.5,640x480,70,1,10,../dataset/Dwayne Johnson/Dwayne Johnson_55.jpg
Roger Federer,Ellen Degeneres,,No Face Detected in Test,0.1597135066986084,True,0.5,640x480,70,1,10,../dataset/Ellen Degeneres/Ellen Degeneres_51.jpg
Roger Federer,Ellen Degeneres,,No Face Detected in Test,0.14505624771118164,True,0.5,640x480,70,1,10,../dataset/Ellen Degeneres/Ellen Degeneres_28.jpg
Roger Federer,Ellen Degeneres,,No Face Detected in Test,0.13742709159851074,True,0.5,640x480,70,1,10,../dataset/Ellen Degeneres/Ellen Degeneres_25.jpg
Roger Federer,Ellen Degeneres,Ellen Degeneres,Incorrect Match,0.15308094024658203,True,0.5,640x480,70,1,10,../dataset/Ellen Degeneres/Ellen Degeneres_62.jpg
Roger Federer,Hrithik Roshan,,No Face Detected in Test,0.14757752418518066,True,0.5,640x480,70,1,10,../dataset/Hrithik Roshan/Hrithik Roshan_5.jpg
Roger Federer,Hrithik Roshan,,No Match,0.20392632484436035,True,0.5,640x480,70,1,10,../dataset/Hrithik Roshan/Hrithik Roshan_16.jpg
Roger Federer,Hrithik Roshan,Hrithik Roshan,Incorrect Match,0.23276090621948242,True,0.5,640x480,70,1,10,../dataset/Hrithik Roshan/Hrithik Roshan_59.jpg
Roger Federer,Roger Federer,Roger Federer,Correct Match,0.18649935722351074,True,0.5,640x480,70,1,10,../dataset/Roger Federer/Roger Federer_63.jpg
Roger Federer,Tom Cruise,,No Face Detected in Test,0.15643858909606934,True,0.5,640x480,70,1,10,../dataset/Tom Cruise/Tom Cruise_36.jpg
Roger Federer,Tom Cruise,Tom Cruise,Incorrect Match,0.15435051918029785,True,0.5,640x480,70,1,10,../dataset/Tom Cruise/Tom Cruise_45.jpg
Tom Cruise,Andy Samberg,,No Face Detected in Test,0.15848350524902344,True,0.5,640x480,70,1,10,../dataset/Andy Samberg/Andy Samberg_17.jpg
Tom Cruise,Andy Samberg,,No Match,0.1628713607788086,True,0.5,640x480,70,1,10,../dataset/Andy Samberg/Andy Samberg_49.jpg
Tom Cruise,Andy Samberg,,No Match,0.2351245880126953,True,0.5,640x480,70,1,10,../dataset/Andy Samberg/Andy Samberg_27.jpg
Tom Cruise,Andy Samberg,,No Face Detected in Test,0.19570493698120117,True,0.5,640x480,70,1,10,../dataset/Andy Samberg/Andy Samberg_13.jpg
Tom Cruise,Andy Samberg,Andy Samberg,Incorrect Match,0.17602157592773438,True,0.5,640x480,70,1,10,../dataset/Andy Samberg/Andy Samberg_11.jpg
Tom Cruise,Anushka Sharma,Anushka Sharma,Incorrect Match,0.17952251434326172,True,0.5,640x480,70,1,10,../dataset/Anushka Sharma/Anushka Sharma_27.jpg
Tom Cruise,Billie Eilish,,No Match,0.17931652069091797,True,0.5,640x480,70,1,10,../dataset/Billie Eilish/Billie Eilish_63.jpg
Tom Cruise,Billie Eilish,,No Match,0.21400833129882812,True,0.5,640x480,70,1,10,../dataset/Billie Eilish/Billie Eilish_13.jpg
Tom Cruise,Billie Eilish,Billie Eilish,Incorrect Match,0.22155070304870605,True,0.5,640x480,70,1,10,../dataset/Billie Eilish/Billie Eilish_31.jpg
Tom Cruise,Camila Cabello,,No Match,0.2655601501464844,True,0.5,640x480,70,1,10,../dataset/Camila Cabello/Camila Cabello_80.jpg
Tom Cruise,Camila Cabello,,No Face Detected in Test,0.2470407485961914,True,0.5,640x480,70,1,10,../dataset/Camila Cabello/Camila Cabello_77.jpg
Tom Cruise,Camila Cabello,,No Face Detected in Test,0.20187902450561523,True,0.5,640x480,70,1,10,../dataset/Camila Cabello/Camila Cabello_72.jpg
Tom Cruise,Camila Cabello,,No Match,0.2842082977294922,True,0.5,640x480,70,1,10,../dataset/Camila Cabello/Camila Cabello_32.jpg
Tom Cruise,Camila Cabello,Camila Cabello,Incorrect Match,0.34166574478149414,True,0.5,640x480,70,1,10,../dataset/Camila Cabello/Camila Cabello_60.jpg
Tom Cruise,Courtney Cox,Courtney Cox,Incorrect Match,0.21925806999206543,True,0.5,640x480,70,1,10,../dataset/Courtney Cox/Courtney Cox_11.jpg
Tom Cruise,Dwayne Johnson,,No Face Detected in Test,0.15846037864685059,True,0.5,640x480,70,1,10,../dataset/Dwayne Johnson/Dwayne Johnson_6.jpg
Tom Cruise,Dwayne Johnson,Dwayne Johnson,Incorrect Match,0.24737930297851562,True,0.5,640x480,70,1,10,../dataset/Dwayne Johnson/Dwayne Johnson_31.jpg
Tom Cruise,Ellen Degeneres,Ellen Degeneres,Incorrect Match,0.24215984344482422,True,0.5,640x480,70,1,10,../dataset/Ellen Degeneres/Ellen Degeneres_37.jpg
Tom Cruise,Hrithik Roshan,,No Face Detected in Test,0.1649646759033203,True,0.5,640x480,70,1,10,../dataset/Hrithik Roshan/Hrithik Roshan_38.jpg
Tom Cruise,Hrithik Roshan,,No Face Detected in Test,0.14894628524780273,True,0.5,640x480,70,1,10,../dataset/Hrithik Roshan/Hrithik Roshan_75.jpg
Tom Cruise,Hrithik Roshan,,No Match,0.15854787826538086,True,0.5,640x480,70,1,10,../dataset/Hrithik Roshan/Hrithik Roshan_96.jpg
Tom Cruise,Hrithik Roshan,,No Match,0.21203017234802246,True,0.5,640x480,70,1,10,../dataset/Hrithik Roshan/Hrithik Roshan_83.jpg
Tom Cruise,Hrithik Roshan,,No Match,0.22186851501464844,True,0.5,640x480,70,1,10,../dataset/Hrithik Roshan/Hrithik Roshan_77.jpg
Tom Cruise,Hrithik Roshan,,No Match,0.21743249893188477,True,0.5,640x480,70,1,10,../dataset/Hrithik Roshan/Hrithik Roshan_76.jpg
Tom Cruise,Hrithik Roshan,,No Match,0.23465538024902344,True,0.5,640x480,70,1,10,../dataset/Hrithik Roshan/Hrithik Roshan_18.jpg
Tom Cruise,Hrithik Roshan,,No Match,0.22455477714538574,True,0.5,640x480,70,1,10,../dataset/Hrithik Roshan/Hrithik Roshan_79.jpg
Tom Cruise,Hrithik Roshan,,No Match,0.2284395694732666,True,0.5,640x480,70,1,10,../dataset/Hrithik Roshan/Hrithik Roshan_29.jpg
Tom Cruise,Hrithik Roshan,,No Match,0.21741700172424316,True,0.5,640x480,70,1,10,../dataset/Hrithik Roshan/Hrithik Roshan_57.jpg
Tom Cruise,Hrithik Roshan,,No Match,2.0288567543029785,True,0.5,640x480,70,1,10,
Tom Cruise,Roger Federer,,No Face Detected in Test,0.14992403984069824,True,0.5,640x480,70,1,10,../dataset/Roger Federer/Roger Federer_75.jpg
Tom Cruise,Roger Federer,Roger Federer,Incorrect Match,0.1755237579345703,True,0.5,640x480,70,1,10,../dataset/Roger Federer/Roger Federer_7.jpg
Tom Cruise,Tom Cruise,,No Face Detected in Test,0.15394330024719238,True,0.5,640x480,70,1,10,../dataset/Tom Cruise/Tom Cruise_18.jpg
Tom Cruise,Tom Cruise,Tom Cruise,Correct Match,0.15665817260742188,True,0.5,640x480,70,1,10,../dataset/Tom Cruise/Tom Cruise_45.jpg
Andy Samberg,Andy Samberg,,No Face Detected in Test,0.034714460372924805,True,0.6,240x160,70,1,10,../dataset/Andy Samberg/Andy Samberg_13.jpg
Andy Samberg,Andy Samberg,,No Face Detected in Test,0.025654077529907227,True,0.6,240x160,70,1,10,../dataset/Andy Samberg/Andy Samberg_74.jpg
Andy Samberg,Andy Samberg,Andy Samberg,Correct Match,0.05274200439453125,True,0.6,240x160,70,1,10,../dataset/Andy Samberg/Andy Samberg_7.jpg
Andy Samberg,Anushka Sharma,Anushka Sharma,Incorrect Match,0.05410957336425781,True,0.6,240x160,70,1,10,../dataset/Anushka Sharma/Anushka Sharma_41.jpg
Andy Samberg,Billie Eilish,Billie Eilish,Incorrect Match,0.04743218421936035,True,0.6,240x160,70,1,10,../dataset/Billie Eilish/Billie Eilish_39.jpg
Andy Samberg,Camila Cabello,,No Face Detected in Test,0.024418354034423828,True,0.6,240x160,70,1,10,../dataset/Camila Cabello/Camila Cabello_72.jpg
Andy Samberg,Camila Cabello,,No Face Detected in Test,0.02171039581298828,True,0.6,240x160,70,1,10,../dataset/Camila Cabello/Camila Cabello_19.jpg
Andy Samberg,Camila Cabello,Camila Cabello,Incorrect Match,0.047399282455444336,True,0.6,240x160,70,1,10,../dataset/Camila Cabello/Camila Cabello_63.jpg
Andy Samberg,Courtney Cox,Courtney Cox,Incorrect Match,0.04517221450805664,True,0.6,240x160,70,1,10,../dataset/Courtney Cox/Courtney Cox_4.jpg
Andy Samberg,Dwayne Johnson,Dwayne Johnson,Incorrect Match,0.04682040214538574,True,0.6,240x160,70,1,10,../dataset/Dwayne Johnson/Dwayne Johnson_1.jpg
Andy Samberg,Ellen Degeneres,Ellen Degeneres,Incorrect Match,0.04623746871948242,True,0.6,240x160,70,1,10,../dataset/Ellen Degeneres/Ellen Degeneres_2.jpg
Andy Samberg,Hrithik Roshan,,No Match,0.07376241683959961,True,0.6,240x160,70,1,10,../dataset/Hrithik Roshan/Hrithik Roshan_33.jpg
Andy Samberg,Hrithik Roshan,Hrithik Roshan,Incorrect Match,0.0587921142578125,True,0.6,240x160,70,1,10,../dataset/Hrithik Roshan/Hrithik Roshan_19.jpg
Andy Samberg,Roger Federer,Roger Federer,Incorrect Match,0.04303908348083496,True,0.6,240x160,70,1,10,../dataset/Roger Federer/Roger Federer_61.jpg
Andy Samberg,Tom Cruise,,No Face Detected in Test,0.020038127899169922,True,0.6,240x160,70,1,10,../dataset/Tom Cruise/Tom Cruise_28.jpg
Andy Samberg,Tom Cruise,Tom Cruise,Incorrect Match,0.10520243644714355,True,0.6,240x160,70,1,10,../dataset/Tom Cruise/Tom Cruise_47.jpg
Anushka Sharma,Andy Samberg,Andy Samberg,Incorrect Match,0.04796481132507324,True,0.6,240x160,70,1,10,../dataset/Andy Samberg/Andy Samberg_32.jpg
Anushka Sharma,Anushka Sharma,Anushka Sharma,Correct Match,0.046949148178100586,True,0.6,240x160,70,1,10,../dataset/Anushka Sharma/Anushka Sharma_50.jpg
Anushka Sharma,Billie Eilish,Billie Eilish,Incorrect Match,0.045371294021606445,True,0.6,240x160,70,1,10,../dataset/Billie Eilish/Billie Eilish_57.jpg
Anushka Sharma,Camila Cabello,,No Face Detected in Test,0.022020578384399414,True,0.6,240x160,70,1,10,../dataset/Camila Cabello/Camila Cabello_83.jpg
Anushka Sharma,Camila Cabello,Camila Cabello,Incorrect Match,0.04650259017944336,True,0.6,240x160,70,1,10,../dataset/Camila Cabello/Camila Cabello_70.jpg
Anushka Sharma,Courtney Cox,Courtney Cox,Incorrect Match,0.04638218879699707,True,0.6,240x160,70,1,10,../dataset/Courtney Cox/Courtney Cox_15.jpg
Anushka Sharma,Dwayne Johnson,Dwayne Johnson,Incorrect Match,0.046161651611328125,True,0.6,240x160,70,1,10,../dataset/Dwayne Johnson/Dwayne Johnson_23.jpg
Anushka Sharma,Ellen Degeneres,Ellen Degeneres,Incorrect Match,0.04434609413146973,True,0.6,240x160,70,1,10,../dataset/Ellen Degeneres/Ellen Degeneres_12.jpg
Anushka Sharma,Hrithik Roshan,,No Match,0.045224666595458984,True,0.6,240x160,70,1,10,../dataset/Hrithik Roshan/Hrithik Roshan_58.jpg
Anushka Sharma,Hrithik Roshan,Hrithik Roshan,Incorrect Match,0.05812811851501465,True,0.6,240x160,70,1,10,../dataset/Hrithik Roshan/Hrithik Roshan_65.jpg
Anushka Sharma,Roger Federer,,No Face Detected in Test,0.02115774154663086,True,0.6,240x160,70,1,10,../dataset/Roger Federer/Roger Federer_11.jpg
Anushka Sharma,Roger Federer,Roger Federer,Incorrect Match,0.0451512336730957,True,0.6,240x160,70,1,10,../dataset/Roger Federer/Roger Federer_26.jpg
Anushka Sharma,Tom Cruise,,No Face Detected in Test,0.021492719650268555,True,0.6,240x160,70,1,10,../dataset/Tom Cruise/Tom Cruise_27.jpg
Anushka Sharma,Tom Cruise,Tom Cruise,Incorrect Match,0.04924368858337402,True,0.6,240x160,70,1,10,../dataset/Tom Cruise/Tom Cruise_53.jpg
Billie Eilish,Andy Samberg,,No Face Detected in Test,0.021303415298461914,True,0.6,240x160,70,1,10,../dataset/Andy Samberg/Andy Samberg_87.jpg
Billie Eilish,Andy Samberg,,No Face Detected in Test,0.020493268966674805,True,0.6,240x160,70,1,10,../dataset/Andy Samberg/Andy Samberg_75.jpg
Billie Eilish,Andy Samberg,Andy Samberg,Incorrect Match,0.04666566848754883,True,0.6,240x160,70,1,10,../dataset/Andy Samberg/Andy Samberg_88.jpg
Billie Eilish,Anushka Sharma,Anushka Sharma,Incorrect Match,0.04397082328796387,True,0.6,240x160,70,1,10,../dataset/Anushka Sharma/Anushka Sharma_57.jpg
Billie Eilish,Billie Eilish,Billie Eilish,Correct Match,0.046829938888549805,True,0.6,240x160,70,1,10,../dataset/Billie Eilish/Billie Eilish_36.jpg
Billie Eilish,Camila Cabello,,No Face Detected in Test,0.021984577178955078,True,0.6,240x160,70,1,10,../dataset/Camila Cabello/Camila Cabello_73.jpg
Billie Eilish,Camila Cabello,Anushka Sharma,Incorrect Match,0.04982280731201172,True,0.6,240x160,70,1,10,../dataset/Camila Cabello/Camila Cabello_62.jpg
Billie Eilish,Courtney Cox,Courtney Cox,Incorrect Match,0.045149803161621094,True,0.6,240x160,70,1,10,../dataset/Courtney Cox/Courtney Cox_57.jpg
Billie Eilish,Dwayne Johnson,Dwayne Johnson,Incorrect Match,0.047463178634643555,True,0.6,240x160,70,1,10,../dataset/Dwayne Johnson/Dwayne Johnson_23.jpg
Billie Eilish,Ellen Degeneres,,No Face Detected in Test,0.021437883377075195,True,0.6,240x160,70,1,10,../dataset/Ellen Degeneres/Ellen Degeneres_52.jpg
Billie Eilish,Ellen Degeneres,Ellen Degeneres,Incorrect Match,0.048413991928100586,True,0.6,240x160,70,1,10,../dataset/Ellen Degeneres/Ellen Degeneres_49.jpg
Billie Eilish,Hrithik Roshan,,No Match,0.04957079887390137,True,0.6,240x160,70,1,10,../dataset/Hrithik Roshan/Hrithik Roshan_2.jpg
Billie Eilish,Hrithik Roshan,,No Match,0.07058882713317871,True,0.6,240x160,70,1,10,../dataset/Hrithik Roshan/Hrithik Roshan_11.jpg
Billie Eilish,Hrithik Roshan,,No Face Detected in Test,0.04066824913024902,True,0.6,240x160,70,1,10,../dataset/Hrithik Roshan/Hrithik Roshan_32.jpg
Billie Eilish,Hrithik Roshan,,No Match,0.06052565574645996,True,0.6,240x160,70,1,10,../dataset/Hrithik Roshan/Hrithik Roshan_53.jpg
Billie Eilish,Hrithik Roshan,,No Face Detected in Test,0.034734487533569336,True,0.6,240x160,70,1,10,../dataset/Hrithik Roshan/Hrithik Roshan_79.jpg
Billie Eilish,Hrithik Roshan,,No Face Detected in Test,0.03455996513366699,True,0.6,240x160,70,1,10,../dataset/Hrithik Roshan/Hrithik Roshan_38.jpg
Billie Eilish,Hrithik Roshan,Hrithik Roshan,Incorrect Match,0.05256485939025879,True,0.6,240x160,70,1,10,../dataset/Hrithik Roshan/Hrithik Roshan_72.jpg
Billie Eilish,Roger Federer,,No Face Detected in Test,0.023987531661987305,True,0.6,240x160,70,1,10,../dataset/Roger Federer/Roger Federer_62.jpg
Billie Eilish,Roger Federer,,No Face Detected in Test,0.020641803741455078,True,0.6,240x160,70,1,10,../dataset/Roger Federer/Roger Federer_58.jpg
Billie Eilish,Roger Federer,,No Face Detected in Test,0.020114421844482422,True,0.6,240x160,70,1,10,../dataset/Roger Federer/Roger Federer_36.jpg
Billie Eilish,Roger Federer,Roger Federer,Incorrect Match,0.04391670227050781,True,0.6,240x160,70,1,10,../dataset/Roger Federer/Roger Federer_67.jpg
Billie Eilish,Tom Cruise,,No Face Detected in Test,0.02102208137512207,True,0.6,240x160,70,1,10,../dataset/Tom Cruise/Tom Cruise_18.jpg
Billie Eilish,Tom Cruise,,No Face Detected in Test,0.02000141143798828,True,0.6,240x160,70,1,10,../dataset/Tom Cruise/Tom Cruise_56.jpg
Billie Eilish,Tom Cruise,,No Face Detected in Test,0.020253658294677734,True,0.6,240x160,70,1,10,../dataset/Tom Cruise/Tom Cruise_33.jpg
Billie Eilish,Tom Cruise,Tom Cruise,Incorrect Match,0.043326377868652344,True,0.6,240x160,70,1,10,../dataset/Tom Cruise/Tom Cruise_16.jpg
Camila Cabello,Andy Samberg,Andy Samberg,Incorrect Match,0.0447392463684082,True,0.6,240x160,70,1,10,../dataset/Andy Samberg/Andy Samberg_42.jpg
Camila Cabello,Anushka Sharma,Anushka Sharma,Incorrect Match,0.047437429428100586,True,0.6,240x160,70,1,10,../dataset/Anushka Sharma/Anushka Sharma_67.jpg
Camila Cabello,Billie Eilish,,No Face Detected in Test,0.022218942642211914,True,0.6,240x160,70,1,10,../dataset/Billie Eilish/Billie Eilish_70.jpg
Camila Cabello,Billie Eilish,,No Face Detected in Test,0.022226572036743164,True,0.6,240x160,70,1,10,../dataset/Billie Eilish/Billie Eilish_3.jpg
Camila Cabello,Billie Eilish,Billie Eilish,Incorrect Match,0.0445401668548584,True,0.6,240x160,70,1,10,../dataset/Billie Eilish/Billie Eilish_62.jpg
Camila Cabello,Camila Cabello,,No Face Detected in Test,0.022396326065063477,True,0.6,240x160,70,1,10,../dataset/Camila Cabello/Camila Cabello_36.jpg
Camila Cabello,Camila Cabello,Camila Cabello,Correct Match,0.04864835739135742,True,0.6,240x160,70,1,10,../dataset/Camila Cabello/Camila Cabello_69.jpg
Camila Cabello,Courtney Cox,Courtney Cox,Incorrect Match,0.05197715759277344,True,0.6,240x160,70,1,10,../dataset/Courtney Cox/Courtney Cox_28.jpg
Camila Cabello,Dwayne Johnson,Dwayne Johnson,Incorrect Match,0.04800152778625488,True,0.6,240x160,70,1,10,../dataset/Dwayne Johnson/Dwayne Johnson_14.jpg
Camila Cabello,Ellen Degeneres,Ellen Degeneres,Incorrect Match,0.046378135681152344,True,0.6,240x160,70,1,10,../dataset/Ellen Degeneres/Ellen Degeneres_13.jpg
Camila Cabello,Hrithik Roshan,,No Match,0.05051612854003906,True,0.6,240x160,70,1,10,../dataset/Hrithik Roshan/Hrithik Roshan_92.jpg
Camila Cabello,Hrithik Roshan,,No Match,0.06587505340576172,True,0.6,240x160,70,1,10,../dataset/Hrithik Roshan/Hrithik Roshan_81.jpg
Camila Cabello,Hrithik Roshan,,No Match,0.0644843578338623,True,0.6,240x160,70,1,10,../dataset/Hrithik Roshan/Hrithik Roshan_18.jpg
Camila Cabello,Hrithik Roshan,Hrithik Roshan,Incorrect Match,0.07115340232849121,True,0.6,240x160,70,1,10,../dataset/Hrithik Roshan/Hrithik Roshan_55.jpg
Camila Cabello,Roger Federer,,No Face Detected in Test,0.023141145706176758,True,0.6,240x160,70,1,10,../dataset/Roger Federer/Roger Federer_23.jpg
Camila Cabello,Roger Federer,,No Face Detected in Test,0.0222015380859375,True,0.6,240x160,70,1,10,../dataset/Roger Federer/Roger Federer_9.jpg
Camila Cabello,Roger Federer,Roger Federer,Incorrect Match,0.04653215408325195,True,0.6,240x160,70,1,10,../dataset/Roger Federer/Roger Federer_51.jpg
Camila Cabello,Tom Cruise,Tom Cruise,Incorrect Match,0.044942617416381836,True,0.6,240x160,70,1,10,../dataset/Tom Cruise/Tom Cruise_40.jpg
Courtney Cox,Andy Samberg,,No Match,0.04608798027038574,True,0.6,240x160,70,1,10,../dataset/Andy Samberg/Andy Samberg_45.jpg
Courtney Cox,Andy Samberg,,No Face Detected in Test,0.030869007110595703,True,0.6,240x160,70,1,10,../dataset/Andy Samberg/Andy Samberg_19.jpg
Courtney Cox,Andy Samberg,Andy Samberg,Incorrect Match,0.06043362617492676,True,0.6,240x160,70,1,10,../dataset/Andy Samberg/Andy Samberg_50.jpg
Courtney Cox,Anushka Sharma,,No Face Detected in Test,0.021893024444580078,True,0.6,240x160,70,1,10,../dataset/Anushka Sharma/Anushka Sharma_14.jpg
Courtney Cox,Anushka Sharma,Anushka Sharma,Incorrect Match,0.045809268951416016,True,0.6,240x160,70,1,10,../dataset/Anushka Sharma/Anushka Sharma_37.jpg
Courtney Cox,Billie Eilish,Billie Eilish,Incorrect Match,0.044142723083496094,True,0.6,240x160,70,1,10,../dataset/Billie Eilish/Billie Eilish_79.jpg
Courtney Cox,Camila Cabello,Camila Cabello,Incorrect Match,0.04590559005737305,True,0.6,240x160,70,1,10,../dataset/Camila Cabello/Camila Cabello_70.jpg
Courtney Cox,Courtney Cox,Courtney Cox,Correct Match,0.05083107948303223,True,0.6,240x160,70,1,10,../dataset/Courtney Cox/Courtney Cox_28.jpg
Courtney Cox,Dwayne Johnson,Dwayne Johnson,Incorrect Match,0.042957305908203125,True,0.6,240x160,70,1,10,../dataset/Dwayne Johnson/Dwayne Johnson_39.jpg
Courtney Cox,Ellen Degeneres,Ellen Degeneres,Incorrect Match,0.047125816345214844,True,0.6,240x160,70,1,10,../dataset/Ellen Degeneres/Ellen Degeneres_66.jpg
Courtney Cox,Hrithik Roshan,,No Match,0.04461860656738281,True,0.6,240x160,70,1,10,../dataset/Hrithik Roshan/Hrithik Roshan_16.jpg
Courtney Cox,Hrithik Roshan,Hrithik Roshan,Incorrect Match,0.057573556900024414,True,0.6,240x160,70,1,10,../dataset/Hrithik Roshan/Hrithik Roshan_66.jpg
Courtney Cox,Roger Federer,,No Match,0.046349287033081055,True,0.6,240x160,70,1,10,../dataset/Roger Federer/Roger Federer_52.jpg
Courtney Cox,Roger Federer,Roger Federer,Incorrect Match,0.11052846908569336,True,0.6,240x160,70,1,10,../dataset/Roger Federer/Roger Federer_4.jpg
Courtney Cox,Tom Cruise,Tom Cruise,Incorrect Match,0.04852104187011719,True,0.6,240x160,70,1,10,../dataset/Tom Cruise/Tom Cruise_7.jpg
Dwayne Johnson,Andy Samberg,,No Face Detected in Test,0.021532297134399414,True,0.6,240x160,70,1,10,../dataset/Andy Samberg/Andy Samberg_54.jpg
Dwayne Johnson,Andy Samberg,Andy Samberg,Incorrect Match,0.045325517654418945,True,0.6,240x160,70,1,10,../dataset/Andy Samberg/Andy Samberg_20.jpg
Dwayne Johnson,Anushka Sharma,,No Face Detected in Test,0.02079319953918457,True,0.6,240x160,70,1,10,../dataset/Anushka Sharma/Anushka Sharma_16.jpg
Dwayne Johnson,Anushka Sharma,Anushka Sharma,Incorrect Match,0.04399847984313965,True,0.6,240x160,70,1,10,../dataset/Anushka Sharma/Anushka Sharma_13.jpg
Dwayne Johnson,Billie Eilish,Billie Eilish,Incorrect Match,0.04906153678894043,True,0.6,240x160,70,1,10,../dataset/Billie Eilish/Billie Eilish_93.jpg
Dwayne Johnson,Camila Cabello,Camila Cabello,Incorrect Match,0.04471015930175781,True,0.6,240x160,70,1,10,../dataset/Camila Cabello/Camila Cabello_59.jpg
Dwayne Johnson,Courtney Cox,Courtney Cox,Incorrect Match,0.0460970401763916,True,0.6,240x160,70,1,10,../dataset/Courtney Cox/Courtney Cox_40.jpg
Dwayne Johnson,Dwayne Johnson,Dwayne Johnson,Correct Match,0.04874062538146973,True,0.6,240x160,70,1,10,../dataset/Dwayne Johnson/Dwayne Johnson_7.jpg
Dwayne Johnson,Ellen Degeneres,,No Face Detected in Test,0.018103361129760742,True,0.6,240x160,70,1,10,../dataset/Ellen Degeneres/Ellen Degeneres_32.jpg
Dwayne Johnson,Ellen Degeneres,Ellen Degeneres,Incorrect Match,0.04080820083618164,True,0.6,240x160,70,1,10,../dataset/Ellen Degeneres/Ellen Degeneres_63.jpg
Dwayne Johnson,Hrithik Roshan,,No Face Detected in Test,0.01993274688720703,True,0.6,240x160,70,1,10,../dataset/Hrithik Roshan/Hrithik Roshan_32.jpg
Dwayne Johnson,Hrithik Roshan,Hrithik Roshan,Incorrect Match,0.04322004318237305,True,0.6,240x160,70,1,10,../dataset/Hrithik Roshan/Hrithik Roshan_24.jpg
Dwayne Johnson,Roger Federer,Roger Federer,Incorrect Match,0.0428614616394043,True,0.6,240x160,70,1,10,../dataset/Roger Federer/Roger Federer_70.jpg
Dwayne Johnson,Tom Cruise,Tom Cruise,Incorrect Match,0.04167318344116211,True,0.6,240x160,70,1,10,../dataset/Tom Cruise/Tom Cruise_4.jpg
Ellen Degeneres,Andy Samberg,Andy Samberg,Incorrect Match,0.04535484313964844,True,0.6,240x160,70,1,10,../dataset/Andy Samberg/Andy Samberg_41.jpg
Ellen Degeneres,Anushka Sharma,,No Face Detected in Test,0.0207674503326416,True,0.6,240x160,70,1,10,../dataset/Anushka Sharma/Anushka Sharma_46.jpg
Ellen Degeneres,Anushka Sharma,Anushka Sharma,Incorrect Match,0.0467679500579834,True,0.6,240x160,70,1,10,../dataset/Anushka Sharma/Anushka Sharma_29.jpg
Ellen Degeneres,Billie Eilish,Billie Eilish,Incorrect Match,0.04424715042114258,True,0.6,240x160,70,1,10,../dataset/Billie Eilish/Billie Eilish_94.jpg
Ellen Degeneres,Camila Cabello,Camila Cabello,Incorrect Match,0.04285383224487305,True,0.6,240x160,70,1,10,../dataset/Camila Cabello/Camila Cabello_16.jpg
Ellen Degeneres,Courtney Cox,Courtney Cox,Incorrect Match,0.04136252403259277,True,0.6,240x160,70,1,10,../dataset/Courtney Cox/Courtney Cox_8.jpg
Ellen Degeneres,Dwayne Johnson,,No Face Detected in Test,0.019481420516967773,True,0.6,240x160,70,1,10,../dataset/Dwayne Johnson/Dwayne Johnson_10.jpg
Ellen Degeneres,Dwayne Johnson,Dwayne Johnson,Incorrect Match,0.04422259330749512,True,0.6,240x160,70,1,10,../dataset/Dwayne Johnson/Dwayne Johnson_34.jpg
Ellen Degeneres,Ellen Degeneres,Ellen Degeneres,Correct Match,0.04086136817932129,True,0.6,240x160,70,1,10,../dataset/Ellen Degeneres/Ellen Degeneres_49.jpg
Ellen Degeneres,Hrithik Roshan,,No Face Detected in Test,0.02070760726928711,True,0.6,240x160,70,1,10,../dataset/Hrithik Roshan/Hrithik Roshan_32.jpg
Ellen Degeneres,Hrithik Roshan,,No Match,0.04849863052368164,True,0.6,240x160,70,1,10,../dataset/Hrithik Roshan/Hrithik Roshan_81.jpg
Ellen Degeneres,Hrithik Roshan,,No Face Detected in Test,0.029632091522216797,True,0.6,240x160,70,1,10,../dataset/Hrithik Roshan/Hrithik Roshan_99.jpg
Ellen Degeneres,Hrithik Roshan,,No Face Detected in Test,0.030694246292114258,True,0.6,240x160,70,1,10,../dataset/Hrithik Roshan/Hrithik Roshan_74.jpg
Ellen Degeneres,Hrithik Roshan,,No Face Detected in Test,0.02382946014404297,True,0.6,240x160,70,1,10,../dataset/Hrithik Roshan/Hrithik Roshan_89.jpg
Ellen Degeneres,Hrithik Roshan,,No Face Detected in Test,0.021669864654541016,True,0.6,240x160,70,1,10,../dataset/Hrithik Roshan/Hrithik Roshan_13.jpg
Ellen Degeneres,Hrithik Roshan,Hrithik Roshan,Incorrect Match,0.04838728904724121,True,0.6,240x160,70,1,10,../dataset/Hrithik Roshan/Hrithik Roshan_31.jpg
Ellen Degeneres,Roger Federer,Roger Federer,Incorrect Match,0.044565439224243164,True,0.6,240x160,70,1,10,../dataset/Roger Federer/Roger Federer_50.jpg
Ellen Degeneres,Tom Cruise,,No Face Detected in Test,0.022650480270385742,True,0.6,240x160,70,1,10,../dataset/Tom Cruise/Tom Cruise_11.jpg
Ellen Degeneres,Tom Cruise,Tom Cruise,Incorrect Match,0.04914593696594238,True,0.6,240x160,70,1,10,../dataset/Tom Cruise/Tom Cruise_49.jpg
Hrithik Roshan,Andy Samberg,,No Face Detected in Test,0.021130800247192383,True,0.6,240x160,70,1,10,../dataset/Andy Samberg/Andy Samberg_21.jpg
Hrithik Roshan,Andy Samberg,Andy Samberg,Incorrect Match,0.04288220405578613,True,0.6,240x160,70,1,10,../dataset/Andy Samberg/Andy Samberg_5.jpg
Hrithik Roshan,Anushka Sharma,Anushka Sharma,Incorrect Match,0.04877662658691406,True,0.6,240x160,70,1,10,../dataset/Anushka Sharma/Anushka Sharma_21.jpg
Hrithik Roshan,Billie Eilish,,No Face Detected in Test,0.02074289321899414,True,0.6,240x160,70,1,10,../dataset/Billie Eilish/Billie Eilish_70.jpg
Hrithik Roshan,Billie Eilish,,No Face Detected in Test,0.020694732666015625,True,0.6,240x160,70,1,10,../dataset/Billie Eilish/Billie Eilish_77.jpg
Hrithik Roshan,Billie Eilish,Billie Eilish,Incorrect Match,0.04316353797912598,True,0.6,240x160,70,1,10,../dataset/Billie Eilish/Billie Eilish_57.jpg
Hrithik Roshan,Camila Cabello,,No Face Detected in Test,0.019224166870117188,True,0.6,240x160,70,1,10,../dataset/Camila Cabello/Camila Cabello_26.jpg
Hrithik Roshan,Camila Cabello,,No Face Detected in Test,0.01862788200378418,True,0.6,240x160,70,1,10,../dataset/Camila Cabello/Camila Cabello_5.jpg
Hrithik Roshan,Camila Cabello,,No Face Detected in Test,0.018670320510864258,True,0.6,240x160,70,1,10,../dataset/Camila Cabello/Camila Cabello_42.jpg
Hrithik Roshan,Camila Cabello,,No Face Detected in Test,0.018058061599731445,True,0.6,240x160,70,1,10,../dataset/Camila Cabello/Camila Cabello_74.jpg
Hrithik Roshan,Camila Cabello,,No Face Detected in Test,0.017442703247070312,True,0.6,240x160,70,1,10,../dataset/Camila Cabello/Camila Cabello_84.jpg
Hrithik Roshan,Camila Cabello,,No Face Detected in Test,0.017520427703857422,True,0.6,240x160,70,1,10,../dataset/Camila Cabello/Camila Cabello_20.jpg
Hrithik Roshan,Camila Cabello,,No Face Detected in Test,0.017024755477905273,True,0.6,240x160,70,1,10,../dataset/Camila Cabello/Camila Cabello_50.jpg
Hrithik Roshan,Camila Cabello,Camila Cabello,Incorrect Match,0.03969764709472656,True,0.6,240x160,70,1,10,../dataset/Camila Cabello/Camila Cabello_68.jpg
Hrithik Roshan,Courtney Cox,,No Face Detected in Test,0.018859386444091797,True,0.6,240x160,70,1,10,../dataset/Courtney Cox/Courtney Cox_34.jpg
Hrithik Roshan,Courtney Cox,,No Face Detected in Test,0.0191342830657959,True,0.6,240x160,70,1,10,../dataset/Courtney Cox/Courtney Cox_3.jpg
Hrithik Roshan,Courtney Cox,,No Face Detected in Test,0.01824164390563965,True,0.6,240x160,70,1,10,../dataset/Courtney Cox/Courtney Cox_71.jpg
Hrithik Roshan,Courtney Cox,,No Face Detected in Test,0.018193960189819336,True,0.6,240x160,70,1,10,../dataset/Courtney Cox/Courtney Cox_61.jpg
Hrithik Roshan,Courtney Cox,Courtney Cox,Incorrect Match,0.03933572769165039,True,0.6,240x160,70,1,10,../dataset/Courtney Cox/Courtney Cox_39.jpg
Hrithik Roshan,Dwayne Johnson,Dwayne Johnson,Incorrect Match,0.043997764587402344,True,0.6,240x160,70,1,10,../dataset/Dwayne Johnson/Dwayne Johnson_19.jpg
Hrithik Roshan,Ellen Degeneres,,No Face Detected in Test,0.020895957946777344,True,0.6,240x160,70,1,10,../dataset/Ellen Degeneres/Ellen Degeneres_57.jpg
Hrithik Roshan,Ellen Degeneres,,No Face Detected in Test,0.019982099533081055,True,0.6,240x160,70,1,10,../dataset/Ellen Degeneres/Ellen Degeneres_72.jpg
Hrithik Roshan,Ellen Degeneres,Ellen Degeneres,Incorrect Match,0.04762458801269531,True,0.6,240x160,70,1,10,../dataset/Ellen Degeneres/Ellen Degeneres_13.jpg
Hrithik Roshan,Hrithik Roshan,Hrithik Roshan,Correct Match,0.04324221611022949,True,0.6,240x160,70,1,10,../dataset/Hrithik Roshan/Hrithik Roshan_21.jpg
Hrithik Roshan,Roger Federer,,No Face Detected in Test,0.021862268447875977,True,0.6,240x160,70,1,10,../dataset/Roger Federer/Roger Federer_34.jpg
Hrithik Roshan,Roger Federer,Roger Federer,Incorrect Match,0.039388418197631836,True,0.6,240x160,70,1,10,../dataset/Roger Federer/Roger Federer_14.jpg
Hrithik Roshan,Tom Cruise,Tom Cruise,Incorrect Match,0.04423117637634277,True,0.6,240x160,70,1,10,../dataset/Tom Cruise/Tom Cruise_53.jpg
Roger Federer,Andy Samberg,,No Face Detected in Test,0.02004837989807129,True,0.6,240x160,70,1,10,../dataset/Andy Samberg/Andy Samberg_27.jpg
Roger Federer,Andy Samberg,,No Face Detected in Test,0.019830703735351562,True,0.6,240x160,70,1,10,../dataset/Andy Samberg/Andy Samberg_36.jpg
Roger Federer,Andy Samberg,Andy Samberg,Incorrect Match,0.04148721694946289,True,0.6,240x160,70,1,10,../dataset/Andy Samberg/Andy Samberg_90.jpg
Roger Federer,Anushka Sharma,,No Face Detected in Test,0.020719289779663086,True,0.6,240x160,70,1,10,../dataset/Anushka Sharma/Anushka Sharma_46.jpg
Roger Federer,Anushka Sharma,Anushka Sharma,Incorrect Match,0.0632171630859375,True,0.6,240x160,70,1,10,../dataset/Anushka Sharma/Anushka Sharma_51.jpg
Roger Federer,Billie Eilish,,No Face Detected in Test,0.025133132934570312,True,0.6,240x160,70,1,10,../dataset/Billie Eilish/Billie Eilish_77.jpg
Roger Federer,Billie Eilish,Billie Eilish,Incorrect Match,0.07131266593933105,True,0.6,240x160,70,1,10,../dataset/Billie Eilish/Billie Eilish_57.jpg
Roger Federer,Camila Cabello,,No Face Detected in Test,0.02249765396118164,True,0.6,240x160,70,1,10,../dataset/Camila Cabello/Camila Cabello_18.jpg
Roger Federer,Camila Cabello,,No Face Detected in Test,0.022459983825683594,True,0.6,240x160,70,1,10,../dataset/Camila Cabello/Camila Cabello_5.jpg
Roger Federer,Camila Cabello,,No Face Detected in Test,0.022637367248535156,True,0.6,240x160,70,1,10,../dataset/Camila Cabello/Camila Cabello_22.jpg
Roger Federer,Camila Cabello,,No Face Detected in Test,0.023631811141967773,True,0.6,240x160,70,1,10,../dataset/Camila Cabello/Camila Cabello_15.jpg
Roger Federer,Camila Cabello,,No Face Detected in Test,0.022044897079467773,True,0.6,240x160,70,1,10,../dataset/Camila Cabello/Camila Cabello_11.jpg
Roger Federer,Camila Cabello,Camila Cabello,Incorrect Match,0.06642889976501465,True,0.6,240x160,70,1,10,../dataset/Camila Cabello/Camila Cabello_56.jpg
Roger Federer,Courtney Cox,,No Face Detected in Test,0.029307126998901367,True,0.6,240x160,70,1,10,../dataset/Courtney Cox/Courtney Cox_76.jpg
Roger Federer,Courtney Cox,,No Face Detected in Test,0.023428678512573242,True,0.6,240x160,70,1,10,../dataset/Courtney Cox/Courtney Cox_22.jpg
Roger Federer,Courtney Cox,,No Face Detected in Test,0.022544384002685547,True,0.6,240x160,70,1,10,../dataset/Courtney Cox/Courtney Cox_10.jpg
Roger Federer,Courtney Cox,,No Face Detected in Test,0.029179096221923828,True,0.6,240x160,70,1,10,../dataset/Courtney Cox/Courtney Cox_14.jpg
Roger Federer,Courtney Cox,Courtney Cox,Incorrect Match,0.05439019203186035,True,0.6,240x160,70,1,10,../dataset/Courtney Cox/Courtney Cox_1.jpg
Roger Federer,Dwayne Johnson,,No Face Detected in Test,0.02544546127319336,True,0.6,240x160,70,1,10,../dataset/Dwayne Johnson/Dwayne Johnson_6.jpg
Roger Federer,Dwayne Johnson,,No Face Detected in Test,0.031610965728759766,True,0.6,240x160,70,1,10,../dataset/Dwayne Johnson/Dwayne Johnson_38.jpg
Roger Federer,Dwayne Johnson,Dwayne Johnson,Incorrect Match,0.05566740036010742,True,0.6,240x160,70,1,10,../dataset/Dwayne Johnson/Dwayne Johnson_23.jpg
Roger Federer,Ellen Degeneres,,No Face Detected in Test,0.019906044006347656,True,0.6,240x160,70,1,10,../dataset/Ellen Degeneres/Ellen Degeneres_22.jpg
Roger Federer,Ellen Degeneres,,No Face Detected in Test,0.018754243850708008,True,0.6,240x160,70,1,10,../dataset/Ellen Degeneres/Ellen Degeneres_72.jpg
Roger Federer,Ellen Degeneres,,No Face Detected in Test,0.01872849464416504,True,0.6,240x160,70,1,10,../dataset/Ellen Degeneres/Ellen Degeneres_69.jpg
Roger Federer,Ellen Degeneres,Ellen Degeneres,Incorrect Match,0.0406336784362793,True,0.6,240x160,70,1,10,../dataset/Ellen Degeneres/Ellen Degeneres_49.jpg
Roger Federer,Hrithik Roshan,,No Face Detected in Test,0.0199739933013916,True,0.6,240x160,70,1,10,../dataset/Hrithik Roshan/Hrithik Roshan_38.jpg
Roger Federer,Hrithik Roshan,,No Face Detected in Test,0.01927661895751953,True,0.6,240x160,70,1,10,../dataset/Hrithik Roshan/Hrithik Roshan_93.jpg
Roger Federer,Hrithik Roshan,,No Face Detected in Test,0.018718481063842773,True,0.6,240x160,70,1,10,../dataset/Hrithik Roshan/Hrithik Roshan_23.jpg
Roger Federer,Hrithik Roshan,,No Face Detected in Test,0.01875901222229004,True,0.6,240x160,70,1,10,../dataset/Hrithik Roshan/Hrithik Roshan_61.jpg
Roger Federer,Hrithik Roshan,,No Face Detected in Test,0.01815652847290039,True,0.6,240x160,70,1,10,../dataset/Hrithik Roshan/Hrithik Roshan_7.jpg
Roger Federer,Hrithik Roshan,Hrithik Roshan,Incorrect Match,0.03948163986206055,True,0.6,240x160,70,1,10,../dataset/Hrithik Roshan/Hrithik Roshan_82.jpg
Roger Federer,Roger Federer,Roger Federer,Correct Match,0.05036139488220215,True,0.6,240x160,70,1,10,../dataset/Roger Federer/Roger Federer_17.jpg
Roger Federer,Tom Cruise,Tom Cruise,Incorrect Match,0.05301666259765625,True,0.6,240x160,70,1,10,../dataset/Tom Cruise/Tom Cruise_10.jpg
Tom Cruise,Andy Samberg,,No Face Detected in Test,0.023494482040405273,True,0.6,240x160,70,1,10,../dataset/Andy Samberg/Andy Samberg_22.jpg
Tom Cruise,Andy Samberg,Andy Samberg,Incorrect Match,0.05002856254577637,True,0.6,240x160,70,1,10,../dataset/Andy Samberg/Andy Samberg_57.jpg
Tom Cruise,Anushka Sharma,Anushka Sharma,Incorrect Match,0.060137033462524414,True,0.6,240x160,70,1,10,../dataset/Anushka Sharma/Anushka Sharma_62.jpg
Tom Cruise,Billie Eilish,,No Face Detected in Test,0.020780324935913086,True,0.6,240x160,70,1,10,../dataset/Billie Eilish/Billie Eilish_45.jpg
Tom Cruise,Billie Eilish,Billie Eilish,Incorrect Match,0.044156551361083984,True,0.6,240x160,70,1,10,../dataset/Billie Eilish/Billie Eilish_95.jpg
Tom Cruise,Camila Cabello,,No Face Detected in Test,0.01921844482421875,True,0.6,240x160,70,1,10,../dataset/Camila Cabello/Camila Cabello_19.jpg
Tom Cruise,Camila Cabello,,No Face Detected in Test,0.019266843795776367,True,0.6,240x160,70,1,10,../dataset/Camila Cabello/Camila Cabello_50.jpg
Tom Cruise,Camila Cabello,,No Face Detected in Test,0.018614530563354492,True,0.6,240x160,70,1,10,../dataset/Camila Cabello/Camila Cabello_77.jpg
Tom Cruise,Camila Cabello,Camila Cabello,Incorrect Match,0.04065418243408203,True,0.6,240x160,70,1,10,../dataset/Camila Cabello/Camila Cabello_40.jpg
Tom Cruise,Courtney Cox,,No Face Detected in Test,0.0199277400970459,True,0.6,240x160,70,1,10,../dataset/Courtney Cox/Courtney Cox_6.jpg
Tom Cruise,Courtney Cox,,No Face Detected in Test,0.019248247146606445,True,0.6,240x160,70,1,10,../dataset/Courtney Cox/Courtney Cox_11.jpg
Tom Cruise,Courtney Cox,,No Face Detected in Test,0.01904916763305664,True,0.6,240x160,70,1,10,../dataset/Courtney Cox/Courtney Cox_71.jpg
Tom Cruise,Courtney Cox,,No Face Detected in Test,0.01849508285522461,True,0.6,240x160,70,1,10,../dataset/Courtney Cox/Courtney Cox_29.jpg
Tom Cruise,Courtney Cox,,No Face Detected in Test,0.017983198165893555,True,0.6,240x160,70,1,10,../dataset/Courtney Cox/Courtney Cox_56.jpg
Tom Cruise,Courtney Cox,,No Match,0.04556465148925781,True,0.6,240x160,70,1,10,../dataset/Courtney Cox/Courtney Cox_47.jpg
Tom Cruise,Courtney Cox,,No Face Detected in Test,0.028139829635620117,True,0.6,240x160,70,1,10,../dataset/Courtney Cox/Courtney Cox_50.jpg
Tom Cruise,Courtney Cox,Courtney Cox,Incorrect Match,0.08214855194091797,True,0.6,240x160,70,1,10,../dataset/Courtney Cox/Courtney Cox_66.jpg
Tom Cruise,Dwayne Johnson,Dwayne Johnson,Incorrect Match,0.04968619346618652,True,0.6,240x160,70,1,10,../dataset/Dwayne Johnson/Dwayne Johnson_24.jpg
Tom Cruise,Ellen Degeneres,Ellen Degeneres,Incorrect Match,0.04800605773925781,True,0.6,240x160,70,1,10,../dataset/Ellen Degeneres/Ellen Degeneres_6.jpg
Tom Cruise,Hrithik Roshan,Hrithik Roshan,Incorrect Match,0.03917121887207031,True,0.6,240x160,70,1,10,../dataset/Hrithik Roshan/Hrithik Roshan_50.jpg
Tom Cruise,Roger Federer,Roger Federer,Incorrect Match,0.043523311614990234,True,0.6,240x160,70,1,10,../dataset/Roger Federer/Roger Federer_26.jpg
Tom Cruise,Tom Cruise,,No Face Detected in Test,0.019988536834716797,True,0.6,240x160,70,1,10,../dataset/Tom Cruise/Tom Cruise_23.jpg
Tom Cruise,Tom Cruise,,No Face Detected in Test,0.01962733268737793,True,0.6,240x160,70,1,10,../dataset/Tom Cruise/Tom Cruise_31.jpg
Tom Cruise,Tom Cruise,,No Face Detected in Test,0.020317792892456055,True,0.6,240x160,70,1,10,../dataset/Tom Cruise/Tom Cruise_41.jpg
Tom Cruise,Tom Cruise,Tom Cruise,Correct Match,0.04091477394104004,True,0.6,240x160,70,1,10,../dataset/Tom Cruise/Tom Cruise_48.jpg
Andy Samberg,Andy Samberg,Andy Samberg,Correct Match,0.1020660400390625,True,0.6,320x240,70,1,10,../dataset/Andy Samberg/Andy Samberg_29.jpg
Andy Samberg,Anushka Sharma,,No Face Detected in Test,0.050557613372802734,True,0.6,320x240,70,1,10,../dataset/Anushka Sharma/Anushka Sharma_20.jpg
Andy Samberg,Anushka Sharma,Anushka Sharma,Incorrect Match,0.07785892486572266,True,0.6,320x240,70,1,10,../dataset/Anushka Sharma/Anushka Sharma_19.jpg
Andy Samberg,Billie Eilish,,No Face Detected in Test,0.0498967170715332,True,0.6,320x240,70,1,10,../dataset/Billie Eilish/Billie Eilish_92.jpg
Andy Samberg,Billie Eilish,Billie Eilish,Incorrect Match,0.0673980712890625,True,0.6,320x240,70,1,10,../dataset/Billie Eilish/Billie Eilish_87.jpg
Andy Samberg,Camila Cabello,,No Face Detected in Test,0.045401573181152344,True,0.6,320x240,70,1,10,../dataset/Camila Cabello/Camila Cabello_83.jpg
Andy Samberg,Camila Cabello,Camila Cabello,Incorrect Match,0.07265949249267578,True,0.6,320x240,70,1,10,../dataset/Camila Cabello/Camila Cabello_55.jpg
Andy Samberg,Courtney Cox,,No Face Detected in Test,0.044512271881103516,True,0.6,320x240,70,1,10,../dataset/Courtney Cox/Courtney Cox_60.jpg
Andy Samberg,Courtney Cox,,No Face Detected in Test,0.041550636291503906,True,0.6,320x240,70,1,10,../dataset/Courtney Cox/Courtney Cox_56.jpg
Andy Samberg,Courtney Cox,,No Face Detected in Test,0.04020428657531738,True,0.6,320x240,70,1,10,../dataset/Courtney Cox/Courtney Cox_32.jpg
Andy Samberg,Courtney Cox,Courtney Cox,Incorrect Match,0.08436989784240723,True,0.6,320x240,70,1,10,../dataset/Courtney Cox/Courtney Cox_66.jpg
Andy Samberg,Dwayne Johnson,Dwayne Johnson,Incorrect Match,0.0654137134552002,True,0.6,320x240,70,1,10,../dataset/Dwayne Johnson/Dwayne Johnson_34.jpg
Andy Samberg,Ellen Degeneres,Ellen Degeneres,Incorrect Match,0.06686282157897949,True,0.6,320x240,70,1,10,../dataset/Ellen Degeneres/Ellen Degeneres_69.jpg
Andy Samberg,Hrithik Roshan,Hrithik Roshan,Incorrect Match,0.06518840789794922,True,0.6,320x240,70,1,10,../dataset/Hrithik Roshan/Hrithik Roshan_26.jpg
Andy Samberg,Roger Federer,Roger Federer,Incorrect Match,0.06724977493286133,True,0.6,320x240,70,1,10,../dataset/Roger Federer/Roger Federer_65.jpg
Andy Samberg,Tom Cruise,Tom Cruise,Incorrect Match,0.06316947937011719,True,0.6,320x240,70,1,10,../dataset/Tom Cruise/Tom Cruise_19.jpg
Anushka Sharma,Andy Samberg,Andy Samberg,Incorrect Match,0.0678095817565918,True,0.6,320x240,70,1,10,../dataset/Andy Samberg/Andy Samberg_50.jpg
Anushka Sharma,Anushka Sharma,Anushka Sharma,Correct Match,0.06979012489318848,True,0.6,320x240,70,1,10,../dataset/Anushka Sharma/Anushka Sharma_3.jpg
Anushka Sharma,Billie Eilish,Billie Eilish,Incorrect Match,0.06996846199035645,True,0.6,320x240,70,1,10,../dataset/Billie Eilish/Billie Eilish_93.jpg
Anushka Sharma,Camila Cabello,Camila Cabello,Incorrect Match,0.06581282615661621,True,0.6,320x240,70,1,10,../dataset/Camila Cabello/Camila Cabello_1.jpg
Anushka Sharma,Courtney Cox,,No Face Detected in Test,0.04332113265991211,True,0.6,320x240,70,1,10,../dataset/Courtney Cox/Courtney Cox_10.jpg
Anushka Sharma,Courtney Cox,Courtney Cox,Incorrect Match,0.06432247161865234,True,0.6,320x240,70,1,10,../dataset/Courtney Cox/Courtney Cox_74.jpg
Anushka Sharma,Dwayne Johnson,Dwayne Johnson,Incorrect Match,0.06465578079223633,True,0.6,320x240,70,1,10,../dataset/Dwayne Johnson/Dwayne Johnson_55.jpg
Anushka Sharma,Ellen Degeneres,Ellen Degeneres,Incorrect Match,0.06685328483581543,True,0.6,320x240,70,1,10,../dataset/Ellen Degeneres/Ellen Degeneres_37.jpg
Anushka Sharma,Hrithik Roshan,Hrithik Roshan,Incorrect Match,0.06731104850769043,True,0.6,320x240,70,1,10,../dataset/Hrithik Roshan/Hrithik Roshan_74.jpg
Anushka Sharma,Roger Federer,Roger Federer,Incorrect Match,0.06501293182373047,True,0.6,320x240,70,1,10,../dataset/Roger Federer/Roger Federer_4.jpg
Anushka Sharma,Tom Cruise,,No Face Detected in Test,0.04213714599609375,True,0.6,320x240,70,1,10,../dataset/Tom Cruise/Tom Cruise_28.jpg
Anushka Sharma,Tom Cruise,Tom Cruise,Incorrect Match,0.06327581405639648,True,0.6,320x240,70,1,10,../dataset/Tom Cruise/Tom Cruise_22.jpg
Billie Eilish,Andy Samberg,,No Face Detected in Test,0.04222273826599121,True,0.6,320x240,70,1,10,../dataset/Andy Samberg/Andy Samberg_81.jpg
Billie Eilish,Andy Samberg,Andy Samberg,Incorrect Match,0.06394243240356445,True,0.6,320x240,70,1,10,../dataset/Andy Samberg/Andy Samberg_15.jpg
Billie Eilish,Anushka Sharma,,No Face Detected in Test,0.04226231575012207,True,0.6,320x240,70,1,10,../dataset/Anushka Sharma/Anushka Sharma_30.jpg
Billie Eilish,Anushka Sharma,Anushka Sharma,Incorrect Match,0.06306767463684082,True,0.6,320x240,70,1,10,../dataset/Anushka Sharma/Anushka Sharma_54.jpg
Billie Eilish,Billie Eilish,,No Face Detected in Test,0.04883933067321777,True,0.6,320x240,70,1,10,../dataset/Billie Eilish/Billie Eilish_4.jpg
Billie Eilish,Billie Eilish,Billie Eilish,Correct Match,0.10426616668701172,True,0.6,320x240,70,1,10,../dataset/Billie Eilish/Billie Eilish_90.jpg
Billie Eilish,Camila Cabello,,No Face Detected in Test,0.05070018768310547,True,0.6,320x240,70,1,10,../dataset/Camila Cabello/Camila Cabello_61.jpg
Billie Eilish,Camila Cabello,Camila Cabello,Incorrect Match,0.07908797264099121,True,0.6,320x240,70,1,10,../dataset/Camila Cabello/Camila Cabello_51.jpg
Billie Eilish,Courtney Cox,,No Face Detected in Test,0.05794072151184082,True,0.6,320x240,70,1,10,../dataset/Courtney Cox/Courtney Cox_23.jpg
Billie Eilish,Courtney Cox,,No Face Detected in Test,0.06000852584838867,True,0.6,320x240,70,1,10,../dataset/Courtney Cox/Courtney Cox_45.jpg
Billie Eilish,Courtney Cox,Courtney Cox,Incorrect Match,0.07989263534545898,True,0.6,320x240,70,1,10,../dataset/Courtney Cox/Courtney Cox_63.jpg
Billie Eilish,Dwayne Johnson,Dwayne Johnson,Incorrect Match,0.11300444602966309,True,0.6,320x240,70,1,10,../dataset/Dwayne Johnson/Dwayne Johnson_33.jpg
Billie Eilish,Ellen Degeneres,Ellen Degeneres,Incorrect Match,0.07321810722351074,True,0.6,320x240,70,1,10,../dataset/Ellen Degeneres/Ellen Degeneres_24.jpg
Billie Eilish,Hrithik Roshan,,No Match,0.06898975372314453,True,0.6,320x240,70,1,10,../dataset/Hrithik Roshan/Hrithik Roshan_3.jpg
Billie Eilish,Hrithik Roshan,,No Match,0.09444785118103027,True,0.6,320x240,70,1,10,../dataset/Hrithik Roshan/Hrithik Roshan_89.jpg
Billie Eilish,Hrithik Roshan,,No Match,0.10518336296081543,True,0.6,320x240,70,1,10,../dataset/Hrithik Roshan/Hrithik Roshan_92.jpg
Billie Eilish,Hrithik Roshan,,No Match,0.0778810977935791,True,0.6,320x240,70,1,10,../dataset/Hrithik Roshan/Hrithik Roshan_86.jpg
Billie Eilish,Hrithik Roshan,Hrithik Roshan,Incorrect Match,0.12108349800109863,True,0.6,320x240,70,1,10,../dataset/Hrithik Roshan/Hrithik Roshan_13.jpg
Billie Eilish,Roger Federer,Roger Federer,Incorrect Match,0.08776497840881348,True,0.6,320x240,70,1,10,../dataset/Roger Federer/Roger Federer_54.jpg
Billie Eilish,Tom Cruise,,No Face Detected in Test,0.04899740219116211,True,0.6,320x240,70,1,10,../dataset/Tom Cruise/Tom Cruise_31.jpg
Billie Eilish,Tom Cruise,Tom Cruise,Incorrect Match,0.09697628021240234,True,0.6,320x240,70,1,10,../dataset/Tom Cruise/Tom Cruise_25.jpg
Camila Cabello,Andy Samberg,,No Face Detected in Test,0.04892301559448242,True,0.6,320x240,70,1,10,../dataset/Andy Samberg/Andy Samberg_33.jpg
Camila Cabello,Andy Samberg,,No Face Detected in Test,0.04893803596496582,True,0.6,320x240,70,1,10,../dataset/Andy Samberg/Andy Samberg_61.jpg
Camila Cabello,Andy Samberg,Andy Samberg,Incorrect Match,0.09317874908447266,True,0.6,320x240,70,1,10,../dataset/Andy Samberg/Andy Samberg_11.jpg
Camila Cabello,Anushka Sharma,Anushka Sharma,Incorrect Match,0.07767319679260254,True,0.6,320x240,70,1,10,../dataset/Anushka Sharma/Anushka Sharma_62.jpg
Camila Cabello,Billie Eilish,,No Face Detected in Test,0.03909492492675781,True,0.6,320x240,70,1,10,../dataset/Billie Eilish/Billie Eilish_80.jpg
Camila Cabello,Billie Eilish,Billie Eilish,Incorrect Match,0.05736207962036133,True,0.6,320x240,70,1,10,../dataset/Billie Eilish/Billie Eilish_45.jpg
Camila Cabello,Camila Cabello,Camila Cabello,Correct Match,0.06444692611694336,True,0.6,320x240,70,1,10,../dataset/Camila Cabello/Camila Cabello_16.jpg
Camila Cabello,Courtney Cox,Courtney Cox,Incorrect Match,0.06551885604858398,True,0.6,320x240,70,1,10,../dataset/Courtney Cox/Courtney Cox_38.jpg
Camila Cabello,Dwayne Johnson,Dwayne Johnson,Incorrect Match,0.06470322608947754,True,0.6,320x240,70,1,10,../dataset/Dwayne Johnson/Dwayne Johnson_3.jpg
Camila Cabello,Ellen Degeneres,Ellen Degeneres,Incorrect Match,0.06754946708679199,True,0.6,320x240,70,1,10,../dataset/Ellen Degeneres/Ellen Degeneres_42.jpg
Camila Cabello,Hrithik Roshan,,No Match,0.06999421119689941,True,0.6,320x240,70,1,10,../dataset/Hrithik Roshan/Hrithik Roshan_4.jpg
Camila Cabello,Hrithik Roshan,Hrithik Roshan,Incorrect Match,0.09557700157165527,True,0.6,320x240,70,1,10,../dataset/Hrithik Roshan/Hrithik Roshan_90.jpg
Camila Cabello,Roger Federer,Roger Federer,Incorrect Match,0.06834650039672852,True,0.6,320x240,70,1,10,../dataset/Roger Federer/Roger Federer_4.jpg
Camila Cabello,Tom Cruise,,No Face Detected in Test,0.04567360877990723,True,0.6,320x240,70,1,10,../dataset/Tom Cruise/Tom Cruise_29.jpg
Camila Cabello,Tom Cruise,Tom Cruise,Incorrect Match,0.0691215991973877,True,0.6,320x240,70,1,10,../dataset/Tom Cruise/Tom Cruise_22.jpg
Courtney Cox,Andy Samberg,,No Face Detected in Test,0.044370174407958984,True,0.6,320x240,70,1,10,../dataset/Andy Samberg/Andy Samberg_3.jpg
Courtney Cox,Andy Samberg,Andy Samberg,Incorrect Match,0.0812075138092041,True,0.6,320x240,70,1,10,../dataset/Andy Samberg/Andy Samberg_45.jpg
Courtney Cox,Anushka Sharma,Anushka Sharma,Incorrect Match,0.07000541687011719,True,0.6,320x240,70,1,10,../dataset/Anushka Sharma/Anushka Sharma_41.jpg
Courtney Cox,Billie Eilish,,No Face Detected in Test,0.038704633712768555,True,0.6,320x240,70,1,10,../dataset/Billie Eilish/Billie Eilish_66.jpg
Courtney Cox,Billie Eilish,Billie Eilish,Incorrect Match,0.057149648666381836,True,0.6,320x240,70,1,10,../dataset/Billie Eilish/Billie Eilish_9.jpg
Courtney Cox,Camila Cabello,Camila Cabello,Incorrect Match,0.06769323348999023,True,0.6,320x240,70,1,10,../dataset/Camila Cabello/Camila Cabello_66.jpg
Courtney Cox,Courtney Cox,Courtney Cox,Correct Match,0.06725287437438965,True,0.6,320x240,70,1,10,../dataset/Courtney Cox/Courtney Cox_42.jpg
Courtney Cox,Dwayne Johnson,,No Face Detected in Test,0.04227900505065918,True,0.6,320x240,70,1,10,../dataset/Dwayne Johnson/Dwayne Johnson_20.jpg
Courtney Cox,Dwayne Johnson,Dwayne Johnson,Incorrect Match,0.06563878059387207,True,0.6,320x240,70,1,10,../dataset/Dwayne Johnson/Dwayne Johnson_58.jpg
Courtney Cox,Ellen Degeneres,Ellen Degeneres,Incorrect Match,0.06741142272949219,True,0.6,320x240,70,1,10,../dataset/Ellen Degeneres/Ellen Degeneres_59.jpg
Courtney Cox,Hrithik Roshan,,No Match,0.06781291961669922,True,0.6,320x240,70,1,10,../dataset/Hrithik Roshan/Hrithik Roshan_16.jpg
Courtney Cox,Hrithik Roshan,,No Match,0.10428929328918457,True,0.6,320x240,70,1,10,../dataset/Hrithik Roshan/Hrithik Roshan_56.jpg
Courtney Cox,Hrithik Roshan,Hrithik Roshan,Incorrect Match,0.10062384605407715,True,0.6,320x240,70,1,10,../dataset/Hrithik Roshan/Hrithik Roshan_12.jpg
Courtney Cox,Roger Federer,,No Face Detected in Test,0.04809832572937012,True,0.6,320x240,70,1,10,../dataset/Roger Federer/Roger Federer_56.jpg
Courtney Cox,Roger Federer,Roger Federer,Incorrect Match,0.07115459442138672,True,0.6,320x240,70,1,10,../dataset/Roger Federer/Roger Federer_46.jpg
Courtney Cox,Tom Cruise,,No Face Detected in Test,0.046417236328125,True,0.6,320x240,70,1,10,../dataset/Tom Cruise/Tom Cruise_30.jpg
Courtney Cox,Tom Cruise,Tom Cruise,Incorrect Match,0.06559062004089355,True,0.6,320x240,70,1,10,../dataset/Tom Cruise/Tom Cruise_32.jpg
Dwayne Johnson,Andy Samberg,Andy Samberg,Incorrect Match,0.06922554969787598,True,0.6,320x240,70,1,10,../dataset/Andy Samberg/Andy Samberg_22.jpg
Dwayne Johnson,Anushka Sharma,Anushka Sharma,Incorrect Match,0.06593680381774902,True,0.6,320x240,70,1,10,../dataset/Anushka Sharma/Anushka Sharma_65.jpg
Dwayne Johnson,Billie Eilish,Billie Eilish,Incorrect Match,0.06743168830871582,True,0.6,320x240,70,1,10,../dataset/Billie Eilish/Billie Eilish_19.jpg
Dwayne Johnson,Camila Cabello,Camila Cabello,Incorrect Match,0.06495404243469238,True,0.6,320x240,70,1,10,../dataset/Camila Cabello/Camila Cabello_14.jpg
Dwayne Johnson,Courtney Cox,,No Face Detected in Test,0.04241800308227539,True,0.6,320x240,70,1,10,../dataset/Courtney Cox/Courtney Cox_43.jpg
Dwayne Johnson,Courtney Cox,,No Face Detected in Test,0.04153323173522949,True,0.6,320x240,70,1,10,../dataset/Courtney Cox/Courtney Cox_45.jpg
Dwayne Johnson,Courtney Cox,,No Face Detected in Test,0.03913617134094238,True,0.6,320x240,70,1,10,../dataset/Courtney Cox/Courtney Cox_30.jpg
Dwayne Johnson,Courtney Cox,,No Face Detected in Test,0.038187503814697266,True,0.6,320x240,70,1,10,../dataset/Courtney Cox/Courtney Cox_72.jpg
Dwayne Johnson,Courtney Cox,Courtney Cox,Incorrect Match,0.060257673263549805,True,0.6,320x240,70,1,10,../dataset/Courtney Cox/Courtney Cox_19.jpg
Dwayne Johnson,Dwayne Johnson,Dwayne Johnson,Correct Match,0.06407427787780762,True,0.6,320x240,70,1,10,../dataset/Dwayne Johnson/Dwayne Johnson_33.jpg
Dwayne Johnson,Ellen Degeneres,Ellen Degeneres,Incorrect Match,0.07001495361328125,True,0.6,320x240,70,1,10,../dataset/Ellen Degeneres/Ellen Degeneres_40.jpg
Dwayne Johnson,Hrithik Roshan,Hrithik Roshan,Incorrect Match,0.06790781021118164,True,0.6,320x240,70,1,10,../dataset/Hrithik Roshan/Hrithik Roshan_64.jpg
Dwayne Johnson,Roger Federer,Roger Federer,Incorrect Match,0.06325840950012207,True,0.6,320x240,70,1,10,../dataset/Roger Federer/Roger Federer_74.jpg
Dwayne Johnson,Tom Cruise,,No Face Detected in Test,0.04171442985534668,True,0.6,320x240,70,1,10,../dataset/Tom Cruise/Tom Cruise_2.jpg
Dwayne Johnson,Tom Cruise,Tom Cruise,Incorrect Match,0.06428170204162598,True,0.6,320x240,70,1,10,../dataset/Tom Cruise/Tom Cruise_4.jpg
Ellen Degeneres,Andy Samberg,,No Face Detected in Test,0.040435791015625,True,0.6,320x240,70,1,10,../dataset/Andy Samberg/Andy Samberg_47.jpg
Ellen Degeneres,Andy Samberg,Andy Samberg,Incorrect Match,0.06166481971740723,True,0.6,320x240,70,1,10,../dataset/Andy Samberg/Andy Samberg_83.jpg
Ellen Degeneres,Anushka Sharma,,No Face Detected in Test,0.04272961616516113,True,0.6,320x240,70,1,10,../dataset/Anushka Sharma/Anushka Sharma_25.jpg
Ellen Degeneres,Anushka Sharma,Anushka Sharma,Incorrect Match,0.06448602676391602,True,0.6,320x240,70,1,10,../dataset/Anushka Sharma/Anushka Sharma_54.jpg
Ellen Degeneres,Billie Eilish,Billie Eilish,Incorrect Match,0.07016134262084961,True,0.6,320x240,70,1,10,../dataset/Billie Eilish/Billie Eilish_38.jpg
Ellen Degeneres,Camila Cabello,,No Match,0.06802797317504883,True,0.6,320x240,70,1,10,../dataset/Camila Cabello/Camila Cabello_45.jpg
Ellen Degeneres,Camila Cabello,Camila Cabello,Incorrect Match,0.09180641174316406,True,0.6,320x240,70,1,10,../dataset/Camila Cabello/Camila Cabello_67.jpg
Ellen Degeneres,Courtney Cox,,No Face Detected in Test,0.047020673751831055,True,0.6,320x240,70,1,10,../dataset/Courtney Cox/Courtney Cox_32.jpg
Ellen Degeneres,Courtney Cox,Courtney Cox,Incorrect Match,0.07764911651611328,True,0.6,320x240,70,1,10,../dataset/Courtney Cox/Courtney Cox_15.jpg
Ellen Degeneres,Dwayne Johnson,Dwayne Johnson,Incorrect Match,0.06883001327514648,True,0.6,320x240,70,1,10,../dataset/Dwayne Johnson/Dwayne Johnson_55.jpg
Ellen Degeneres,Ellen Degeneres,Ellen Degeneres,Correct Match,0.07137155532836914,True,0.6,320x240,70,1,10,../dataset/Ellen Degeneres/Ellen Degeneres_2.jpg
Ellen Degeneres,Hrithik Roshan,,No Match,0.07356882095336914,True,0.6,320x240,70,1,10,../dataset/Hrithik Roshan/Hrithik Roshan_10.jpg
Ellen Degeneres,Hrithik Roshan,Hrithik Roshan,Incorrect Match,0.09514546394348145,True,0.6,320x240,70,1,10,../dataset/Hrithik Roshan/Hrithik Roshan_98.jpg
Ellen Degeneres,Roger Federer,,No Match,0.08516430854797363,True,0.6,320x240,70,1,10,../dataset/Roger Federer/Roger Federer_58.jpg
Ellen Degeneres,Roger Federer,Roger Federer,Incorrect Match,0.09191608428955078,True,0.6,320x240,70,1,10,../dataset/Roger Federer/Roger Federer_17.jpg
Ellen Degeneres,Tom Cruise,,No Face Detected in Test,0.048026323318481445,True,0.6,320x240,70,1,10,../dataset/Tom Cruise/Tom Cruise_33.jpg
Ellen Degeneres,Tom Cruise,Tom Cruise,Incorrect Match,0.07068300247192383,True,0.6,320x240,70,1,10,../dataset/Tom Cruise/Tom Cruise_16.jpg
Hrithik Roshan,Andy Samberg,,No Face Detected in Test,0.045934438705444336,True,0.6,320x240,70,1,10,../dataset/Andy Samberg/Andy Samberg_43.jpg
Hrithik Roshan,Andy Samberg,Andy Samberg,Incorrect Match,0.06795763969421387,True,0.6,320x240,70,1,10,../dataset/Andy Samberg/Andy Samberg_86.jpg
Hrithik Roshan,Anushka Sharma,Anushka Sharma,Incorrect Match,0.06669282913208008,True,0.6,320x240,70,1,10,../dataset/Anushka Sharma/Anushka Sharma_62.jpg
Hrithik Roshan,Billie Eilish,,No Face Detected in Test,0.042482614517211914,True,0.6,320x240,70,1,10,../dataset/Billie Eilish/Billie Eilish_24.jpg
Hrithik Roshan,Billie Eilish,Billie Eilish,Incorrect Match,0.0726323127746582,True,0.6,320x240,70,1,10,../dataset/Billie Eilish/Billie Eilish_64.jpg
Hrithik Roshan,Camila Cabello,,No Face Detected in Test,0.0432279109954834,True,0.6,320x240,70,1,10,../dataset/Camila Cabello/Camila Cabello_81.jpg
Hrithik Roshan,Camila Cabello,,No Face Detected in Test,0.04081368446350098,True,0.6,320x240,70,1,10,../dataset/Camila Cabello/Camila Cabello_36.jpg
Hrithik Roshan,Camila Cabello,,No Face Detected in Test,0.0404665470123291,True,0.6,320x240,70,1,10,../dataset/Camila Cabello/Camila Cabello_22.jpg
Hrithik Roshan,Camila Cabello,Camila Cabello,Incorrect Match,0.06417393684387207,True,0.6,320x240,70,1,10,../dataset/Camila Cabello/Camila Cabello_43.jpg
Hrithik Roshan,Courtney Cox,,No Face Detected in Test,0.04165506362915039,True,0.6,320x240,70,1,10,../dataset/Courtney Cox/Courtney Cox_2.jpg
Hrithik Roshan,Courtney Cox,,No Face Detected in Test,0.03975391387939453,True,0.6,320x240,70,1,10,../dataset/Courtney Cox/Courtney Cox_31.jpg
Hrithik Roshan,Courtney Cox,Courtney Cox,Incorrect Match,0.06078052520751953,True,0.6,320x240,70,1,10,../dataset/Courtney Cox/Courtney Cox_78.jpg
Hrithik Roshan,Dwayne Johnson,Dwayne Johnson,Incorrect Match,0.06443405151367188,True,0.6,320x240,70,1,10,../dataset/Dwayne Johnson/Dwayne Johnson_19.jpg
Hrithik Roshan,Ellen Degeneres,Ellen Degeneres,Incorrect Match,0.06958270072937012,True,0.6,320x240,70,1,10,../dataset/Ellen Degeneres/Ellen Degeneres_73.jpg
Hrithik Roshan,Hrithik Roshan,Hrithik Roshan,Correct Match,0.06824851036071777,True,0.6,320x240,70,1,10,../dataset/Hrithik Roshan/Hrithik Roshan_60.jpg
Hrithik Roshan,Roger Federer,Roger Federer,Incorrect Match,0.06750917434692383,True,0.6,320x240,70,1,10,../dataset/Roger Federer/Roger Federer_68.jpg
Hrithik Roshan,Tom Cruise,Tom Cruise,Incorrect Match,0.06786823272705078,True,0.6,320x240,70,1,10,../dataset/Tom Cruise/Tom Cruise_32.jpg
Roger Federer,Andy Samberg,Andy Samberg,Incorrect Match,0.08061599731445312,True,0.6,320x240,70,1,10,../dataset/Andy Samberg/Andy Samberg_83.jpg
Roger Federer,Anushka Sharma,Anushka Sharma,Incorrect Match,0.06980276107788086,True,0.6,320x240,70,1,10,../dataset/Anushka Sharma/Anushka Sharma_27.jpg
Roger Federer,Billie Eilish,Billie Eilish,Incorrect Match,0.06851696968078613,True,0.6,320x240,70,1,10,../dataset/Billie Eilish/Billie Eilish_41.jpg
Roger Federer,Camila Cabello,,No Face Detected in Test,0.04298043251037598,True,0.6,320x240,70,1,10,../dataset/Camila Cabello/Camila Cabello_9.jpg
Roger Federer,Camila Cabello,,No Match,0.06034064292907715,True,0.6,320x240,70,1,10,../dataset/Camila Cabello/Camila Cabello_45.jpg
Roger Federer,Camila Cabello,,No Face Detected in Test,0.043871164321899414,True,0.6,320x240,70,1,10,../dataset/Camila Cabello/Camila Cabello_11.jpg
Roger Federer,Camila Cabello,,No Face Detected in Test,0.04167938232421875,True,0.6,320x240,70,1,10,../dataset/Camila Cabello/Camila Cabello_53.jpg
Roger Federer,Camila Cabello,Camila Cabello,Incorrect Match,0.06332254409790039,True,0.6,320x240,70,1,10,../dataset/Camila Cabello/Camila Cabello_39.jpg
Roger Federer,Courtney Cox,Camila Cabello,Incorrect Match,0.07192277908325195,True,0.6,320x240,70,1,10,../dataset/Courtney Cox/Courtney Cox_77.jpg
Roger Federer,Dwayne Johnson,Dwayne Johnson,Incorrect Match,0.06731915473937988,True,0.6,320x240,70,1,10,../dataset/Dwayne Johnson/Dwayne Johnson_49.jpg
Roger Federer,Ellen Degeneres,Ellen Degeneres,Incorrect Match,0.06713080406188965,True,0.6,320x240,70,1,10,../dataset/Ellen Degeneres/Ellen Degeneres_43.jpg
Roger Federer,Hrithik Roshan,Hrithik Roshan,Incorrect Match,0.07070612907409668,True,0.6,320x240,70,1,10,../dataset/Hrithik Roshan/Hrithik Roshan_12.jpg
Roger Federer,Roger Federer,Roger Federer,Correct Match,0.06969451904296875,True,0.6,320x240,70,1,10,../dataset/Roger Federer/Roger Federer_22.jpg
Roger Federer,Tom Cruise,Tom Cruise,Incorrect Match,0.06825590133666992,True,0.6,320x240,70,1,10,../dataset/Tom Cruise/Tom Cruise_49.jpg
Tom Cruise,Andy Samberg,Andy Samberg,Incorrect Match,0.06899046897888184,True,0.6,320x240,70,1,10,../dataset/Andy Samberg/Andy Samberg_85.jpg
Tom Cruise,Anushka Sharma,Anushka Sharma,Incorrect Match,0.06879067420959473,True,0.6,320x240,70,1,10,../dataset/Anushka Sharma/Anushka Sharma_66.jpg
Tom Cruise,Billie Eilish,Billie Eilish,Incorrect Match,0.06162714958190918,True,0.6,320x240,70,1,10,../dataset/Billie Eilish/Billie Eilish_51.jpg
Tom Cruise,Camila Cabello,,No Match,0.0669245719909668,True,0.6,320x240,70,1,10,../dataset/Camila Cabello/Camila Cabello_44.jpg
Tom Cruise,Camila Cabello,Camila Cabello,Incorrect Match,0.09070110321044922,True,0.6,320x240,70,1,10,../dataset/Camila Cabello/Camila Cabello_43.jpg
Tom Cruise,Courtney Cox,,No Face Detected in Test,0.04246377944946289,True,0.6,320x240,70,1,10,../dataset/Courtney Cox/Courtney Cox_41.jpg
Tom Cruise,Courtney Cox,,No Face Detected in Test,0.03920865058898926,True,0.6,320x240,70,1,10,../dataset/Courtney Cox/Courtney Cox_60.jpg
Tom Cruise,Courtney Cox,,No Face Detected in Test,0.03832888603210449,True,0.6,320x240,70,1,10,../dataset/Courtney Cox/Courtney Cox_46.jpg
Tom Cruise,Courtney Cox,Courtney Cox,Incorrect Match,0.056313276290893555,True,0.6,320x240,70,1,10,../dataset/Courtney Cox/Courtney Cox_8.jpg
Tom Cruise,Dwayne Johnson,,No Face Detected in Test,0.040514230728149414,True,0.6,320x240,70,1,10,../dataset/Dwayne Johnson/Dwayne Johnson_8.jpg
Tom Cruise,Dwayne Johnson,Dwayne Johnson,Incorrect Match,0.0613095760345459,True,0.6,320x240,70,1,10,../dataset/Dwayne Johnson/Dwayne Johnson_33.jpg
Tom Cruise,Ellen Degeneres,Ellen Degeneres,Incorrect Match,0.0682821273803711,True,0.6,320x240,70,1,10,../dataset/Ellen Degeneres/Ellen Degeneres_47.jpg
Tom Cruise,Hrithik Roshan,Hrithik Roshan,Incorrect Match,0.06807899475097656,True,0.6,320x240,70,1,10,../dataset/Hrithik Roshan/Hrithik Roshan_63.jpg
Tom Cruise,Roger Federer,Roger Federer,Incorrect Match,0.07086730003356934,True,0.6,320x240,70,1,10,../dataset/Roger Federer/Roger Federer_35.jpg
Tom Cruise,Tom Cruise,,No Face Detected in Test,0.04340481758117676,True,0.6,320x240,70,1,10,../dataset/Tom Cruise/Tom Cruise_31.jpg
Tom Cruise,Tom Cruise,,No Face Detected in Test,0.04133319854736328,True,0.6,320x240,70,1,10,../dataset/Tom Cruise/Tom Cruise_1.jpg
Tom Cruise,Tom Cruise,,No Face Detected in Test,0.03957700729370117,True,0.6,320x240,70,1,10,../dataset/Tom Cruise/Tom Cruise_14.jpg
Tom Cruise,Tom Cruise,Tom Cruise,Correct Match,0.060417890548706055,True,0.6,320x240,70,1,10,../dataset/Tom Cruise/Tom Cruise_55.jpg
Andy Samberg,Andy Samberg,Andy Samberg,Correct Match,0.25319528579711914,True,0.6,640x480,70,1,10,../dataset/Andy Samberg/Andy Samberg_78.jpg
Andy Samberg,Anushka Sharma,Anushka Sharma,Incorrect Match,0.2208714485168457,True,0.6,640x480,70,1,10,../dataset/Anushka Sharma/Anushka Sharma_19.jpg
Andy Samberg,Billie Eilish,Billie Eilish,Incorrect Match,0.21300888061523438,True,0.6,640x480,70,1,10,../dataset/Billie Eilish/Billie Eilish_39.jpg
Andy Samberg,Camila Cabello,,No Face Detected in Test,0.1561417579650879,True,0.6,640x480,70,1,10,../dataset/Camila Cabello/Camila Cabello_49.jpg
Andy Samberg,Camila Cabello,Camila Cabello,Incorrect Match,0.16775751113891602,True,0.6,640x480,70,1,10,../dataset/Camila Cabello/Camila Cabello_28.jpg
Andy Samberg,Courtney Cox,,No Face Detected in Test,0.15039825439453125,True,0.6,640x480,70,1,10,../dataset/Courtney Cox/Courtney Cox_21.jpg
Andy Samberg,Courtney Cox,,No Face Detected in Test,0.14223718643188477,True,0.6,640x480,70,1,10,../dataset/Courtney Cox/Courtney Cox_33.jpg
Andy Samberg,Courtney Cox,,No Face Detected in Test,0.13492202758789062,True,0.6,640x480,70,1,10,../dataset/Courtney Cox/Courtney Cox_43.jpg
Andy Samberg,Courtney Cox,Camila Cabello,Incorrect Match,0.15021204948425293,True,0.6,640x480,70,1,10,../dataset/Courtney Cox/Courtney Cox_77.jpg
Andy Samberg,Dwayne Johnson,,No Face Detected in Test,0.1634664535522461,True,0.6,640x480,70,1,10,../dataset/Dwayne Johnson/Dwayne Johnson_8.jpg
Andy Samberg,Dwayne Johnson,Dwayne Johnson,Incorrect Match,0.17528510093688965,True,0.6,640x480,70,1,10,../dataset/Dwayne Johnson/Dwayne Johnson_24.jpg
Andy Samberg,Ellen Degeneres,Ellen Degeneres,Incorrect Match,0.185044527053833,True,0.6,640x480,70,1,10,../dataset/Ellen Degeneres/Ellen Degeneres_2.jpg
Andy Samberg,Hrithik Roshan,Hrithik Roshan,Incorrect Match,0.1781294345855713,True,0.6,640x480,70,1,10,../dataset/Hrithik Roshan/Hrithik Roshan_68.jpg
Andy Samberg,Roger Federer,Roger Federer,Incorrect Match,0.1836872100830078,True,0.6,640x480,70,1,10,../dataset/Roger Federer/Roger Federer_12.jpg
Andy Samberg,Tom Cruise,,No Face Detected in Test,0.15824198722839355,True,0.6,640x480,70,1,10,../dataset/Tom Cruise/Tom Cruise_27.jpg
Andy Samberg,Tom Cruise,Tom Cruise,Incorrect Match,0.1685338020324707,True,0.6,640x480,70,1,10,../dataset/Tom Cruise/Tom Cruise_24.jpg
Anushka Sharma,Andy Samberg,Andy Samberg,Incorrect Match,0.18095040321350098,True,0.6,640x480,70,1,10,../dataset/Andy Samberg/Andy Samberg_51.jpg
Anushka Sharma,Anushka Sharma,,No Face Detected in Test,0.1544349193572998,True,0.6,640x480,70,1,10,../dataset/Anushka Sharma/Anushka Sharma_36.jpg
Anushka Sharma,Anushka Sharma,Anushka Sharma,Correct Match,0.159834623336792,True,0.6,640x480,70,1,10,../dataset/Anushka Sharma/Anushka Sharma_64.jpg
Anushka Sharma,Billie Eilish,Billie Eilish,Incorrect Match,0.17040586471557617,True,0.6,640x480,70,1,10,../dataset/Billie Eilish/Billie Eilish_90.jpg
Anushka Sharma,Camila Cabello,,No Face Detected in Test,0.15053224563598633,True,0.6,640x480,70,1,10,../dataset/Camila Cabello/Camila Cabello_7.jpg
Anushka Sharma,Camila Cabello,,No Face Detected in Test,0.14117169380187988,True,0.6,640x480,70,1,10,../dataset/Camila Cabello/Camila Cabello_2.jpg
Anushka Sharma,Camila Cabello,Camila Cabello,Incorrect Match,0.1460099220275879,True,0.6,640x480,70,1,10,../dataset/Camila Cabello/Camila Cabello_51.jpg
Anushka Sharma,Courtney Cox,,No Face Detected in Test,0.14744019508361816,True,0.6,640x480,70,1,10,../dataset/Courtney Cox/Courtney Cox_69.jpg
Anushka Sharma,Courtney Cox,,No Face Detected in Test,0.16357088088989258,True,0.6,640x480,70,1,10,../dataset/Courtney Cox/Courtney Cox_56.jpg
Anushka Sharma,Courtney Cox,,No Face Detected in Test,0.14713311195373535,True,0.6,640x480,70,1,10,../dataset/Courtney Cox/Courtney Cox_59.jpg
Anushka Sharma,Courtney Cox,Courtney Cox,Incorrect Match,0.16052460670471191,True,0.6,640x480,70,1,10,../dataset/Courtney Cox/Courtney Cox_64.jpg
Anushka Sharma,Dwayne Johnson,Dwayne Johnson,Incorrect Match,0.17019224166870117,True,0.6,640x480,70,1,10,../dataset/Dwayne Johnson/Dwayne Johnson_7.jpg
Anushka Sharma,Ellen Degeneres,Ellen Degeneres,Incorrect Match,0.21293210983276367,True,0.6,640x480,70,1,10,../dataset/Ellen Degeneres/Ellen Degeneres_2.jpg
Anushka Sharma,Hrithik Roshan,,No Match,0.19216299057006836,True,0.6,640x480,70,1,10,../dataset/Hrithik Roshan/Hrithik Roshan_32.jpg
Anushka Sharma,Hrithik Roshan,Hrithik Roshan,Incorrect Match,0.2169208526611328,True,0.6,640x480,70,1,10,../dataset/Hrithik Roshan/Hrithik Roshan_66.jpg
Anushka Sharma,Roger Federer,Roger Federer,Incorrect Match,0.1817317008972168,True,0.6,640x480,70,1,10,../dataset/Roger Federer/Roger Federer_37.jpg
Anushka Sharma,Tom Cruise,Tom Cruise,Incorrect Match,0.18564081192016602,True,0.6,640x480,70,1,10,../dataset/Tom Cruise/Tom Cruise_39.jpg
Billie Eilish,Andy Samberg,Andy Samberg,Incorrect Match,0.16120123863220215,True,0.6,640x480,70,1,10,../dataset/Andy Samberg/Andy Samberg_38.jpg
Billie Eilish,Anushka Sharma,Anushka Sharma,Incorrect Match,0.17059683799743652,True,0.6,640x480,70,1,10,../dataset/Anushka Sharma/Anushka Sharma_26.jpg
Billie Eilish,Billie Eilish,Billie Eilish,Correct Match,0.2028954029083252,True,0.6,640x480,70,1,10,../dataset/Billie Eilish/Billie Eilish_33.jpg
Billie Eilish,Camila Cabello,Camila Cabello,Incorrect Match,0.17667484283447266,True,0.6,640x480,70,1,10,../dataset/Camila Cabello/Camila Cabello_39.jpg
Billie Eilish,Courtney Cox,Courtney Cox,Incorrect Match,0.17757081985473633,True,0.6,640x480,70,1,10,../dataset/Courtney Cox/Courtney Cox_39.jpg
Billie Eilish,Dwayne Johnson,Dwayne Johnson,Incorrect Match,0.17812585830688477,True,0.6,640x480,70,1,10,../dataset/Dwayne Johnson/Dwayne Johnson_34.jpg
Billie Eilish,Ellen Degeneres,Ellen Degeneres,Incorrect Match,0.18685579299926758,True,0.6,640x480,70,1,10,../dataset/Ellen Degeneres/Ellen Degeneres_39.jpg
Billie Eilish,Hrithik Roshan,,No Face Detected in Test,0.1540992259979248,True,0.6,640x480,70,1,10,../dataset/Hrithik Roshan/Hrithik Roshan_84.jpg
Billie Eilish,Hrithik Roshan,,No Face Detected in Test,0.14335417747497559,True,0.6,640x480,70,1,10,../dataset/Hrithik Roshan/Hrithik Roshan_7.jpg
Billie Eilish,Hrithik Roshan,Hrithik Roshan,Incorrect Match,0.15482187271118164,True,0.6,640x480,70,1,10,../dataset/Hrithik Roshan/Hrithik Roshan_66.jpg
Billie Eilish,Roger Federer,Roger Federer,Incorrect Match,0.1745443344116211,True,0.6,640x480,70,1,10,../dataset/Roger Federer/Roger Federer_27.jpg
Billie Eilish,Tom Cruise,Tom Cruise,Incorrect Match,0.18572759628295898,True,0.6,640x480,70,1,10,../dataset/Tom Cruise/Tom Cruise_44.jpg
Camila Cabello,Andy Samberg,,No Face Detected in Test,0.15621042251586914,True,0.6,640x480,70,1,10,../dataset/Andy Samberg/Andy Samberg_72.jpg
Camila Cabello,Andy Samberg,Andy Samberg,Incorrect Match,0.17473363876342773,True,0.6,640x480,70,1,10,../dataset/Andy Samberg/Andy Samberg_88.jpg
Camila Cabello,Anushka Sharma,,No Face Detected in Test,0.15083789825439453,True,0.6,640x480,70,1,10,../dataset/Anushka Sharma/Anushka Sharma_49.jpg
Camila Cabello,Anushka Sharma,Anushka Sharma,Incorrect Match,0.16025924682617188,True,0.6,640x480,70,1,10,../dataset/Anushka Sharma/Anushka Sharma_19.jpg
Camila Cabello,Billie Eilish,Billie Eilish,Incorrect Match,0.17493963241577148,True,0.6,640x480,70,1,10,../dataset/Billie Eilish/Billie Eilish_54.jpg
Camila Cabello,Camila Cabello,,No Face Detected in Test,0.1521589756011963,True,0.6,640x480,70,1,10,../dataset/Camila Cabello/Camila Cabello_31.jpg
Camila Cabello,Camila Cabello,,No Face Detected in Test,0.14090251922607422,True,0.6,640x480,70,1,10,../dataset/Camila Cabello/Camila Cabello_7.jpg
Camila Cabello,Camila Cabello,,No Face Detected in Test,0.1351306438446045,True,0.6,640x480,70,1,10,../dataset/Camila Cabello/Camila Cabello_50.jpg
Camila Cabello,Camila Cabello,,No Face Detected in Test,0.1299440860748291,True,0.6,640x480,70,1,10,../dataset/Camila Cabello/Camila Cabello_20.jpg
Camila Cabello,Camila Cabello,Camila Cabello,Correct Match,0.1475222110748291,True,0.6,640x480,70,1,10,../dataset/Camila Cabello/Camila Cabello_28.jpg
Camila Cabello,Courtney Cox,,No Face Detected in Test,0.1785726547241211,True,0.6,640x480,70,1,10,../dataset/Courtney Cox/Courtney Cox_20.jpg
Camila Cabello,Courtney Cox,Courtney Cox,Incorrect Match,0.1996610164642334,True,0.6,640x480,70,1,10,../dataset/Courtney Cox/Courtney Cox_66.jpg
Camila Cabello,Dwayne Johnson,Dwayne Johnson,Incorrect Match,0.17833948135375977,True,0.6,640x480,70,1,10,../dataset/Dwayne Johnson/Dwayne Johnson_56.jpg
Camila Cabello,Ellen Degeneres,Ellen Degeneres,Incorrect Match,0.17902684211730957,True,0.6,640x480,70,1,10,../dataset/Ellen Degeneres/Ellen Degeneres_63.jpg
Camila Cabello,Hrithik Roshan,,No Match,0.1932361125946045,True,0.6,640x480,70,1,10,../dataset/Hrithik Roshan/Hrithik Roshan_49.jpg
Camila Cabello,Hrithik Roshan,,No Match,0.21470236778259277,True,0.6,640x480,70,1,10,../dataset/Hrithik Roshan/Hrithik Roshan_67.jpg
Camila Cabello,Hrithik Roshan,Hrithik Roshan,Incorrect Match,0.21491360664367676,True,0.6,640x480,70,1,10,../dataset/Hrithik Roshan/Hrithik Roshan_19.jpg
Camila Cabello,Roger Federer,Roger Federer,Incorrect Match,0.1822657585144043,True,0.6,640x480,70,1,10,../dataset/Roger Federer/Roger Federer_22.jpg
Camila Cabello,Tom Cruise,Tom Cruise,Incorrect Match,0.18214678764343262,True,0.6,640x480,70,1,10,../dataset/Tom Cruise/Tom Cruise_46.jpg
Courtney Cox,Andy Samberg,Andy Samberg,Incorrect Match,0.17859506607055664,True,0.6,640x480,70,1,10,../dataset/Andy Samberg/Andy Samberg_86.jpg
Courtney Cox,Anushka Sharma,Anushka Sharma,Incorrect Match,0.17622876167297363,True,0.6,640x480,70,1,10,../dataset/Anushka Sharma/Anushka Sharma_34.jpg
Courtney Cox,Billie Eilish,,No Face Detected in Test,0.15145611763000488,True,0.6,640x480,70,1,10,../dataset/Billie Eilish/Billie Eilish_52.jpg
Courtney Cox,Billie Eilish,Billie Eilish,Incorrect Match,0.16070771217346191,True,0.6,640x480,70,1,10,../dataset/Billie Eilish/Billie Eilish_84.jpg
Courtney Cox,Camila Cabello,Camila Cabello,Incorrect Match,0.17159056663513184,True,0.6,640x480,70,1,10,../dataset/Camila Cabello/Camila Cabello_62.jpg
Courtney Cox,Courtney Cox,Courtney Cox,Correct Match,0.17684173583984375,True,0.6,640x480,70,1,10,../dataset/Courtney Cox/Courtney Cox_39.jpg
Courtney Cox,Dwayne Johnson,Dwayne Johnson,Incorrect Match,0.16817593574523926,True,0.6,640x480,70,1,10,../dataset/Dwayne Johnson/Dwayne Johnson_39.jpg
Courtney Cox,Ellen Degeneres,,No Face Detected in Test,0.15003228187561035,True,0.6,640x480,70,1,10,../dataset/Ellen Degeneres/Ellen Degeneres_58.jpg
Courtney Cox,Ellen Degeneres,Ellen Degeneres,Incorrect Match,0.16356730461120605,True,0.6,640x480,70,1,10,../dataset/Ellen Degeneres/Ellen Degeneres_64.jpg
Courtney Cox,Hrithik Roshan,Hrithik Roshan,Incorrect Match,0.17046856880187988,True,0.6,640x480,70,1,10,../dataset/Hrithik Roshan/Hrithik Roshan_94.jpg
Courtney Cox,Roger Federer,Roger Federer,Incorrect Match,0.18779420852661133,True,0.6,640x480,70,1,10,../dataset/Roger Federer/Roger Federer_8.jpg
Courtney Cox,Tom Cruise,,No Face Detected in Test,0.1545090675354004,True,0.6,640x480,70,1,10,../dataset/Tom Cruise/Tom Cruise_27.jpg
Courtney Cox,Tom Cruise,,No Face Detected in Test,0.1429588794708252,True,0.6,640x480,70,1,10,../dataset/Tom Cruise/Tom Cruise_54.jpg
Courtney Cox,Tom Cruise,Tom Cruise,Incorrect Match,0.1593930721282959,True,0.6,640x480,70,1,10,../dataset/Tom Cruise/Tom Cruise_10.jpg
Dwayne Johnson,Andy Samberg,Andy Samberg,Incorrect Match,0.1738719940185547,True,0.6,640x480,70,1,10,../dataset/Andy Samberg/Andy Samberg_59.jpg
Dwayne Johnson,Anushka Sharma,Anushka Sharma,Incorrect Match,0.1733705997467041,True,0.6,640x480,70,1,10,../dataset/Anushka Sharma/Anushka Sharma_62.jpg
Dwayne Johnson,Billie Eilish,,No Face Detected in Test,0.16771841049194336,True,0.6,640x480,70,1,10,../dataset/Billie Eilish/Billie Eilish_80.jpg
Dwayne Johnson,Billie Eilish,,No Face Detected in Test,0.14817309379577637,True,0.6,640x480,70,1,10,../dataset/Billie Eilish/Billie Eilish_15.jpg
Dwayne Johnson,Billie Eilish,Billie Eilish,Incorrect Match,0.15329194068908691,True,0.6,640x480,70,1,10,../dataset/Billie Eilish/Billie Eilish_67.jpg
Dwayne Johnson,Camila Cabello,Camila Cabello,Incorrect Match,0.1732311248779297,True,0.6,640x480,70,1,10,../dataset/Camila Cabello/Camila Cabello_75.jpg
Dwayne Johnson,Courtney Cox,,No Face Detected in Test,0.20958447456359863,True,0.6,640x480,70,1,10,../dataset/Courtney Cox/Courtney Cox_10.jpg
Dwayne Johnson,Courtney Cox,Courtney Cox,Incorrect Match,0.17877602577209473,True,0.6,640x480,70,1,10,../dataset/Courtney Cox/Courtney Cox_75.jpg
Dwayne Johnson,Dwayne Johnson,,No Face Detected in Test,0.15176701545715332,True,0.6,640x480,70,1,10,../dataset/Dwayne Johnson/Dwayne Johnson_8.jpg
Dwayne Johnson,Dwayne Johnson,Dwayne Johnson,Correct Match,0.1638202667236328,True,0.6,640x480,70,1,10,../dataset/Dwayne Johnson/Dwayne Johnson_45.jpg
Dwayne Johnson,Ellen Degeneres,Ellen Degeneres,Incorrect Match,0.1755540370941162,True,0.6,640x480,70,1,10,../dataset/Ellen Degeneres/Ellen Degeneres_60.jpg
Dwayne Johnson,Hrithik Roshan,,No Match,0.17626023292541504,True,0.6,640x480,70,1,10,../dataset/Hrithik Roshan/Hrithik Roshan_1.jpg
Dwayne Johnson,Hrithik Roshan,,No Face Detected in Test,0.1865532398223877,True,0.6,640x480,70,1,10,../dataset/Hrithik Roshan/Hrithik Roshan_61.jpg
Dwayne Johnson,Hrithik Roshan,,No Face Detected in Test,0.16168618202209473,True,0.6,640x480,70,1,10,../dataset/Hrithik Roshan/Hrithik Roshan_6.jpg
Dwayne Johnson,Hrithik Roshan,,No Match,0.22511792182922363,True,0.6,640x480,70,1,10,../dataset/Hrithik Roshan/Hrithik Roshan_30.jpg
Dwayne Johnson,Hrithik Roshan,Hrithik Roshan,Incorrect Match,0.24027657508850098,True,0.6,640x480,70,1,10,../dataset/Hrithik Roshan/Hrithik Roshan_63.jpg
Dwayne Johnson,Roger Federer,Roger Federer,Incorrect Match,0.3347494602203369,True,0.6,640x480,70,1,10,../dataset/Roger Federer/Roger Federer_17.jpg
Dwayne Johnson,Tom Cruise,,No Face Detected in Test,0.22603750228881836,True,0.6,640x480,70,1,10,../dataset/Tom Cruise/Tom Cruise_51.jpg
Dwayne Johnson,Tom Cruise,Tom Cruise,Incorrect Match,0.265824556350708,True,0.6,640x480,70,1,10,../dataset/Tom Cruise/Tom Cruise_48.jpg
Ellen Degeneres,Andy Samberg,Andy Samberg,Incorrect Match,0.19974136352539062,True,0.6,640x480,70,1,10,../dataset/Andy Samberg/Andy Samberg_63.jpg
Ellen Degeneres,Anushka Sharma,Anushka Sharma,Incorrect Match,0.17620158195495605,True,0.6,640x480,70,1,10,../dataset/Anushka Sharma/Anushka Sharma_19.jpg
Ellen Degeneres,Billie Eilish,Billie Eilish,Incorrect Match,0.20853424072265625,True,0.6,640x480,70,1,10,../dataset/Billie Eilish/Billie Eilish_88.jpg
Ellen Degeneres,Camila Cabello,Camila Cabello,Incorrect Match,0.20041251182556152,True,0.6,640x480,70,1,10,../dataset/Camila Cabello/Camila Cabello_55.jpg
Ellen Degeneres,Courtney Cox,,No Face Detected in Test,0.1799166202545166,True,0.6,640x480,70,1,10,../dataset/Courtney Cox/Courtney Cox_43.jpg
Ellen Degeneres,Courtney Cox,Courtney Cox,Incorrect Match,0.17827820777893066,True,0.6,640x480,70,1,10,../dataset/Courtney Cox/Courtney Cox_15.jpg
Ellen Degeneres,Dwayne Johnson,Dwayne Johnson,Incorrect Match,0.1781015396118164,True,0.6,640x480,70,1,10,../dataset/Dwayne Johnson/Dwayne Johnson_7.jpg
Ellen Degeneres,Ellen Degeneres,Ellen Degeneres,Correct Match,0.17627954483032227,True,0.6,640x480,70,1,10,../dataset/Ellen Degeneres/Ellen Degeneres_73.jpg
Ellen Degeneres,Hrithik Roshan,Hrithik Roshan,Incorrect Match,0.20694518089294434,True,0.6,640x480,70,1,10,../dataset/Hrithik Roshan/Hrithik Roshan_29.jpg
Ellen Degeneres,Roger Federer,Roger Federer,Incorrect Match,0.17025160789489746,True,0.6,640x480,70,1,10,../dataset/Roger Federer/Roger Federer_8.jpg
Ellen Degeneres,Tom Cruise,Tom Cruise,Incorrect Match,0.17963385581970215,True,0.6,640x480,70,1,10,../dataset/Tom Cruise/Tom Cruise_44.jpg
Hrithik Roshan,Andy Samberg,Andy Samberg,Incorrect Match,0.1757068634033203,True,0.6,640x480,70,1,10,../dataset/Andy Samberg/Andy Samberg_90.jpg
Hrithik Roshan,Anushka Sharma,,No Face Detected in Test,0.1548140048980713,True,0.6,640x480,70,1,10,../dataset/Anushka Sharma/Anushka Sharma_36.jpg
Hrithik Roshan,Anushka Sharma,,No Face Detected in Test,0.1454927921295166,True,0.6,640x480,70,1,10,../dataset/Anushka Sharma/Anushka Sharma_23.jpg
Hrithik Roshan,Anushka Sharma,,No Face Detected in Test,0.13640308380126953,True,0.6,640x480,70,1,10,../dataset/Anushka Sharma/Anushka Sharma_30.jpg
Hrithik Roshan,Anushka Sharma,Anushka Sharma,Incorrect Match,0.15414834022521973,True,0.6,640x480,70,1,10,../dataset/Anushka Sharma/Anushka Sharma_15.jpg
Hrithik Roshan,Billie Eilish,Billie Eilish,Incorrect Match,0.17435288429260254,True,0.6,640x480,70,1,10,../dataset/Billie Eilish/Billie Eilish_58.jpg
Hrithik Roshan,Camila Cabello,,No Face Detected in Test,0.15338134765625,True,0.6,640x480,70,1,10,../dataset/Camila Cabello/Camila Cabello_42.jpg
Hrithik Roshan,Camila Cabello,,No Face Detected in Test,0.13962125778198242,True,0.6,640x480,70,1,10,../dataset/Camila Cabello/Camila Cabello_57.jpg
Hrithik Roshan,Camila Cabello,Camila Cabello,Incorrect Match,0.15311479568481445,True,0.6,640x480,70,1,10,../dataset/Camila Cabello/Camila Cabello_28.jpg
Hrithik Roshan,Courtney Cox,,No Face Detected in Test,0.148329496383667,True,0.6,640x480,70,1,10,../dataset/Courtney Cox/Courtney Cox_68.jpg
Hrithik Roshan,Courtney Cox,Courtney Cox,Incorrect Match,0.16292285919189453,True,0.6,640x480,70,1,10,../dataset/Courtney Cox/Courtney Cox_37.jpg
Hrithik Roshan,Dwayne Johnson,Dwayne Johnson,Incorrect Match,0.16982078552246094,True,0.6,640x480,70,1,10,../dataset/Dwayne Johnson/Dwayne Johnson_14.jpg
Hrithik Roshan,Ellen Degeneres,Ellen Degeneres,Incorrect Match,0.16359853744506836,True,0.6,640x480,70,1,10,../dataset/Ellen Degeneres/Ellen Degeneres_29.jpg
Hrithik Roshan,Hrithik Roshan,Hrithik Roshan,Correct Match,0.17148923873901367,True,0.6,640x480,70,1,10,../dataset/Hrithik Roshan/Hrithik Roshan_24.jpg
Hrithik Roshan,Roger Federer,Roger Federer,Incorrect Match,0.17137479782104492,True,0.6,640x480,70,1,10,../dataset/Roger Federer/Roger Federer_58.jpg
Hrithik Roshan,Tom Cruise,,No Face Detected in Test,0.14748382568359375,True,0.6,640x480,70,1,10,../dataset/Tom Cruise/Tom Cruise_2.jpg
Hrithik Roshan,Tom Cruise,Tom Cruise,Incorrect Match,0.1617729663848877,True,0.6,640x480,70,1,10,../dataset/Tom Cruise/Tom Cruise_46.jpg
Roger Federer,Andy Samberg,,No Face Detected in Test,0.15127968788146973,True,0.6,640x480,70,1,10,../dataset/Andy Samberg/Andy Samberg_9.jpg
Roger Federer,Andy Samberg,,No Face Detected in Test,0.14276695251464844,True,0.6,640x480,70,1,10,../dataset/Andy Samberg/Andy Samberg_43.jpg
Roger Federer,Andy Samberg,Andy Samberg,Incorrect Match,0.1554112434387207,True,0.6,640x480,70,1,10,../dataset/Andy Samberg/Andy Samberg_44.jpg
Roger Federer,Anushka Sharma,,No Face Detected in Test,0.1491227149963379,True,0.6,640x480,70,1,10,../dataset/Anushka Sharma/Anushka Sharma_33.jpg
Roger Federer,Anushka Sharma,Anushka Sharma,Incorrect Match,0.16039824485778809,True,0.6,640x480,70,1,10,../dataset/Anushka Sharma/Anushka Sharma_41.jpg
Roger Federer,Billie Eilish,,No Match,0.1759347915649414,True,0.6,640x480,70,1,10,../dataset/Billie Eilish/Billie Eilish_59.jpg
Roger Federer,Billie Eilish,Billie Eilish,Incorrect Match,0.20837020874023438,True,0.6,640x480,70,1,10,../dataset/Billie Eilish/Billie Eilish_57.jpg
Roger Federer,Camila Cabello,Camila Cabello,Incorrect Match,0.1830918788909912,True,0.6,640x480,70,1,10,../dataset/Camila Cabello/Camila Cabello_47.jpg
Roger Federer,Courtney Cox,Courtney Cox,Incorrect Match,0.16349339485168457,True,0.6,640x480,70,1,10,../dataset/Courtney Cox/Courtney Cox_34.jpg
Roger Federer,Dwayne Johnson,Dwayne Johnson,Incorrect Match,0.16955280303955078,True,0.6,640x480,70,1,10,../dataset/Dwayne Johnson/Dwayne Johnson_1.jpg
Roger Federer,Ellen Degeneres,Ellen Degeneres,Incorrect Match,0.17337322235107422,True,0.6,640x480,70,1,10,../dataset/Ellen Degeneres/Ellen Degeneres_34.jpg
Roger Federer,Hrithik Roshan,,No Face Detected in Test,0.15208840370178223,True,0.6,640x480,70,1,10,../dataset/Hrithik Roshan/Hrithik Roshan_37.jpg
Roger Federer,Hrithik Roshan,,No Face Detected in Test,0.14378929138183594,True,0.6,640x480,70,1,10,../dataset/Hrithik Roshan/Hrithik Roshan_23.jpg
Roger Federer,Hrithik Roshan,,No Match,0.1557292938232422,True,0.6,640x480,70,1,10,../dataset/Hrithik Roshan/Hrithik Roshan_76.jpg
Roger Federer,Hrithik Roshan,,No Match,0.19719600677490234,True,0.6,640x480,70,1,10,../dataset/Hrithik Roshan/Hrithik Roshan_81.jpg
Roger Federer,Hrithik Roshan,,No Face Detected in Test,0.19258904457092285,True,0.6,640x480,70,1,10,../dataset/Hrithik Roshan/Hrithik Roshan_85.jpg
Roger Federer,Hrithik Roshan,,No Match,0.17650771141052246,True,0.6,640x480,70,1,10,../dataset/Hrithik Roshan/Hrithik Roshan_2.jpg
Roger Federer,Hrithik Roshan,,No Face Detected in Test,0.22214341163635254,True,0.6,640x480,70,1,10,../dataset/Hrithik Roshan/Hrithik Roshan_97.jpg
Roger Federer,Hrithik Roshan,,No Match,0.18538689613342285,True,0.6,640x480,70,1,10,../dataset/Hrithik Roshan/Hrithik Roshan_70.jpg
Roger Federer,Hrithik Roshan,Hrithik Roshan,Incorrect Match,0.21235227584838867,True,0.6,640x480,70,1,10,../dataset/Hrithik Roshan/Hrithik Roshan_66.jpg
Roger Federer,Roger Federer,Roger Federer,Correct Match,0.18331146240234375,True,0.6,640x480,70,1,10,../dataset/Roger Federer/Roger Federer_7.jpg
Roger Federer,Tom Cruise,Tom Cruise,Incorrect Match,0.19451904296875,True,0.6,640x480,70,1,10,../dataset/Tom Cruise/Tom Cruise_20.jpg
Tom Cruise,Andy Samberg,,No Face Detected in Test,0.16389799118041992,True,0.6,640x480,70,1,10,../dataset/Andy Samberg/Andy Samberg_72.jpg
Tom Cruise,Andy Samberg,Andy Samberg,Incorrect Match,0.1726078987121582,True,0.6,640x480,70,1,10,../dataset/Andy Samberg/Andy Samberg_80.jpg
Tom Cruise,Anushka Sharma,,No Face Detected in Test,0.15102124214172363,True,0.6,640x480,70,1,10,../dataset/Anushka Sharma/Anushka Sharma_36.jpg
Tom Cruise,Anushka Sharma,Anushka Sharma,Incorrect Match,0.1670384407043457,True,0.6,640x480,70,1,10,../dataset/Anushka Sharma/Anushka Sharma_29.jpg
Tom Cruise,Billie Eilish,,No Face Detected in Test,0.14685440063476562,True,0.6,640x480,70,1,10,../dataset/Billie Eilish/Billie Eilish_52.jpg
Tom Cruise,Billie Eilish,Billie Eilish,Incorrect Match,0.1592884063720703,True,0.6,640x480,70,1,10,../dataset/Billie Eilish/Billie Eilish_90.jpg
Tom Cruise,Camila Cabello,,No Face Detected in Test,0.14492511749267578,True,0.6,640x480,70,1,10,../dataset/Camila Cabello/Camila Cabello_74.jpg
Tom Cruise,Camila Cabello,Camila Cabello,Incorrect Match,0.16385245323181152,True,0.6,640x480,70,1,10,../dataset/Camila Cabello/Camila Cabello_40.jpg
Tom Cruise,Courtney Cox,Courtney Cox,Incorrect Match,0.17131924629211426,True,0.6,640x480,70,1,10,../dataset/Courtney Cox/Courtney Cox_3.jpg
Tom Cruise,Dwayne Johnson,Dwayne Johnson,Incorrect Match,0.17562103271484375,True,0.6,640x480,70,1,10,../dataset/Dwayne Johnson/Dwayne Johnson_49.jpg
Tom Cruise,Ellen Degeneres,Courtney Cox,Incorrect Match,0.17424488067626953,True,0.6,640x480,70,1,10,../dataset/Ellen Degeneres/Ellen Degeneres_4.jpg
Tom Cruise,Hrithik Roshan,Hrithik Roshan,Incorrect Match,0.17596793174743652,True,0.6,640x480,70,1,10,../dataset/Hrithik Roshan/Hrithik Roshan_53.jpg
Tom Cruise,Roger Federer,Roger Federer,Incorrect Match,0.1801309585571289,True,0.6,640x480,70,1,10,../dataset/Roger Federer/Roger Federer_16.jpg
Tom Cruise,Tom Cruise,Tom Cruise,Correct Match,0.17489385604858398,True,0.6,640x480,70,1,10,../dataset/Tom Cruise/Tom Cruise_48.jpg
Andy Samberg,Andy Samberg,Andy Samberg,Correct Match,0.14050507545471191,True,0.7,240x160,70,1,10,../dataset/Andy Samberg/Andy Samberg_30.jpg
Andy Samberg,Anushka Sharma,Anushka Sharma,Incorrect Match,0.05265355110168457,True,0.7,240x160,70,1,10,../dataset/Anushka Sharma/Anushka Sharma_32.jpg
Andy Samberg,Billie Eilish,,No Face Detected in Test,0.02403545379638672,True,0.7,240x160,70,1,10,../dataset/Billie Eilish/Billie Eilish_92.jpg
Andy Samberg,Billie Eilish,,No Face Detected in Test,0.024288177490234375,True,0.7,240x160,70,1,10,../dataset/Billie Eilish/Billie Eilish_70.jpg
Andy Samberg,Billie Eilish,Billie Eilish,Incorrect Match,0.0522310733795166,True,0.7,240x160,70,1,10,../dataset/Billie Eilish/Billie Eilish_95.jpg
Andy Samberg,Camila Cabello,Anushka Sharma,Incorrect Match,0.05341315269470215,True,0.7,240x160,70,1,10,../dataset/Camila Cabello/Camila Cabello_63.jpg
Andy Samberg,Courtney Cox,Billie Eilish,Incorrect Match,0.10059952735900879,True,0.7,240x160,70,1,10,../dataset/Courtney Cox/Courtney Cox_75.jpg
Andy Samberg,Dwayne Johnson,Dwayne Johnson,Incorrect Match,0.07803463935852051,True,0.7,240x160,70,1,10,../dataset/Dwayne Johnson/Dwayne Johnson_44.jpg
Andy Samberg,Ellen Degeneres,Courtney Cox,Incorrect Match,0.06332612037658691,True,0.7,240x160,70,1,10,../dataset/Ellen Degeneres/Ellen Degeneres_65.jpg
Andy Samberg,Hrithik Roshan,,No Face Detected in Test,0.02758955955505371,True,0.7,240x160,70,1,10,../dataset/Hrithik Roshan/Hrithik Roshan_32.jpg
Andy Samberg,Hrithik Roshan,Hrithik Roshan,Incorrect Match,0.05458688735961914,True,0.7,240x160,70,1,10,../dataset/Hrithik Roshan/Hrithik Roshan_24.jpg
Andy Samberg,Roger Federer,Hrithik Roshan,Incorrect Match,0.06293225288391113,True,0.7,240x160,70,1,10,../dataset/Roger Federer/Roger Federer_66.jpg
Andy Samberg,Tom Cruise,Andy Samberg,Incorrect Match,0.09375643730163574,True,0.7,240x160,70,1,10,../dataset/Tom Cruise/Tom Cruise_40.jpg
Anushka Sharma,Andy Samberg,Andy Samberg,Incorrect Match,0.07457470893859863,True,0.7,240x160,70,1,10,../dataset/Andy Samberg/Andy Samberg_66.jpg
Anushka Sharma,Anushka Sharma,,No Face Detected in Test,0.024816274642944336,True,0.7,240x160,70,1,10,../dataset/Anushka Sharma/Anushka Sharma_18.jpg
Anushka Sharma,Anushka Sharma,Anushka Sharma,Correct Match,0.09445381164550781,True,0.7,240x160,70,1,10,../dataset/Anushka Sharma/Anushka Sharma_57.jpg
Anushka Sharma,Billie Eilish,Billie Eilish,Incorrect Match,0.05356645584106445,True,0.7,240x160,70,1,10,../dataset/Billie Eilish/Billie Eilish_62.jpg
Anushka Sharma,Camila Cabello,Anushka Sharma,Incorrect Match,0.057019710540771484,True,0.7,240x160,70,1,10,../dataset/Camila Cabello/Camila Cabello_79.jpg
Anushka Sharma,Courtney Cox,,No Face Detected in Test,0.024190187454223633,True,0.7,240x160,70,1,10,../dataset/Courtney Cox/Courtney Cox_53.jpg
Anushka Sharma,Courtney Cox,,No Face Detected in Test,0.024126529693603516,True,0.7,240x160,70,1,10,../dataset/Courtney Cox/Courtney Cox_50.jpg
Anushka Sharma,Courtney Cox,,No Face Detected in Test,0.025610685348510742,True,0.7,240x160,70,1,10,../dataset/Courtney Cox/Courtney Cox_79.jpg
Anushka Sharma,Courtney Cox,Courtney Cox,Incorrect Match,0.05116724967956543,True,0.7,240x160,70,1,10,../dataset/Courtney Cox/Courtney Cox_54.jpg
Anushka Sharma,Dwayne Johnson,Dwayne Johnson,Incorrect Match,0.059879302978515625,True,0.7,240x160,70,1,10,../dataset/Dwayne Johnson/Dwayne Johnson_23.jpg
Anushka Sharma,Ellen Degeneres,Courtney Cox,Incorrect Match,0.05553007125854492,True,0.7,240x160,70,1,10,../dataset/Ellen Degeneres/Ellen Degeneres_64.jpg
Anushka Sharma,Hrithik Roshan,Hrithik Roshan,Incorrect Match,0.06888484954833984,True,0.7,240x160,70,1,10,../dataset/Hrithik Roshan/Hrithik Roshan_55.jpg
Anushka Sharma,Roger Federer,Roger Federer,Incorrect Match,0.06268501281738281,True,0.7,240x160,70,1,10,../dataset/Roger Federer/Roger Federer_35.jpg
Anushka Sharma,Tom Cruise,Andy Samberg,Incorrect Match,0.04819083213806152,True,0.7,240x160,70,1,10,../dataset/Tom Cruise/Tom Cruise_19.jpg
Billie Eilish,Andy Samberg,Andy Samberg,Incorrect Match,0.05435657501220703,True,0.7,240x160,70,1,10,../dataset/Andy Samberg/Andy Samberg_28.jpg
Billie Eilish,Anushka Sharma,Anushka Sharma,Incorrect Match,0.04575657844543457,True,0.7,240x160,70,1,10,../dataset/Anushka Sharma/Anushka Sharma_15.jpg
Billie Eilish,Billie Eilish,Anushka Sharma,Incorrect Match,0.04944109916687012,True,0.7,240x160,70,1,10,../dataset/Billie Eilish/Billie Eilish_88.jpg
Billie Eilish,Camila Cabello,,No Face Detected in Test,0.017803430557250977,True,0.7,240x160,70,1,10,../dataset/Camila Cabello/Camila Cabello_10.jpg
Billie Eilish,Camila Cabello,Anushka Sharma,Incorrect Match,0.04074239730834961,True,0.7,240x160,70,1,10,../dataset/Camila Cabello/Camila Cabello_54.jpg
Billie Eilish,Courtney Cox,,No Face Detected in Test,0.019781827926635742,True,0.7,240x160,70,1,10,../dataset/Courtney Cox/Courtney Cox_21.jpg
Billie Eilish,Courtney Cox,Courtney Cox,Incorrect Match,0.04262733459472656,True,0.7,240x160,70,1,10,../dataset/Courtney Cox/Courtney Cox_48.jpg
Billie Eilish,Dwayne Johnson,,No Face Detected in Test,0.02255845069885254,True,0.7,240x160,70,1,10,../dataset/Dwayne Johnson/Dwayne Johnson_26.jpg
Billie Eilish,Dwayne Johnson,Dwayne Johnson,Incorrect Match,0.049096107482910156,True,0.7,240x160,70,1,10,../dataset/Dwayne Johnson/Dwayne Johnson_47.jpg
Billie Eilish,Ellen Degeneres,,No Face Detected in Test,0.020787954330444336,True,0.7,240x160,70,1,10,../dataset/Ellen Degeneres/Ellen Degeneres_58.jpg
Billie Eilish,Ellen Degeneres,,No Face Detected in Test,0.01816534996032715,True,0.7,240x160,70,1,10,../dataset/Ellen Degeneres/Ellen Degeneres_32.jpg
Billie Eilish,Ellen Degeneres,Ellen Degeneres,Incorrect Match,0.05031943321228027,True,0.7,240x160,70,1,10,../dataset/Ellen Degeneres/Ellen Degeneres_23.jpg
Billie Eilish,Hrithik Roshan,,No Face Detected in Test,0.020101070404052734,True,0.7,240x160,70,1,10,../dataset/Hrithik Roshan/Hrithik Roshan_41.jpg
Billie Eilish,Hrithik Roshan,Hrithik Roshan,Incorrect Match,0.0428769588470459,True,0.7,240x160,70,1,10,../dataset/Hrithik Roshan/Hrithik Roshan_9.jpg
Billie Eilish,Roger Federer,Hrithik Roshan,Incorrect Match,0.05080676078796387,True,0.7,240x160,70,1,10,../dataset/Roger Federer/Roger Federer_51.jpg
Billie Eilish,Tom Cruise,Tom Cruise,Incorrect Match,0.044190406799316406,True,0.7,240x160,70,1,10,../dataset/Tom Cruise/Tom Cruise_50.jpg
Camila Cabello,Andy Samberg,Andy Samberg,Incorrect Match,0.047551870346069336,True,0.7,240x160,70,1,10,../dataset/Andy Samberg/Andy Samberg_35.jpg
Camila Cabello,Anushka Sharma,Andy Samberg,Incorrect Match,0.04815673828125,True,0.7,240x160,70,1,10,../dataset/Anushka Sharma/Anushka Sharma_4.jpg
Camila Cabello,Billie Eilish,Anushka Sharma,Incorrect Match,0.046010732650756836,True,0.7,240x160,70,1,10,../dataset/Billie Eilish/Billie Eilish_88.jpg
Camila Cabello,Camila Cabello,,No Face Detected in Test,0.020565509796142578,True,0.7,240x160,70,1,10,../dataset/Camila Cabello/Camila Cabello_44.jpg
Camila Cabello,Camila Cabello,,No Face Detected in Test,0.02006363868713379,True,0.7,240x160,70,1,10,../dataset/Camila Cabello/Camila Cabello_45.jpg
Camila Cabello,Camila Cabello,Anushka Sharma,Incorrect Match,0.042696237564086914,True,0.7,240x160,70,1,10,../dataset/Camila Cabello/Camila Cabello_62.jpg
Camila Cabello,Courtney Cox,Billie Eilish,Incorrect Match,0.0466001033782959,True,0.7,240x160,70,1,10,../dataset/Courtney Cox/Courtney Cox_38.jpg
Camila Cabello,Dwayne Johnson,Dwayne Johnson,Incorrect Match,0.04389333724975586,True,0.7,240x160,70,1,10,../dataset/Dwayne Johnson/Dwayne Johnson_41.jpg
Camila Cabello,Ellen Degeneres,Courtney Cox,Incorrect Match,0.0455319881439209,True,0.7,240x160,70,1,10,../dataset/Ellen Degeneres/Ellen Degeneres_21.jpg
Camila Cabello,Hrithik Roshan,Hrithik Roshan,Incorrect Match,0.04644441604614258,True,0.7,240x160,70,1,10,../dataset/Hrithik Roshan/Hrithik Roshan_94.jpg
Camila Cabello,Roger Federer,Hrithik Roshan,Incorrect Match,0.046927452087402344,True,0.7,240x160,70,1,10,../dataset/Roger Federer/Roger Federer_33.jpg
Camila Cabello,Tom Cruise,Andy Samberg,Incorrect Match,0.0466458797454834,True,0.7,240x160,70,1,10,../dataset/Tom Cruise/Tom Cruise_52.jpg
Courtney Cox,Andy Samberg,,No Face Detected in Test,0.02643299102783203,True,0.7,240x160,70,1,10,../dataset/Andy Samberg/Andy Samberg_53.jpg
Courtney Cox,Andy Samberg,Andy Samberg,Incorrect Match,0.044164180755615234,True,0.7,240x160,70,1,10,../dataset/Andy Samberg/Andy Samberg_32.jpg
Courtney Cox,Anushka Sharma,,No Face Detected in Test,0.02154231071472168,True,0.7,240x160,70,1,10,../dataset/Anushka Sharma/Anushka Sharma_20.jpg
Courtney Cox,Anushka Sharma,Anushka Sharma,Incorrect Match,0.046440839767456055,True,0.7,240x160,70,1,10,../dataset/Anushka Sharma/Anushka Sharma_2.jpg
Courtney Cox,Billie Eilish,Billie Eilish,Incorrect Match,0.04968905448913574,True,0.7,240x160,70,1,10,../dataset/Billie Eilish/Billie Eilish_82.jpg
Courtney Cox,Camila Cabello,Camila Cabello,Incorrect Match,0.04587888717651367,True,0.7,240x160,70,1,10,../dataset/Camila Cabello/Camila Cabello_41.jpg
Courtney Cox,Courtney Cox,,No Face Detected in Test,0.019724607467651367,True,0.7,240x160,70,1,10,../dataset/Courtney Cox/Courtney Cox_5.jpg
Courtney Cox,Courtney Cox,,No Face Detected in Test,0.018136978149414062,True,0.7,240x160,70,1,10,../dataset/Courtney Cox/Courtney Cox_67.jpg
Courtney Cox,Courtney Cox,Camila Cabello,Incorrect Match,0.0397188663482666,True,0.7,240x160,70,1,10,../dataset/Courtney Cox/Courtney Cox_27.jpg
Courtney Cox,Dwayne Johnson,Dwayne Johnson,Incorrect Match,0.04411053657531738,True,0.7,240x160,70,1,10,../dataset/Dwayne Johnson/Dwayne Johnson_44.jpg
Courtney Cox,Ellen Degeneres,Ellen Degeneres,Incorrect Match,0.04811692237854004,True,0.7,240x160,70,1,10,../dataset/Ellen Degeneres/Ellen Degeneres_67.jpg
Courtney Cox,Hrithik Roshan,Hrithik Roshan,Incorrect Match,0.05111122131347656,True,0.7,240x160,70,1,10,../dataset/Hrithik Roshan/Hrithik Roshan_80.jpg
Courtney Cox,Roger Federer,,No Face Detected in Test,0.021036624908447266,True,0.7,240x160,70,1,10,../dataset/Roger Federer/Roger Federer_58.jpg
Courtney Cox,Roger Federer,,No Face Detected in Test,0.01988363265991211,True,0.7,240x160,70,1,10,../dataset/Roger Federer/Roger Federer_28.jpg
Courtney Cox,Roger Federer,,No Face Detected in Test,0.019488096237182617,True,0.7,240x160,70,1,10,../dataset/Roger Federer/Roger Federer_19.jpg
Courtney Cox,Roger Federer,,No Face Detected in Test,0.01811051368713379,True,0.7,240x160,70,1,10,../dataset/Roger Federer/Roger Federer_75.jpg
Courtney Cox,Roger Federer,,No Face Detected in Test,0.017601966857910156,True,0.7,240x160,70,1,10,../dataset/Roger Federer/Roger Federer_21.jpg
Courtney Cox,Roger Federer,Roger Federer,Incorrect Match,0.041672706604003906,True,0.7,240x160,70,1,10,../dataset/Roger Federer/Roger Federer_27.jpg
Courtney Cox,Tom Cruise,Andy Samberg,Incorrect Match,0.04355192184448242,True,0.7,240x160,70,1,10,../dataset/Tom Cruise/Tom Cruise_49.jpg
Dwayne Johnson,Andy Samberg,Andy Samberg,Incorrect Match,0.0489194393157959,True,0.7,240x160,70,1,10,../dataset/Andy Samberg/Andy Samberg_42.jpg
Dwayne Johnson,Anushka Sharma,,No Face Detected in Test,0.02245044708251953,True,0.7,240x160,70,1,10,../dataset/Anushka Sharma/Anushka Sharma_14.jpg
Dwayne Johnson,Anushka Sharma,,No Face Detected in Test,0.020151853561401367,True,0.7,240x160,70,1,10,../dataset/Anushka Sharma/Anushka Sharma_30.jpg
Dwayne Johnson,Anushka Sharma,Anushka Sharma,Incorrect Match,0.04382491111755371,True,0.7,240x160,70,1,10,../dataset/Anushka Sharma/Anushka Sharma_7.jpg
Dwayne Johnson,Billie Eilish,Billie Eilish,Incorrect Match,0.045780181884765625,True,0.7,240x160,70,1,10,../dataset/Billie Eilish/Billie Eilish_71.jpg
Dwayne Johnson,Camila Cabello,Anushka Sharma,Incorrect Match,0.04900860786437988,True,0.7,240x160,70,1,10,../dataset/Camila Cabello/Camila Cabello_66.jpg
Dwayne Johnson,Courtney Cox,Courtney Cox,Incorrect Match,0.04529261589050293,True,0.7,240x160,70,1,10,../dataset/Courtney Cox/Courtney Cox_62.jpg
Dwayne Johnson,Dwayne Johnson,,No Face Detected in Test,0.02001023292541504,True,0.7,240x160,70,1,10,../dataset/Dwayne Johnson/Dwayne Johnson_11.jpg
Dwayne Johnson,Dwayne Johnson,Dwayne Johnson,Correct Match,0.04242277145385742,True,0.7,240x160,70,1,10,../dataset/Dwayne Johnson/Dwayne Johnson_31.jpg
Dwayne Johnson,Ellen Degeneres,,No Face Detected in Test,0.02081608772277832,True,0.7,240x160,70,1,10,../dataset/Ellen Degeneres/Ellen Degeneres_40.jpg
Dwayne Johnson,Ellen Degeneres,Courtney Cox,Incorrect Match,0.042971134185791016,True,0.7,240x160,70,1,10,../dataset/Ellen Degeneres/Ellen Degeneres_15.jpg
Dwayne Johnson,Hrithik Roshan,,No Face Detected in Test,0.02080225944519043,True,0.7,240x160,70,1,10,../dataset/Hrithik Roshan/Hrithik Roshan_28.jpg
Dwayne Johnson,Hrithik Roshan,Hrithik Roshan,Incorrect Match,0.04232382774353027,True,0.7,240x160,70,1,10,../dataset/Hrithik Roshan/Hrithik Roshan_94.jpg
Dwayne Johnson,Roger Federer,Roger Federer,Incorrect Match,0.04488348960876465,True,0.7,240x160,70,1,10,../dataset/Roger Federer/Roger Federer_12.jpg
Dwayne Johnson,Tom Cruise,,No Face Detected in Test,0.021536827087402344,True,0.7,240x160,70,1,10,../dataset/Tom Cruise/Tom Cruise_33.jpg
Dwayne Johnson,Tom Cruise,,No Face Detected in Test,0.020551443099975586,True,0.7,240x160,70,1,10,../dataset/Tom Cruise/Tom Cruise_38.jpg
Dwayne Johnson,Tom Cruise,,No Face Detected in Test,0.019945144653320312,True,0.7,240x160,70,1,10,../dataset/Tom Cruise/Tom Cruise_41.jpg
Dwayne Johnson,Tom Cruise,Andy Samberg,Incorrect Match,0.04346632957458496,True,0.7,240x160,70,1,10,../dataset/Tom Cruise/Tom Cruise_9.jpg
Ellen Degeneres,Andy Samberg,Andy Samberg,Incorrect Match,0.04355335235595703,True,0.7,240x160,70,1,10,../dataset/Andy Samberg/Andy Samberg_24.jpg
Ellen Degeneres,Anushka Sharma,Anushka Sharma,Incorrect Match,0.04924154281616211,True,0.7,240x160,70,1,10,../dataset/Anushka Sharma/Anushka Sharma_42.jpg
Ellen Degeneres,Billie Eilish,Billie Eilish,Incorrect Match,0.0482630729675293,True,0.7,240x160,70,1,10,../dataset/Billie Eilish/Billie Eilish_69.jpg
Ellen Degeneres,Camila Cabello,Anushka Sharma,Incorrect Match,0.04981112480163574,True,0.7,240x160,70,1,10,../dataset/Camila Cabello/Camila Cabello_62.jpg
Ellen Degeneres,Courtney Cox,,No Face Detected in Test,0.021316051483154297,True,0.7,240x160,70,1,10,../dataset/Courtney Cox/Courtney Cox_3.jpg
Ellen Degeneres,Courtney Cox,,No Face Detected in Test,0.02084493637084961,True,0.7,240x160,70,1,10,../dataset/Courtney Cox/Courtney Cox_76.jpg
Ellen Degeneres,Courtney Cox,,No Face Detected in Test,0.020237207412719727,True,0.7,240x160,70,1,10,../dataset/Courtney Cox/Courtney Cox_30.jpg
Ellen Degeneres,Courtney Cox,Courtney Cox,Incorrect Match,0.042374610900878906,True,0.7,240x160,70,1,10,../dataset/Courtney Cox/Courtney Cox_18.jpg
Ellen Degeneres,Dwayne Johnson,Dwayne Johnson,Incorrect Match,0.042861223220825195,True,0.7,240x160,70,1,10,../dataset/Dwayne Johnson/Dwayne Johnson_13.jpg
Ellen Degeneres,Ellen Degeneres,Courtney Cox,Incorrect Match,0.04785633087158203,True,0.7,240x160,70,1,10,../dataset/Ellen Degeneres/Ellen Degeneres_65.jpg
Ellen Degeneres,Hrithik Roshan,Hrithik Roshan,Incorrect Match,0.045083045959472656,True,0.7,240x160,70,1,10,../dataset/Hrithik Roshan/Hrithik Roshan_24.jpg
Ellen Degeneres,Roger Federer,Roger Federer,Incorrect Match,0.04494333267211914,True,0.7,240x160,70,1,10,../dataset/Roger Federer/Roger Federer_15.jpg
Ellen Degeneres,Tom Cruise,,No Face Detected in Test,0.021839141845703125,True,0.7,240x160,70,1,10,../dataset/Tom Cruise/Tom Cruise_27.jpg
Ellen Degeneres,Tom Cruise,Andy Samberg,Incorrect Match,0.043393850326538086,True,0.7,240x160,70,1,10,../dataset/Tom Cruise/Tom Cruise_21.jpg
Hrithik Roshan,Andy Samberg,,No Face Detected in Test,0.018286466598510742,True,0.7,240x160,70,1,10,../dataset/Andy Samberg/Andy Samberg_38.jpg
Hrithik Roshan,Andy Samberg,Andy Samberg,Incorrect Match,0.03855133056640625,True,0.7,240x160,70,1,10,../dataset/Andy Samberg/Andy Samberg_83.jpg
Hrithik Roshan,Anushka Sharma,Anushka Sharma,Incorrect Match,0.043312788009643555,True,0.7,240x160,70,1,10,../dataset/Anushka Sharma/Anushka Sharma_24.jpg
Hrithik Roshan,Billie Eilish,,No Face Detected in Test,0.019466638565063477,True,0.7,240x160,70,1,10,../dataset/Billie Eilish/Billie Eilish_45.jpg
Hrithik Roshan,Billie Eilish,,No Face Detected in Test,0.018791913986206055,True,0.7,240x160,70,1,10,../dataset/Billie Eilish/Billie Eilish_2.jpg
Hrithik Roshan,Billie Eilish,,No Face Detected in Test,0.0178835391998291,True,0.7,240x160,70,1,10,../dataset/Billie Eilish/Billie Eilish_40.jpg
Hrithik Roshan,Billie Eilish,Anushka Sharma,Incorrect Match,0.03911852836608887,True,0.7,240x160,70,1,10,../dataset/Billie Eilish/Billie Eilish_64.jpg
Hrithik Roshan,Camila Cabello,,No Face Detected in Test,0.01953577995300293,True,0.7,240x160,70,1,10,../dataset/Camila Cabello/Camila Cabello_22.jpg
Hrithik Roshan,Camila Cabello,Anushka Sharma,Incorrect Match,0.041588783264160156,True,0.7,240x160,70,1,10,../dataset/Camila Cabello/Camila Cabello_38.jpg
Hrithik Roshan,Courtney Cox,Courtney Cox,Incorrect Match,0.04359006881713867,True,0.7,240x160,70,1,10,../dataset/Courtney Cox/Courtney Cox_62.jpg
Hrithik Roshan,Dwayne Johnson,Dwayne Johnson,Incorrect Match,0.044348716735839844,True,0.7,240x160,70,1,10,../dataset/Dwayne Johnson/Dwayne Johnson_7.jpg
Hrithik Roshan,Ellen Degeneres,Courtney Cox,Incorrect Match,0.046828269958496094,True,0.7,240x160,70,1,10,../dataset/Ellen Degeneres/Ellen Degeneres_4.jpg
Hrithik Roshan,Hrithik Roshan,Hrithik Roshan,Correct Match,0.040904998779296875,True,0.7,240x160,70,1,10,../dataset/Hrithik Roshan/Hrithik Roshan_50.jpg
Hrithik Roshan,Roger Federer,,No Face Detected in Test,0.019325971603393555,True,0.7,240x160,70,1,10,../dataset/Roger Federer/Roger Federer_1.jpg
Hrithik Roshan,Roger Federer,Roger Federer,Incorrect Match,0.04245734214782715,True,0.7,240x160,70,1,10,../dataset/Roger Federer/Roger Federer_35.jpg
Hrithik Roshan,Tom Cruise,Andy Samberg,Incorrect Match,0.043953895568847656,True,0.7,240x160,70,1,10,../dataset/Tom Cruise/Tom Cruise_24.jpg
Roger Federer,Andy Samberg,Andy Samberg,Incorrect Match,0.04465985298156738,True,0.7,240x160,70,1,10,../dataset/Andy Samberg/Andy Samberg_44.jpg
Roger Federer,Anushka Sharma,Anushka Sharma,Incorrect Match,0.04664254188537598,True,0.7,240x160,70,1,10,../dataset/Anushka Sharma/Anushka Sharma_50.jpg
Roger Federer,Billie Eilish,Anushka Sharma,Incorrect Match,0.057155609130859375,True,0.7,240x160,70,1,10,../dataset/Billie Eilish/Billie Eilish_88.jpg
Roger Federer,Camila Cabello,Anushka Sharma,Incorrect Match,0.04458284378051758,True,0.7,240x160,70,1,10,../dataset/Camila Cabello/Camila Cabello_23.jpg
Roger Federer,Courtney Cox,Courtney Cox,Incorrect Match,0.04823732376098633,True,0.7,240x160,70,1,10,../dataset/Courtney Cox/Courtney Cox_63.jpg
Roger Federer,Dwayne Johnson,Dwayne Johnson,Incorrect Match,0.04837369918823242,True,0.7,240x160,70,1,10,../dataset/Dwayne Johnson/Dwayne Johnson_57.jpg
Roger Federer,Ellen Degeneres,Courtney Cox,Incorrect Match,0.04529404640197754,True,0.7,240x160,70,1,10,../dataset/Ellen Degeneres/Ellen Degeneres_5.jpg
Roger Federer,Hrithik Roshan,Hrithik Roshan,Incorrect Match,0.0527501106262207,True,0.7,240x160,70,1,10,../dataset/Hrithik Roshan/Hrithik Roshan_29.jpg
Roger Federer,Roger Federer,Roger Federer,Correct Match,0.04196810722351074,True,0.7,240x160,70,1,10,../dataset/Roger Federer/Roger Federer_32.jpg
Roger Federer,Tom Cruise,Andy Samberg,Incorrect Match,0.045691490173339844,True,0.7,240x160,70,1,10,../dataset/Tom Cruise/Tom Cruise_35.jpg
Tom Cruise,Andy Samberg,,No Face Detected in Test,0.020613908767700195,True,0.7,240x160,70,1,10,../dataset/Andy Samberg/Andy Samberg_60.jpg
Tom Cruise,Andy Samberg,Andy Samberg,Incorrect Match,0.04737710952758789,True,0.7,240x160,70,1,10,../dataset/Andy Samberg/Andy Samberg_45.jpg
Tom Cruise,Anushka Sharma,Anushka Sharma,Incorrect Match,0.04441571235656738,True,0.7,240x160,70,1,10,../dataset/Anushka Sharma/Anushka Sharma_8.jpg
Tom Cruise,Billie Eilish,Billie Eilish,Incorrect Match,0.0476071834564209,True,0.7,240x160,70,1,10,../dataset/Billie Eilish/Billie Eilish_49.jpg
Tom Cruise,Camila Cabello,,No Face Detected in Test,0.019997358322143555,True,0.7,240x160,70,1,10,../dataset/Camila Cabello/Camila Cabello_7.jpg
Tom Cruise,Camila Cabello,,No Face Detected in Test,0.021748781204223633,True,0.7,240x160,70,1,10,../dataset/Camila Cabello/Camila Cabello_31.jpg
Tom Cruise,Camila Cabello,,No Face Detected in Test,0.029186010360717773,True,0.7,240x160,70,1,10,../dataset/Camila Cabello/Camila Cabello_22.jpg
Tom Cruise,Camila Cabello,,No Face Detected in Test,0.020773887634277344,True,0.7,240x160,70,1,10,../dataset/Camila Cabello/Camila Cabello_39.jpg
Tom Cruise,Camila Cabello,,No Face Detected in Test,0.019963741302490234,True,0.7,240x160,70,1,10,../dataset/Camila Cabello/Camila Cabello_73.jpg
Tom Cruise,Camila Cabello,Camila Cabello,Incorrect Match,0.04369306564331055,True,0.7,240x160,70,1,10,../dataset/Camila Cabello/Camila Cabello_47.jpg
Tom Cruise,Courtney Cox,,No Face Detected in Test,0.01926565170288086,True,0.7,240x160,70,1,10,../dataset/Courtney Cox/Courtney Cox_41.jpg
Tom Cruise,Courtney Cox,Billie Eilish,Incorrect Match,0.04478573799133301,True,0.7,240x160,70,1,10,../dataset/Courtney Cox/Courtney Cox_19.jpg
Tom Cruise,Dwayne Johnson,,No Face Detected in Test,0.02001190185546875,True,0.7,240x160,70,1,10,../dataset/Dwayne Johnson/Dwayne Johnson_10.jpg
Tom Cruise,Dwayne Johnson,Dwayne Johnson,Incorrect Match,0.04284334182739258,True,0.7,240x160,70,1,10,../dataset/Dwayne Johnson/Dwayne Johnson_34.jpg
Tom Cruise,Ellen Degeneres,,No Face Detected in Test,0.020177841186523438,True,0.7,240x160,70,1,10,../dataset/Ellen Degeneres/Ellen Degeneres_14.jpg
Tom Cruise,Ellen Degeneres,Courtney Cox,Incorrect Match,0.04435300827026367,True,0.7,240x160,70,1,10,../dataset/Ellen Degeneres/Ellen Degeneres_53.jpg
Tom Cruise,Hrithik Roshan,Hrithik Roshan,Incorrect Match,0.04399847984313965,True,0.7,240x160,70,1,10,../dataset/Hrithik Roshan/Hrithik Roshan_80.jpg
Tom Cruise,Roger Federer,Hrithik Roshan,Incorrect Match,0.0444180965423584,True,0.7,240x160,70,1,10,../dataset/Roger Federer/Roger Federer_49.jpg
Tom Cruise,Tom Cruise,,No Face Detected in Test,0.021492481231689453,True,0.7,240x160,70,1,10,../dataset/Tom Cruise/Tom Cruise_30.jpg
Tom Cruise,Tom Cruise,Andy Samberg,Incorrect Match,0.04553508758544922,True,0.7,240x160,70,1,10,../dataset/Tom Cruise/Tom Cruise_44.jpg
Andy Samberg,Andy Samberg,Andy Samberg,Correct Match,0.1173248291015625,True,0.7,320x240,70,1,10,../dataset/Andy Samberg/Andy Samberg_41.jpg
Andy Samberg,Anushka Sharma,Anushka Sharma,Incorrect Match,0.07886099815368652,True,0.7,320x240,70,1,10,../dataset/Anushka Sharma/Anushka Sharma_42.jpg
Andy Samberg,Billie Eilish,Billie Eilish,Incorrect Match,0.0802762508392334,True,0.7,320x240,70,1,10,../dataset/Billie Eilish/Billie Eilish_39.jpg
Andy Samberg,Camila Cabello,Anushka Sharma,Incorrect Match,0.07927680015563965,True,0.7,320x240,70,1,10,../dataset/Camila Cabello/Camila Cabello_47.jpg
Andy Samberg,Courtney Cox,,No Face Detected in Test,0.04982876777648926,True,0.7,320x240,70,1,10,../dataset/Courtney Cox/Courtney Cox_13.jpg
Andy Samberg,Courtney Cox,,No Face Detected in Test,0.04616975784301758,True,0.7,320x240,70,1,10,../dataset/Courtney Cox/Courtney Cox_55.jpg
Andy Samberg,Courtney Cox,,No Face Detected in Test,0.04390525817871094,True,0.7,320x240,70,1,10,../dataset/Courtney Cox/Courtney Cox_68.jpg
Andy Samberg,Courtney Cox,,No Face Detected in Test,0.04171919822692871,True,0.7,320x240,70,1,10,../dataset/Courtney Cox/Courtney Cox_14.jpg
Andy Samberg,Courtney Cox,Courtney Cox,Incorrect Match,0.06330251693725586,True,0.7,320x240,70,1,10,../dataset/Courtney Cox/Courtney Cox_64.jpg
Andy Samberg,Dwayne Johnson,Dwayne Johnson,Incorrect Match,0.06454944610595703,True,0.7,320x240,70,1,10,../dataset/Dwayne Johnson/Dwayne Johnson_28.jpg
Andy Samberg,Ellen Degeneres,,No Face Detected in Test,0.03936910629272461,True,0.7,320x240,70,1,10,../dataset/Ellen Degeneres/Ellen Degeneres_22.jpg
Andy Samberg,Ellen Degeneres,Courtney Cox,Incorrect Match,0.06353211402893066,True,0.7,320x240,70,1,10,../dataset/Ellen Degeneres/Ellen Degeneres_63.jpg
Andy Samberg,Hrithik Roshan,,No Face Detected in Test,0.043786048889160156,True,0.7,320x240,70,1,10,../dataset/Hrithik Roshan/Hrithik Roshan_88.jpg
Andy Samberg,Hrithik Roshan,,No Face Detected in Test,0.050788164138793945,True,0.7,320x240,70,1,10,../dataset/Hrithik Roshan/Hrithik Roshan_93.jpg
Andy Samberg,Hrithik Roshan,Hrithik Roshan,Incorrect Match,0.09665441513061523,True,0.7,320x240,70,1,10,../dataset/Hrithik Roshan/Hrithik Roshan_43.jpg
Andy Samberg,Roger Federer,Roger Federer,Incorrect Match,0.11435914039611816,True,0.7,320x240,70,1,10,../dataset/Roger Federer/Roger Federer_17.jpg
Andy Samberg,Tom Cruise,,No Face Detected in Test,0.0487675666809082,True,0.7,320x240,70,1,10,../dataset/Tom Cruise/Tom Cruise_36.jpg
Andy Samberg,Tom Cruise,Andy Samberg,Incorrect Match,0.0832664966583252,True,0.7,320x240,70,1,10,../dataset/Tom Cruise/Tom Cruise_8.jpg
Anushka Sharma,Andy Samberg,Andy Samberg,Incorrect Match,0.08716869354248047,True,0.7,320x240,70,1,10,../dataset/Andy Samberg/Andy Samberg_51.jpg
Anushka Sharma,Anushka Sharma,Anushka Sharma,Correct Match,0.10764884948730469,True,0.7,320x240,70,1,10,../dataset/Anushka Sharma/Anushka Sharma_67.jpg
Anushka Sharma,Billie Eilish,Billie Eilish,Incorrect Match,0.11520671844482422,True,0.7,320x240,70,1,10,../dataset/Billie Eilish/Billie Eilish_29.jpg
Anushka Sharma,Camila Cabello,,No Face Detected in Test,0.05106997489929199,True,0.7,320x240,70,1,10,../dataset/Camila Cabello/Camila Cabello_11.jpg
Anushka Sharma,Camila Cabello,Camila Cabello,Incorrect Match,0.06197834014892578,True,0.7,320x240,70,1,10,../dataset/Camila Cabello/Camila Cabello_41.jpg
Anushka Sharma,Courtney Cox,,No Face Detected in Test,0.04072070121765137,True,0.7,320x240,70,1,10,../dataset/Courtney Cox/Courtney Cox_5.jpg
Anushka Sharma,Courtney Cox,,No Face Detected in Test,0.039267539978027344,True,0.7,320x240,70,1,10,../dataset/Courtney Cox/Courtney Cox_30.jpg
Anushka Sharma,Courtney Cox,Camila Cabello,Incorrect Match,0.05924081802368164,True,0.7,320x240,70,1,10,../dataset/Courtney Cox/Courtney Cox_16.jpg
Anushka Sharma,Dwayne Johnson,Dwayne Johnson,Incorrect Match,0.07992959022521973,True,0.7,320x240,70,1,10,../dataset/Dwayne Johnson/Dwayne Johnson_27.jpg
Anushka Sharma,Ellen Degeneres,Courtney Cox,Incorrect Match,0.07291197776794434,True,0.7,320x240,70,1,10,../dataset/Ellen Degeneres/Ellen Degeneres_7.jpg
Anushka Sharma,Hrithik Roshan,,No Face Detected in Test,0.04959368705749512,True,0.7,320x240,70,1,10,../dataset/Hrithik Roshan/Hrithik Roshan_88.jpg
Anushka Sharma,Hrithik Roshan,Hrithik Roshan,Incorrect Match,0.09456443786621094,True,0.7,320x240,70,1,10,../dataset/Hrithik Roshan/Hrithik Roshan_51.jpg
Anushka Sharma,Roger Federer,Hrithik Roshan,Incorrect Match,0.08576512336730957,True,0.7,320x240,70,1,10,../dataset/Roger Federer/Roger Federer_46.jpg
Anushka Sharma,Tom Cruise,,No Face Detected in Test,0.047688961029052734,True,0.7,320x240,70,1,10,../dataset/Tom Cruise/Tom Cruise_42.jpg
Anushka Sharma,Tom Cruise,Andy Samberg,Incorrect Match,0.07091259956359863,True,0.7,320x240,70,1,10,../dataset/Tom Cruise/Tom Cruise_6.jpg
Billie Eilish,Andy Samberg,Andy Samberg,Incorrect Match,0.06642937660217285,True,0.7,320x240,70,1,10,../dataset/Andy Samberg/Andy Samberg_55.jpg
Billie Eilish,Anushka Sharma,,No Face Detected in Test,0.04578256607055664,True,0.7,320x240,70,1,10,../dataset/Anushka Sharma/Anushka Sharma_33.jpg
Billie Eilish,Anushka Sharma,Anushka Sharma,Incorrect Match,0.06626653671264648,True,0.7,320x240,70,1,10,../dataset/Anushka Sharma/Anushka Sharma_28.jpg
Billie Eilish,Billie Eilish,,No Face Detected in Test,0.038806915283203125,True,0.7,320x240,70,1,10,../dataset/Billie Eilish/Billie Eilish_80.jpg
Billie Eilish,Billie Eilish,Billie Eilish,Correct Match,0.05661630630493164,True,0.7,320x240,70,1,10,../dataset/Billie Eilish/Billie Eilish_31.jpg
Billie Eilish,Camila Cabello,,No Face Detected in Test,0.0577082633972168,True,0.7,320x240,70,1,10,../dataset/Camila Cabello/Camila Cabello_22.jpg
Billie Eilish,Camila Cabello,,No Face Detected in Test,0.04197525978088379,True,0.7,320x240,70,1,10,../dataset/Camila Cabello/Camila Cabello_74.jpg
Billie Eilish,Camila Cabello,Camila Cabello,Incorrect Match,0.06389164924621582,True,0.7,320x240,70,1,10,../dataset/Camila Cabello/Camila Cabello_44.jpg
Billie Eilish,Courtney Cox,,No Face Detected in Test,0.04190182685852051,True,0.7,320x240,70,1,10,../dataset/Courtney Cox/Courtney Cox_45.jpg
Billie Eilish,Courtney Cox,Courtney Cox,Incorrect Match,0.062081098556518555,True,0.7,320x240,70,1,10,../dataset/Courtney Cox/Courtney Cox_18.jpg
Billie Eilish,Dwayne Johnson,Dwayne Johnson,Incorrect Match,0.06815624237060547,True,0.7,320x240,70,1,10,../dataset/Dwayne Johnson/Dwayne Johnson_58.jpg
Billie Eilish,Ellen Degeneres,Anushka Sharma,Incorrect Match,0.06711053848266602,True,0.7,320x240,70,1,10,../dataset/Ellen Degeneres/Ellen Degeneres_14.jpg
Billie Eilish,Hrithik Roshan,Hrithik Roshan,Incorrect Match,0.07545876502990723,True,0.7,320x240,70,1,10,../dataset/Hrithik Roshan/Hrithik Roshan_10.jpg
Billie Eilish,Roger Federer,Hrithik Roshan,Incorrect Match,0.06635022163391113,True,0.7,320x240,70,1,10,../dataset/Roger Federer/Roger Federer_15.jpg
Billie Eilish,Tom Cruise,,No Face Detected in Test,0.0438234806060791,True,0.7,320x240,70,1,10,../dataset/Tom Cruise/Tom Cruise_41.jpg
Billie Eilish,Tom Cruise,,No Face Detected in Test,0.04110121726989746,True,0.7,320x240,70,1,10,../dataset/Tom Cruise/Tom Cruise_28.jpg
Billie Eilish,Tom Cruise,,No Face Detected in Test,0.039801597595214844,True,0.7,320x240,70,1,10,../dataset/Tom Cruise/Tom Cruise_11.jpg
Billie Eilish,Tom Cruise,Andy Samberg,Incorrect Match,0.05970954895019531,True,0.7,320x240,70,1,10,../dataset/Tom Cruise/Tom Cruise_24.jpg
Camila Cabello,Andy Samberg,Andy Samberg,Incorrect Match,0.06358170509338379,True,0.7,320x240,70,1,10,../dataset/Andy Samberg/Andy Samberg_59.jpg
Camila Cabello,Anushka Sharma,Anushka Sharma,Incorrect Match,0.06404256820678711,True,0.7,320x240,70,1,10,../dataset/Anushka Sharma/Anushka Sharma_64.jpg
Camila Cabello,Billie Eilish,,No Face Detected in Test,0.04162263870239258,True,0.7,320x240,70,1,10,../dataset/Billie Eilish/Billie Eilish_24.jpg
Camila Cabello,Billie Eilish,Billie Eilish,Incorrect Match,0.06108522415161133,True,0.7,320x240,70,1,10,../dataset/Billie Eilish/Billie Eilish_37.jpg
Camila Cabello,Camila Cabello,,No Face Detected in Test,0.03586602210998535,True,0.7,320x240,70,1,10,../dataset/Camila Cabello/Camila Cabello_10.jpg
Camila Cabello,Camila Cabello,,No Face Detected in Test,0.03530430793762207,True,0.7,320x240,70,1,10,../dataset/Camila Cabello/Camila Cabello_7.jpg
Camila Cabello,Camila Cabello,Anushka Sharma,Incorrect Match,0.05827188491821289,True,0.7,320x240,70,1,10,../dataset/Camila Cabello/Camila Cabello_45.jpg
Camila Cabello,Courtney Cox,,No Face Detected in Test,0.04082131385803223,True,0.7,320x240,70,1,10,../dataset/Courtney Cox/Courtney Cox_14.jpg
Camila Cabello,Courtney Cox,,No Face Detected in Test,0.03979849815368652,True,0.7,320x240,70,1,10,../dataset/Courtney Cox/Courtney Cox_30.jpg
Camila Cabello,Courtney Cox,Courtney Cox,Incorrect Match,0.059833526611328125,True,0.7,320x240,70,1,10,../dataset/Courtney Cox/Courtney Cox_38.jpg
Camila Cabello,Dwayne Johnson,Dwayne Johnson,Incorrect Match,0.0655984878540039,True,0.7,320x240,70,1,10,../dataset/Dwayne Johnson/Dwayne Johnson_51.jpg
Camila Cabello,Ellen Degeneres,Courtney Cox,Incorrect Match,0.06622791290283203,True,0.7,320x240,70,1,10,../dataset/Ellen Degeneres/Ellen Degeneres_45.jpg
Camila Cabello,Hrithik Roshan,Hrithik Roshan,Incorrect Match,0.06325006484985352,True,0.7,320x240,70,1,10,../dataset/Hrithik Roshan/Hrithik Roshan_86.jpg
Camila Cabello,Roger Federer,Hrithik Roshan,Incorrect Match,0.0671839714050293,True,0.7,320x240,70,1,10,../dataset/Roger Federer/Roger Federer_29.jpg
Camila Cabello,Tom Cruise,,No Face Detected in Test,0.04366445541381836,True,0.7,320x240,70,1,10,../dataset/Tom Cruise/Tom Cruise_13.jpg
Camila Cabello,Tom Cruise,,No Face Detected in Test,0.04044485092163086,True,0.7,320x240,70,1,10,../dataset/Tom Cruise/Tom Cruise_1.jpg
Camila Cabello,Tom Cruise,Andy Samberg,Incorrect Match,0.06062150001525879,True,0.7,320x240,70,1,10,../dataset/Tom Cruise/Tom Cruise_40.jpg
Courtney Cox,Andy Samberg,Andy Samberg,Incorrect Match,0.0646200180053711,True,0.7,320x240,70,1,10,../dataset/Andy Samberg/Andy Samberg_20.jpg
Courtney Cox,Anushka Sharma,,No Face Detected in Test,0.044843435287475586,True,0.7,320x240,70,1,10,../dataset/Anushka Sharma/Anushka Sharma_18.jpg
Courtney Cox,Anushka Sharma,Anushka Sharma,Incorrect Match,0.06512236595153809,True,0.7,320x240,70,1,10,../dataset/Anushka Sharma/Anushka Sharma_47.jpg
Courtney Cox,Billie Eilish,Billie Eilish,Incorrect Match,0.06409144401550293,True,0.7,320x240,70,1,10,../dataset/Billie Eilish/Billie Eilish_79.jpg
Courtney Cox,Camila Cabello,Anushka Sharma,Incorrect Match,0.06743764877319336,True,0.7,320x240,70,1,10,../dataset/Camila Cabello/Camila Cabello_55.jpg
Courtney Cox,Courtney Cox,Camila Cabello,Incorrect Match,0.0678248405456543,True,0.7,320x240,70,1,10,../dataset/Courtney Cox/Courtney Cox_77.jpg
Courtney Cox,Dwayne Johnson,,No Face Detected in Test,0.04364323616027832,True,0.7,320x240,70,1,10,../dataset/Dwayne Johnson/Dwayne Johnson_6.jpg
Courtney Cox,Dwayne Johnson,Dwayne Johnson,Incorrect Match,0.06375837326049805,True,0.7,320x240,70,1,10,../dataset/Dwayne Johnson/Dwayne Johnson_48.jpg
Courtney Cox,Ellen Degeneres,,No Face Detected in Test,0.04241633415222168,True,0.7,320x240,70,1,10,../dataset/Ellen Degeneres/Ellen Degeneres_51.jpg
Courtney Cox,Ellen Degeneres,Courtney Cox,Incorrect Match,0.06376242637634277,True,0.7,320x240,70,1,10,../dataset/Ellen Degeneres/Ellen Degeneres_34.jpg
Courtney Cox,Hrithik Roshan,Hrithik Roshan,Incorrect Match,0.06859970092773438,True,0.7,320x240,70,1,10,../dataset/Hrithik Roshan/Hrithik Roshan_64.jpg
Courtney Cox,Roger Federer,,No Face Detected in Test,0.04294180870056152,True,0.7,320x240,70,1,10,../dataset/Roger Federer/Roger Federer_19.jpg
Courtney Cox,Roger Federer,Roger Federer,Incorrect Match,0.06777501106262207,True,0.7,320x240,70,1,10,../dataset/Roger Federer/Roger Federer_47.jpg
Courtney Cox,Tom Cruise,,No Face Detected in Test,0.04372096061706543,True,0.7,320x240,70,1,10,../dataset/Tom Cruise/Tom Cruise_38.jpg
Courtney Cox,Tom Cruise,,No Face Detected in Test,0.04118609428405762,True,0.7,320x240,70,1,10,../dataset/Tom Cruise/Tom Cruise_3.jpg
Courtney Cox,Tom Cruise,,No Face Detected in Test,0.03862738609313965,True,0.7,320x240,70,1,10,../dataset/Tom Cruise/Tom Cruise_23.jpg
Courtney Cox,Tom Cruise,Tom Cruise,Incorrect Match,0.05715227127075195,True,0.7,320x240,70,1,10,../dataset/Tom Cruise/Tom Cruise_5.jpg
Dwayne Johnson,Andy Samberg,,No Face Detected in Test,0.04065585136413574,True,0.7,320x240,70,1,10,../dataset/Andy Samberg/Andy Samberg_8.jpg
Dwayne Johnson,Andy Samberg,,No Face Detected in Test,0.03954339027404785,True,0.7,320x240,70,1,10,../dataset/Andy Samberg/Andy Samberg_39.jpg
Dwayne Johnson,Andy Samberg,Andy Samberg,Incorrect Match,0.06093239784240723,True,0.7,320x240,70,1,10,../dataset/Andy Samberg/Andy Samberg_60.jpg
Dwayne Johnson,Anushka Sharma,Anushka Sharma,Incorrect Match,0.0675969123840332,True,0.7,320x240,70,1,10,../dataset/Anushka Sharma/Anushka Sharma_66.jpg
Dwayne Johnson,Billie Eilish,Anushka Sharma,Incorrect Match,0.06652617454528809,True,0.7,320x240,70,1,10,../dataset/Billie Eilish/Billie Eilish_54.jpg
Dwayne Johnson,Camila Cabello,,No Face Detected in Test,0.04327702522277832,True,0.7,320x240,70,1,10,../dataset/Camila Cabello/Camila Cabello_29.jpg
Dwayne Johnson,Camila Cabello,Anushka Sharma,Incorrect Match,0.06338214874267578,True,0.7,320x240,70,1,10,../dataset/Camila Cabello/Camila Cabello_42.jpg
Dwayne Johnson,Courtney Cox,,No Face Detected in Test,0.04280495643615723,True,0.7,320x240,70,1,10,../dataset/Courtney Cox/Courtney Cox_71.jpg
Dwayne Johnson,Courtney Cox,,No Face Detected in Test,0.04058194160461426,True,0.7,320x240,70,1,10,../dataset/Courtney Cox/Courtney Cox_59.jpg
Dwayne Johnson,Courtney Cox,,No Face Detected in Test,0.039151906967163086,True,0.7,320x240,70,1,10,../dataset/Courtney Cox/Courtney Cox_79.jpg
Dwayne Johnson,Courtney Cox,Camila Cabello,Incorrect Match,0.06050443649291992,True,0.7,320x240,70,1,10,../dataset/Courtney Cox/Courtney Cox_16.jpg
Dwayne Johnson,Dwayne Johnson,Dwayne Johnson,Correct Match,0.06792283058166504,True,0.7,320x240,70,1,10,../dataset/Dwayne Johnson/Dwayne Johnson_1.jpg
Dwayne Johnson,Ellen Degeneres,Courtney Cox,Incorrect Match,0.06684041023254395,True,0.7,320x240,70,1,10,../dataset/Ellen Degeneres/Ellen Degeneres_1.jpg
Dwayne Johnson,Hrithik Roshan,,No Face Detected in Test,0.04471468925476074,True,0.7,320x240,70,1,10,../dataset/Hrithik Roshan/Hrithik Roshan_79.jpg
Dwayne Johnson,Hrithik Roshan,,No Face Detected in Test,0.04223895072937012,True,0.7,320x240,70,1,10,../dataset/Hrithik Roshan/Hrithik Roshan_85.jpg
Dwayne Johnson,Hrithik Roshan,,No Face Detected in Test,0.04060196876525879,True,0.7,320x240,70,1,10,../dataset/Hrithik Roshan/Hrithik Roshan_69.jpg
Dwayne Johnson,Hrithik Roshan,Hrithik Roshan,Incorrect Match,0.06347393989562988,True,0.7,320x240,70,1,10,../dataset/Hrithik Roshan/Hrithik Roshan_40.jpg
Dwayne Johnson,Roger Federer,,No Face Detected in Test,0.03785419464111328,True,0.7,320x240,70,1,10,../dataset/Roger Federer/Roger Federer_8.jpg
Dwayne Johnson,Roger Federer,Hrithik Roshan,Incorrect Match,0.058579206466674805,True,0.7,320x240,70,1,10,../dataset/Roger Federer/Roger Federer_33.jpg
Dwayne Johnson,Tom Cruise,Andy Samberg,Incorrect Match,0.06575989723205566,True,0.7,320x240,70,1,10,../dataset/Tom Cruise/Tom Cruise_44.jpg
Ellen Degeneres,Andy Samberg,,No Face Detected in Test,0.04252815246582031,True,0.7,320x240,70,1,10,../dataset/Andy Samberg/Andy Samberg_65.jpg
Ellen Degeneres,Andy Samberg,,No Face Detected in Test,0.04114866256713867,True,0.7,320x240,70,1,10,../dataset/Andy Samberg/Andy Samberg_39.jpg
Ellen Degeneres,Andy Samberg,Andy Samberg,Incorrect Match,0.06210637092590332,True,0.7,320x240,70,1,10,../dataset/Andy Samberg/Andy Samberg_50.jpg
Ellen Degeneres,Anushka Sharma,Anushka Sharma,Incorrect Match,0.06786537170410156,True,0.7,320x240,70,1,10,../dataset/Anushka Sharma/Anushka Sharma_39.jpg
Ellen Degeneres,Billie Eilish,Billie Eilish,Incorrect Match,0.06113743782043457,True,0.7,320x240,70,1,10,../dataset/Billie Eilish/Billie Eilish_51.jpg
Ellen Degeneres,Camila Cabello,,No Face Detected in Test,0.04232978820800781,True,0.7,320x240,70,1,10,../dataset/Camila Cabello/Camila Cabello_33.jpg
Ellen Degeneres,Camila Cabello,,No Face Detected in Test,0.040970802307128906,True,0.7,320x240,70,1,10,../dataset/Camila Cabello/Camila Cabello_53.jpg
Ellen Degeneres,Camila Cabello,,No Face Detected in Test,0.0395205020904541,True,0.7,320x240,70,1,10,../dataset/Camila Cabello/Camila Cabello_83.jpg
Ellen Degeneres,Camila Cabello,Anushka Sharma,Incorrect Match,0.06136369705200195,True,0.7,320x240,70,1,10,../dataset/Camila Cabello/Camila Cabello_69.jpg
Ellen Degeneres,Courtney Cox,,No Face Detected in Test,0.041582345962524414,True,0.7,320x240,70,1,10,../dataset/Courtney Cox/Courtney Cox_3.jpg
Ellen Degeneres,Courtney Cox,,No Face Detected in Test,0.04012942314147949,True,0.7,320x240,70,1,10,../dataset/Courtney Cox/Courtney Cox_70.jpg
Ellen Degeneres,Courtney Cox,Courtney Cox,Incorrect Match,0.05917239189147949,True,0.7,320x240,70,1,10,../dataset/Courtney Cox/Courtney Cox_8.jpg
Ellen Degeneres,Dwayne Johnson,,No Face Detected in Test,0.04107999801635742,True,0.7,320x240,70,1,10,../dataset/Dwayne Johnson/Dwayne Johnson_38.jpg
Ellen Degeneres,Dwayne Johnson,Dwayne Johnson,Incorrect Match,0.06075739860534668,True,0.7,320x240,70,1,10,../dataset/Dwayne Johnson/Dwayne Johnson_33.jpg
Ellen Degeneres,Ellen Degeneres,Camila Cabello,Incorrect Match,0.07166361808776855,True,0.7,320x240,70,1,10,../dataset/Ellen Degeneres/Ellen Degeneres_4.jpg
Ellen Degeneres,Hrithik Roshan,Hrithik Roshan,Incorrect Match,0.06794071197509766,True,0.7,320x240,70,1,10,../dataset/Hrithik Roshan/Hrithik Roshan_29.jpg
Ellen Degeneres,Roger Federer,Roger Federer,Incorrect Match,0.1822972297668457,True,0.7,320x240,70,1,10,../dataset/Roger Federer/Roger Federer_25.jpg
Ellen Degeneres,Tom Cruise,Andy Samberg,Incorrect Match,0.0716238021850586,True,0.7,320x240,70,1,10,../dataset/Tom Cruise/Tom Cruise_6.jpg
Hrithik Roshan,Andy Samberg,Andy Samberg,Incorrect Match,0.06961989402770996,True,0.7,320x240,70,1,10,../dataset/Andy Samberg/Andy Samberg_53.jpg
Hrithik Roshan,Anushka Sharma,Anushka Sharma,Incorrect Match,0.07036256790161133,True,0.7,320x240,70,1,10,../dataset/Anushka Sharma/Anushka Sharma_7.jpg
Hrithik Roshan,Billie Eilish,Billie Eilish,Incorrect Match,0.0684201717376709,True,0.7,320x240,70,1,10,../dataset/Billie Eilish/Billie Eilish_59.jpg
Hrithik Roshan,Camila Cabello,,No Face Detected in Test,0.04243636131286621,True,0.7,320x240,70,1,10,../dataset/Camila Cabello/Camila Cabello_74.jpg
Hrithik Roshan,Camila Cabello,Anushka Sharma,Incorrect Match,0.0637059211730957,True,0.7,320x240,70,1,10,../dataset/Camila Cabello/Camila Cabello_70.jpg
Hrithik Roshan,Courtney Cox,,No Face Detected in Test,0.042862892150878906,True,0.7,320x240,70,1,10,../dataset/Courtney Cox/Courtney Cox_45.jpg
Hrithik Roshan,Courtney Cox,Courtney Cox,Incorrect Match,0.07563543319702148,True,0.7,320x240,70,1,10,../dataset/Courtney Cox/Courtney Cox_40.jpg
Hrithik Roshan,Dwayne Johnson,Dwayne Johnson,Incorrect Match,0.06751251220703125,True,0.7,320x240,70,1,10,../dataset/Dwayne Johnson/Dwayne Johnson_18.jpg
Hrithik Roshan,Ellen Degeneres,,No Face Detected in Test,0.04380297660827637,True,0.7,320x240,70,1,10,../dataset/Ellen Degeneres/Ellen Degeneres_20.jpg
Hrithik Roshan,Ellen Degeneres,Courtney Cox,Incorrect Match,0.06880688667297363,True,0.7,320x240,70,1,10,../dataset/Ellen Degeneres/Ellen Degeneres_69.jpg
Hrithik Roshan,Hrithik Roshan,,No Face Detected in Test,0.04266786575317383,True,0.7,320x240,70,1,10,../dataset/Hrithik Roshan/Hrithik Roshan_85.jpg
Hrithik Roshan,Hrithik Roshan,Hrithik Roshan,Correct Match,0.06528663635253906,True,0.7,320x240,70,1,10,../dataset/Hrithik Roshan/Hrithik Roshan_20.jpg
Hrithik Roshan,Roger Federer,Roger Federer,Incorrect Match,0.06553244590759277,True,0.7,320x240,70,1,10,../dataset/Roger Federer/Roger Federer_35.jpg
Hrithik Roshan,Tom Cruise,Tom Cruise,Incorrect Match,0.06531977653503418,True,0.7,320x240,70,1,10,../dataset/Tom Cruise/Tom Cruise_48.jpg
Roger Federer,Andy Samberg,,No Face Detected in Test,0.04461193084716797,True,0.7,320x240,70,1,10,../dataset/Andy Samberg/Andy Samberg_81.jpg
Roger Federer,Andy Samberg,Andy Samberg,Incorrect Match,0.06543922424316406,True,0.7,320x240,70,1,10,../dataset/Andy Samberg/Andy Samberg_12.jpg
Roger Federer,Anushka Sharma,,No Face Detected in Test,0.041362762451171875,True,0.7,320x240,70,1,10,../dataset/Anushka Sharma/Anushka Sharma_45.jpg
Roger Federer,Anushka Sharma,Anushka Sharma,Incorrect Match,0.06311273574829102,True,0.7,320x240,70,1,10,../dataset/Anushka Sharma/Anushka Sharma_37.jpg
Roger Federer,Billie Eilish,Billie Eilish,Incorrect Match,0.06792545318603516,True,0.7,320x240,70,1,10,../dataset/Billie Eilish/Billie Eilish_19.jpg
Roger Federer,Camila Cabello,Anushka Sharma,Incorrect Match,0.06538701057434082,True,0.7,320x240,70,1,10,../dataset/Camila Cabello/Camila Cabello_42.jpg
Roger Federer,Courtney Cox,Courtney Cox,Incorrect Match,0.07354307174682617,True,0.7,320x240,70,1,10,../dataset/Courtney Cox/Courtney Cox_18.jpg
Roger Federer,Dwayne Johnson,Dwayne Johnson,Incorrect Match,0.06568264961242676,True,0.7,320x240,70,1,10,../dataset/Dwayne Johnson/Dwayne Johnson_44.jpg
Roger Federer,Ellen Degeneres,,No Face Detected in Test,0.04253745079040527,True,0.7,320x240,70,1,10,../dataset/Ellen Degeneres/Ellen Degeneres_54.jpg
Roger Federer,Ellen Degeneres,Ellen Degeneres,Incorrect Match,0.05919384956359863,True,0.7,320x240,70,1,10,../dataset/Ellen Degeneres/Ellen Degeneres_29.jpg
Roger Federer,Hrithik Roshan,,No Face Detected in Test,0.04080367088317871,True,0.7,320x240,70,1,10,../dataset/Hrithik Roshan/Hrithik Roshan_75.jpg
Roger Federer,Hrithik Roshan,Hrithik Roshan,Incorrect Match,0.06515860557556152,True,0.7,320x240,70,1,10,../dataset/Hrithik Roshan/Hrithik Roshan_13.jpg
Roger Federer,Roger Federer,Roger Federer,Correct Match,0.06537461280822754,True,0.7,320x240,70,1,10,../dataset/Roger Federer/Roger Federer_2.jpg
Roger Federer,Tom Cruise,,No Face Detected in Test,0.04297661781311035,True,0.7,320x240,70,1,10,../dataset/Tom Cruise/Tom Cruise_36.jpg
Roger Federer,Tom Cruise,,No Face Detected in Test,0.041559696197509766,True,0.7,320x240,70,1,10,../dataset/Tom Cruise/Tom Cruise_30.jpg
Roger Federer,Tom Cruise,Andy Samberg,Incorrect Match,0.0648956298828125,True,0.7,320x240,70,1,10,../dataset/Tom Cruise/Tom Cruise_24.jpg
Tom Cruise,Andy Samberg,Andy Samberg,Incorrect Match,0.06995391845703125,True,0.7,320x240,70,1,10,../dataset/Andy Samberg/Andy Samberg_23.jpg
Tom Cruise,Anushka Sharma,Anushka Sharma,Incorrect Match,0.06432533264160156,True,0.7,320x240,70,1,10,../dataset/Anushka Sharma/Anushka Sharma_52.jpg
Tom Cruise,Billie Eilish,Anushka Sharma,Incorrect Match,0.0666651725769043,True,0.7,320x240,70,1,10,../dataset/Billie Eilish/Billie Eilish_13.jpg
Tom Cruise,Camila Cabello,Anushka Sharma,Incorrect Match,0.06607365608215332,True,0.7,320x240,70,1,10,../dataset/Camila Cabello/Camila Cabello_23.jpg
Tom Cruise,Courtney Cox,,No Face Detected in Test,0.04378771781921387,True,0.7,320x240,70,1,10,../dataset/Courtney Cox/Courtney Cox_32.jpg
Tom Cruise,Courtney Cox,,No Face Detected in Test,0.04250001907348633,True,0.7,320x240,70,1,10,../dataset/Courtney Cox/Courtney Cox_31.jpg
Tom Cruise,Courtney Cox,Anushka Sharma,Incorrect Match,0.06352615356445312,True,0.7,320x240,70,1,10,../dataset/Courtney Cox/Courtney Cox_50.jpg
Tom Cruise,Dwayne Johnson,Dwayne Johnson,Incorrect Match,0.0652773380279541,True,0.7,320x240,70,1,10,../dataset/Dwayne Johnson/Dwayne Johnson_47.jpg
Tom Cruise,Ellen Degeneres,Anushka Sharma,Incorrect Match,0.06295275688171387,True,0.7,320x240,70,1,10,../dataset/Ellen Degeneres/Ellen Degeneres_11.jpg
Tom Cruise,Hrithik Roshan,Hrithik Roshan,Incorrect Match,0.06610679626464844,True,0.7,320x240,70,1,10,../dataset/Hrithik Roshan/Hrithik Roshan_55.jpg
Tom Cruise,Roger Federer,Roger Federer,Incorrect Match,0.06293964385986328,True,0.7,320x240,70,1,10,../dataset/Roger Federer/Roger Federer_32.jpg
Tom Cruise,Tom Cruise,Tom Cruise,Correct Match,0.06418275833129883,True,0.7,320x240,70,1,10,../dataset/Tom Cruise/Tom Cruise_57.jpg
Andy Samberg,Andy Samberg,Andy Samberg,Correct Match,0.23906254768371582,True,0.7,640x480,70,1,10,../dataset/Andy Samberg/Andy Samberg_62.jpg
Andy Samberg,Anushka Sharma,,No Face Detected in Test,0.19181299209594727,True,0.7,640x480,70,1,10,../dataset/Anushka Sharma/Anushka Sharma_60.jpg
Andy Samberg,Anushka Sharma,Anushka Sharma,Incorrect Match,0.21706771850585938,True,0.7,640x480,70,1,10,../dataset/Anushka Sharma/Anushka Sharma_35.jpg
Andy Samberg,Billie Eilish,Billie Eilish,Incorrect Match,0.20649361610412598,True,0.7,640x480,70,1,10,../dataset/Billie Eilish/Billie Eilish_75.jpg
Andy Samberg,Camila Cabello,,No Face Detected in Test,0.15877866744995117,True,0.7,640x480,70,1,10,../dataset/Camila Cabello/Camila Cabello_20.jpg
Andy Samberg,Camila Cabello,,No Face Detected in Test,0.1566016674041748,True,0.7,640x480,70,1,10,../dataset/Camila Cabello/Camila Cabello_13.jpg
Andy Samberg,Camila Cabello,Anushka Sharma,Incorrect Match,0.20329570770263672,True,0.7,640x480,70,1,10,../dataset/Camila Cabello/Camila Cabello_56.jpg
Andy Samberg,Courtney Cox,Courtney Cox,Incorrect Match,0.2389383316040039,True,0.7,640x480,70,1,10,../dataset/Courtney Cox/Courtney Cox_3.jpg
Andy Samberg,Dwayne Johnson,Dwayne Johnson,Incorrect Match,0.24577069282531738,True,0.7,640x480,70,1,10,../dataset/Dwayne Johnson/Dwayne Johnson_43.jpg
Andy Samberg,Ellen Degeneres,Courtney Cox,Incorrect Match,0.25000667572021484,True,0.7,640x480,70,1,10,../dataset/Ellen Degeneres/Ellen Degeneres_8.jpg
Andy Samberg,Hrithik Roshan,Hrithik Roshan,Incorrect Match,0.18967413902282715,True,0.7,640x480,70,1,10,../dataset/Hrithik Roshan/Hrithik Roshan_79.jpg
Andy Samberg,Roger Federer,Roger Federer,Incorrect Match,0.17558741569519043,True,0.7,640x480,70,1,10,../dataset/Roger Federer/Roger Federer_4.jpg
Andy Samberg,Tom Cruise,,No Face Detected in Test,0.17178082466125488,True,0.7,640x480,70,1,10,../dataset/Tom Cruise/Tom Cruise_1.jpg
Andy Samberg,Tom Cruise,Tom Cruise,Incorrect Match,0.20013928413391113,True,0.7,640x480,70,1,10,../dataset/Tom Cruise/Tom Cruise_47.jpg
Anushka Sharma,Andy Samberg,,No Face Detected in Test,0.1702897548675537,True,0.7,640x480,70,1,10,../dataset/Andy Samberg/Andy Samberg_79.jpg
Anushka Sharma,Andy Samberg,Andy Samberg,Incorrect Match,0.17803287506103516,True,0.7,640x480,70,1,10,../dataset/Andy Samberg/Andy Samberg_16.jpg
Anushka Sharma,Anushka Sharma,Anushka Sharma,Correct Match,0.17378568649291992,True,0.7,640x480,70,1,10,../dataset/Anushka Sharma/Anushka Sharma_3.jpg
Anushka Sharma,Billie Eilish,Billie Eilish,Incorrect Match,0.18006062507629395,True,0.7,640x480,70,1,10,../dataset/Billie Eilish/Billie Eilish_93.jpg
Anushka Sharma,Camila Cabello,,No Face Detected in Test,0.14859414100646973,True,0.7,640x480,70,1,10,../dataset/Camila Cabello/Camila Cabello_12.jpg
Anushka Sharma,Camila Cabello,Anushka Sharma,Incorrect Match,0.1605219841003418,True,0.7,640x480,70,1,10,../dataset/Camila Cabello/Camila Cabello_17.jpg
Anushka Sharma,Courtney Cox,,No Face Detected in Test,0.15148019790649414,True,0.7,640x480,70,1,10,../dataset/Courtney Cox/Courtney Cox_61.jpg
Anushka Sharma,Courtney Cox,Camila Cabello,Incorrect Match,0.16234827041625977,True,0.7,640x480,70,1,10,../dataset/Courtney Cox/Courtney Cox_39.jpg
Anushka Sharma,Dwayne Johnson,Dwayne Johnson,Incorrect Match,0.16731905937194824,True,0.7,640x480,70,1,10,../dataset/Dwayne Johnson/Dwayne Johnson_54.jpg
Anushka Sharma,Ellen Degeneres,Courtney Cox,Incorrect Match,0.17609596252441406,True,0.7,640x480,70,1,10,../dataset/Ellen Degeneres/Ellen Degeneres_59.jpg
Anushka Sharma,Hrithik Roshan,,No Face Detected in Test,0.15299129486083984,True,0.7,640x480,70,1,10,../dataset/Hrithik Roshan/Hrithik Roshan_100.jpg
Anushka Sharma,Hrithik Roshan,Hrithik Roshan,Incorrect Match,0.16325616836547852,True,0.7,640x480,70,1,10,../dataset/Hrithik Roshan/Hrithik Roshan_2.jpg
Anushka Sharma,Roger Federer,Roger Federer,Incorrect Match,0.19120168685913086,True,0.7,640x480,70,1,10,../dataset/Roger Federer/Roger Federer_15.jpg
Anushka Sharma,Tom Cruise,Andy Samberg,Incorrect Match,0.18119239807128906,True,0.7,640x480,70,1,10,../dataset/Tom Cruise/Tom Cruise_21.jpg
Billie Eilish,Andy Samberg,Andy Samberg,Incorrect Match,0.17516255378723145,True,0.7,640x480,70,1,10,../dataset/Andy Samberg/Andy Samberg_6.jpg
Billie Eilish,Anushka Sharma,Anushka Sharma,Incorrect Match,0.17423033714294434,True,0.7,640x480,70,1,10,../dataset/Anushka Sharma/Anushka Sharma_10.jpg
Billie Eilish,Billie Eilish,Billie Eilish,Correct Match,0.17159318923950195,True,0.7,640x480,70,1,10,../dataset/Billie Eilish/Billie Eilish_40.jpg
Billie Eilish,Camila Cabello,Anushka Sharma,Incorrect Match,0.1704423427581787,True,0.7,640x480,70,1,10,../dataset/Camila Cabello/Camila Cabello_35.jpg
Billie Eilish,Courtney Cox,,No Face Detected in Test,0.16608643531799316,True,0.7,640x480,70,1,10,../dataset/Courtney Cox/Courtney Cox_23.jpg
Billie Eilish,Courtney Cox,Courtney Cox,Incorrect Match,0.1684248447418213,True,0.7,640x480,70,1,10,../dataset/Courtney Cox/Courtney Cox_48.jpg
Billie Eilish,Dwayne Johnson,Dwayne Johnson,Incorrect Match,0.1717519760131836,True,0.7,640x480,70,1,10,../dataset/Dwayne Johnson/Dwayne Johnson_7.jpg
Billie Eilish,Ellen Degeneres,,No Face Detected in Test,0.15010619163513184,True,0.7,640x480,70,1,10,../dataset/Ellen Degeneres/Ellen Degeneres_72.jpg
Billie Eilish,Ellen Degeneres,,No Face Detected in Test,0.13994956016540527,True,0.7,640x480,70,1,10,../dataset/Ellen Degeneres/Ellen Degeneres_20.jpg
Billie Eilish,Ellen Degeneres,,No Face Detected in Test,0.12777304649353027,True,0.7,640x480,70,1,10,../dataset/Ellen Degeneres/Ellen Degeneres_32.jpg
Billie Eilish,Ellen Degeneres,Courtney Cox,Incorrect Match,0.14828038215637207,True,0.7,640x480,70,1,10,../dataset/Ellen Degeneres/Ellen Degeneres_11.jpg
Billie Eilish,Hrithik Roshan,Hrithik Roshan,Incorrect Match,0.1876845359802246,True,0.7,640x480,70,1,10,../dataset/Hrithik Roshan/Hrithik Roshan_19.jpg
Billie Eilish,Roger Federer,Roger Federer,Incorrect Match,0.19805288314819336,True,0.7,640x480,70,1,10,../dataset/Roger Federer/Roger Federer_15.jpg
Billie Eilish,Tom Cruise,,No Face Detected in Test,0.15573525428771973,True,0.7,640x480,70,1,10,../dataset/Tom Cruise/Tom Cruise_29.jpg
Billie Eilish,Tom Cruise,Andy Samberg,Incorrect Match,0.18163418769836426,True,0.7,640x480,70,1,10,../dataset/Tom Cruise/Tom Cruise_7.jpg
Camila Cabello,Andy Samberg,Andy Samberg,Incorrect Match,0.18531417846679688,True,0.7,640x480,70,1,10,../dataset/Andy Samberg/Andy Samberg_11.jpg
Camila Cabello,Anushka Sharma,,No Face Detected in Test,0.15459036827087402,True,0.7,640x480,70,1,10,../dataset/Anushka Sharma/Anushka Sharma_49.jpg
Camila Cabello,Anushka Sharma,Anushka Sharma,Incorrect Match,0.1653919219970703,True,0.7,640x480,70,1,10,../dataset/Anushka Sharma/Anushka Sharma_35.jpg
Camila Cabello,Billie Eilish,,No Face Detected in Test,0.1427624225616455,True,0.7,640x480,70,1,10,../dataset/Billie Eilish/Billie Eilish_66.jpg
Camila Cabello,Billie Eilish,,No Face Detected in Test,0.12983465194702148,True,0.7,640x480,70,1,10,../dataset/Billie Eilish/Billie Eilish_96.jpg
Camila Cabello,Billie Eilish,Billie Eilish,Incorrect Match,0.15289044380187988,True,0.7,640x480,70,1,10,../dataset/Billie Eilish/Billie Eilish_46.jpg
Camila Cabello,Camila Cabello,,No Face Detected in Test,0.1431286334991455,True,0.7,640x480,70,1,10,../dataset/Camila Cabello/Camila Cabello_11.jpg
Camila Cabello,Camila Cabello,Anushka Sharma,Incorrect Match,0.15620136260986328,True,0.7,640x480,70,1,10,../dataset/Camila Cabello/Camila Cabello_62.jpg
Camila Cabello,Courtney Cox,,No Face Detected in Test,0.14921975135803223,True,0.7,640x480,70,1,10,../dataset/Courtney Cox/Courtney Cox_68.jpg
Camila Cabello,Courtney Cox,,No Face Detected in Test,0.1406393051147461,True,0.7,640x480,70,1,10,../dataset/Courtney Cox/Courtney Cox_2.jpg
Camila Cabello,Courtney Cox,Courtney Cox,Incorrect Match,0.15607047080993652,True,0.7,640x480,70,1,10,../dataset/Courtney Cox/Courtney Cox_47.jpg
Camila Cabello,Dwayne Johnson,Dwayne Johnson,Incorrect Match,0.17000794410705566,True,0.7,640x480,70,1,10,../dataset/Dwayne Johnson/Dwayne Johnson_27.jpg
Camila Cabello,Ellen Degeneres,Anushka Sharma,Incorrect Match,0.19915342330932617,True,0.7,640x480,70,1,10,../dataset/Ellen Degeneres/Ellen Degeneres_61.jpg
Camila Cabello,Hrithik Roshan,Hrithik Roshan,Incorrect Match,0.1782703399658203,True,0.7,640x480,70,1,10,../dataset/Hrithik Roshan/Hrithik Roshan_63.jpg
Camila Cabello,Roger Federer,Roger Federer,Incorrect Match,0.17560815811157227,True,0.7,640x480,70,1,10,../dataset/Roger Federer/Roger Federer_53.jpg
Camila Cabello,Tom Cruise,Andy Samberg,Incorrect Match,0.1606917381286621,True,0.7,640x480,70,1,10,../dataset/Tom Cruise/Tom Cruise_45.jpg
Courtney Cox,Andy Samberg,Andy Samberg,Incorrect Match,0.17480158805847168,True,0.7,640x480,70,1,10,../dataset/Andy Samberg/Andy Samberg_35.jpg
Courtney Cox,Anushka Sharma,,No Face Detected in Test,0.15340161323547363,True,0.7,640x480,70,1,10,../dataset/Anushka Sharma/Anushka Sharma_6.jpg
Courtney Cox,Anushka Sharma,Anushka Sharma,Incorrect Match,0.1922454833984375,True,0.7,640x480,70,1,10,../dataset/Anushka Sharma/Anushka Sharma_43.jpg
Courtney Cox,Billie Eilish,Anushka Sharma,Incorrect Match,0.1753683090209961,True,0.7,640x480,70,1,10,../dataset/Billie Eilish/Billie Eilish_57.jpg
Courtney Cox,Camila Cabello,Anushka Sharma,Incorrect Match,0.17284750938415527,True,0.7,640x480,70,1,10,../dataset/Camila Cabello/Camila Cabello_23.jpg
Courtney Cox,Courtney Cox,Courtney Cox,Correct Match,0.1860523223876953,True,0.7,640x480,70,1,10,../dataset/Courtney Cox/Courtney Cox_28.jpg
Courtney Cox,Dwayne Johnson,Dwayne Johnson,Incorrect Match,0.17740821838378906,True,0.7,640x480,70,1,10,../dataset/Dwayne Johnson/Dwayne Johnson_43.jpg
Courtney Cox,Ellen Degeneres,Courtney Cox,Incorrect Match,0.17419695854187012,True,0.7,640x480,70,1,10,../dataset/Ellen Degeneres/Ellen Degeneres_41.jpg
Courtney Cox,Hrithik Roshan,Hrithik Roshan,Incorrect Match,0.17824673652648926,True,0.7,640x480,70,1,10,../dataset/Hrithik Roshan/Hrithik Roshan_58.jpg
Courtney Cox,Roger Federer,Hrithik Roshan,Incorrect Match,0.1839144229888916,True,0.7,640x480,70,1,10,../dataset/Roger Federer/Roger Federer_58.jpg
Courtney Cox,Tom Cruise,,No Face Detected in Test,0.1523754596710205,True,0.7,640x480,70,1,10,../dataset/Tom Cruise/Tom Cruise_18.jpg
Courtney Cox,Tom Cruise,Tom Cruise,Incorrect Match,0.1646740436553955,True,0.7,640x480,70,1,10,../dataset/Tom Cruise/Tom Cruise_55.jpg
Dwayne Johnson,Andy Samberg,,No Face Detected in Test,0.15077662467956543,True,0.7,640x480,70,1,10,../dataset/Andy Samberg/Andy Samberg_72.jpg
Dwayne Johnson,Andy Samberg,Andy Samberg,Incorrect Match,0.16301512718200684,True,0.7,640x480,70,1,10,../dataset/Andy Samberg/Andy Samberg_45.jpg
Dwayne Johnson,Anushka Sharma,Anushka Sharma,Incorrect Match,0.17197203636169434,True,0.7,640x480,70,1,10,../dataset/Anushka Sharma/Anushka Sharma_47.jpg
Dwayne Johnson,Billie Eilish,,No Face Detected in Test,0.15067458152770996,True,0.7,640x480,70,1,10,../dataset/Billie Eilish/Billie Eilish_32.jpg
Dwayne Johnson,Billie Eilish,Anushka Sharma,Incorrect Match,0.16159677505493164,True,0.7,640x480,70,1,10,../dataset/Billie Eilish/Billie Eilish_64.jpg
Dwayne Johnson,Camila Cabello,Camila Cabello,Incorrect Match,0.17332983016967773,True,0.7,640x480,70,1,10,../dataset/Camila Cabello/Camila Cabello_44.jpg
Dwayne Johnson,Courtney Cox,Courtney Cox,Incorrect Match,0.17332839965820312,True,0.7,640x480,70,1,10,../dataset/Courtney Cox/Courtney Cox_75.jpg
Dwayne Johnson,Dwayne Johnson,Dwayne Johnson,Correct Match,0.17968463897705078,True,0.7,640x480,70,1,10,../dataset/Dwayne Johnson/Dwayne Johnson_52.jpg
Dwayne Johnson,Ellen Degeneres,Courtney Cox,Incorrect Match,0.17991232872009277,True,0.7,640x480,70,1,10,../dataset/Ellen Degeneres/Ellen Degeneres_17.jpg
Dwayne Johnson,Hrithik Roshan,Hrithik Roshan,Incorrect Match,0.22063708305358887,True,0.7,640x480,70,1,10,../dataset/Hrithik Roshan/Hrithik Roshan_67.jpg
Dwayne Johnson,Roger Federer,Roger Federer,Incorrect Match,0.18309926986694336,True,0.7,640x480,70,1,10,../dataset/Roger Federer/Roger Federer_2.jpg
Dwayne Johnson,Tom Cruise,Andy Samberg,Incorrect Match,0.18160581588745117,True,0.7,640x480,70,1,10,../dataset/Tom Cruise/Tom Cruise_16.jpg
Ellen Degeneres,Andy Samberg,Andy Samberg,Incorrect Match,0.1740567684173584,True,0.7,640x480,70,1,10,../dataset/Andy Samberg/Andy Samberg_25.jpg
Ellen Degeneres,Anushka Sharma,Anushka Sharma,Incorrect Match,0.1727735996246338,True,0.7,640x480,70,1,10,../dataset/Anushka Sharma/Anushka Sharma_8.jpg
Ellen Degeneres,Billie Eilish,Billie Eilish,Incorrect Match,0.1726226806640625,True,0.7,640x480,70,1,10,../dataset/Billie Eilish/Billie Eilish_59.jpg
Ellen Degeneres,Camila Cabello,,No Face Detected in Test,0.1472334861755371,True,0.7,640x480,70,1,10,../dataset/Camila Cabello/Camila Cabello_36.jpg
Ellen Degeneres,Camila Cabello,,No Face Detected in Test,0.13693928718566895,True,0.7,640x480,70,1,10,../dataset/Camila Cabello/Camila Cabello_64.jpg
Ellen Degeneres,Camila Cabello,,No Face Detected in Test,0.13113975524902344,True,0.7,640x480,70,1,10,../dataset/Camila Cabello/Camila Cabello_2.jpg
Ellen Degeneres,Camila Cabello,,No Face Detected in Test,0.1293022632598877,True,0.7,640x480,70,1,10,../dataset/Camila Cabello/Camila Cabello_30.jpg
Ellen Degeneres,Camila Cabello,,No Face Detected in Test,0.12784862518310547,True,0.7,640x480,70,1,10,../dataset/Camila Cabello/Camila Cabello_27.jpg
Ellen Degeneres,Camila Cabello,Anushka Sharma,Incorrect Match,0.1578512191772461,True,0.7,640x480,70,1,10,../dataset/Camila Cabello/Camila Cabello_79.jpg
Ellen Degeneres,Courtney Cox,,No Face Detected in Test,0.14588665962219238,True,0.7,640x480,70,1,10,../dataset/Courtney Cox/Courtney Cox_30.jpg
Ellen Degeneres,Courtney Cox,Camila Cabello,Incorrect Match,0.15999746322631836,True,0.7,640x480,70,1,10,../dataset/Courtney Cox/Courtney Cox_11.jpg
Ellen Degeneres,Dwayne Johnson,Dwayne Johnson,Incorrect Match,0.17195963859558105,True,0.7,640x480,70,1,10,../dataset/Dwayne Johnson/Dwayne Johnson_12.jpg
Ellen Degeneres,Ellen Degeneres,Courtney Cox,Incorrect Match,0.18364524841308594,True,0.7,640x480,70,1,10,../dataset/Ellen Degeneres/Ellen Degeneres_62.jpg
Ellen Degeneres,Hrithik Roshan,Hrithik Roshan,Incorrect Match,0.24538779258728027,True,0.7,640x480,70,1,10,../dataset/Hrithik Roshan/Hrithik Roshan_79.jpg
Ellen Degeneres,Roger Federer,Roger Federer,Incorrect Match,0.1867363452911377,True,0.7,640x480,70,1,10,../dataset/Roger Federer/Roger Federer_2.jpg
Ellen Degeneres,Tom Cruise,Andy Samberg,Incorrect Match,0.19620108604431152,True,0.7,640x480,70,1,10,../dataset/Tom Cruise/Tom Cruise_25.jpg
Hrithik Roshan,Andy Samberg,Andy Samberg,Incorrect Match,0.1778857707977295,True,0.7,640x480,70,1,10,../dataset/Andy Samberg/Andy Samberg_88.jpg
Hrithik Roshan,Anushka Sharma,Anushka Sharma,Incorrect Match,0.17956042289733887,True,0.7,640x480,70,1,10,../dataset/Anushka Sharma/Anushka Sharma_65.jpg
Hrithik Roshan,Billie Eilish,Billie Eilish,Incorrect Match,0.1743907928466797,True,0.7,640x480,70,1,10,../dataset/Billie Eilish/Billie Eilish_79.jpg
Hrithik Roshan,Camila Cabello,,No Face Detected in Test,0.1466383934020996,True,0.7,640x480,70,1,10,../dataset/Camila Cabello/Camila Cabello_8.jpg
Hrithik Roshan,Camila Cabello,,No Face Detected in Test,0.1427903175354004,True,0.7,640x480,70,1,10,../dataset/Camila Cabello/Camila Cabello_84.jpg
Hrithik Roshan,Camila Cabello,Anushka Sharma,Incorrect Match,0.20859813690185547,True,0.7,640x480,70,1,10,../dataset/Camila Cabello/Camila Cabello_47.jpg
Hrithik Roshan,Courtney Cox,Anushka Sharma,Incorrect Match,0.23427224159240723,True,0.7,640x480,70,1,10,../dataset/Courtney Cox/Courtney Cox_37.jpg
Hrithik Roshan,Dwayne Johnson,Dwayne Johnson,Incorrect Match,0.24923062324523926,True,0.7,640x480,70,1,10,../dataset/Dwayne Johnson/Dwayne Johnson_35.jpg
Hrithik Roshan,Ellen Degeneres,Courtney Cox,Incorrect Match,0.2581911087036133,True,0.7,640x480,70,1,10,../dataset/Ellen Degeneres/Ellen Degeneres_63.jpg
Hrithik Roshan,Hrithik Roshan,Hrithik Roshan,Correct Match,0.22988152503967285,True,0.7,640x480,70,1,10,../dataset/Hrithik Roshan/Hrithik Roshan_21.jpg
Hrithik Roshan,Roger Federer,Hrithik Roshan,Incorrect Match,0.19295263290405273,True,0.7,640x480,70,1,10,../dataset/Roger Federer/Roger Federer_12.jpg
Hrithik Roshan,Tom Cruise,Tom Cruise,Incorrect Match,0.20629191398620605,True,0.7,640x480,70,1,10,../dataset/Tom Cruise/Tom Cruise_10.jpg
Roger Federer,Andy Samberg,,No Face Detected in Test,0.1855487823486328,True,0.7,640x480,70,1,10,../dataset/Andy Samberg/Andy Samberg_8.jpg
Roger Federer,Andy Samberg,Andy Samberg,Incorrect Match,0.19676780700683594,True,0.7,640x480,70,1,10,../dataset/Andy Samberg/Andy Samberg_15.jpg
Roger Federer,Anushka Sharma,Anushka Sharma,Incorrect Match,0.18100881576538086,True,0.7,640x480,70,1,10,../dataset/Anushka Sharma/Anushka Sharma_32.jpg
Roger Federer,Billie Eilish,Billie Eilish,Incorrect Match,0.179168701171875,True,0.7,640x480,70,1,10,../dataset/Billie Eilish/Billie Eilish_23.jpg
Roger Federer,Camila Cabello,,No Face Detected in Test,0.1486802101135254,True,0.7,640x480,70,1,10,../dataset/Camila Cabello/Camila Cabello_19.jpg
Roger Federer,Camila Cabello,,No Face Detected in Test,0.1402120590209961,True,0.7,640x480,70,1,10,../dataset/Camila Cabello/Camila Cabello_31.jpg
Roger Federer,Camila Cabello,,No Face Detected in Test,0.13370847702026367,True,0.7,640x480,70,1,10,../dataset/Camila Cabello/Camila Cabello_33.jpg
Roger Federer,Camila Cabello,Camila Cabello,Incorrect Match,0.15177559852600098,True,0.7,640x480,70,1,10,../dataset/Camila Cabello/Camila Cabello_78.jpg
Roger Federer,Courtney Cox,Camila Cabello,Incorrect Match,0.1665360927581787,True,0.7,640x480,70,1,10,../dataset/Courtney Cox/Courtney Cox_39.jpg
Roger Federer,Dwayne Johnson,Dwayne Johnson,Incorrect Match,0.17482471466064453,True,0.7,640x480,70,1,10,../dataset/Dwayne Johnson/Dwayne Johnson_39.jpg
Roger Federer,Ellen Degeneres,,No Face Detected in Test,0.15441274642944336,True,0.7,640x480,70,1,10,../dataset/Ellen Degeneres/Ellen Degeneres_52.jpg
Roger Federer,Ellen Degeneres,Courtney Cox,Incorrect Match,0.16340112686157227,True,0.7,640x480,70,1,10,../dataset/Ellen Degeneres/Ellen Degeneres_70.jpg
Roger Federer,Hrithik Roshan,Hrithik Roshan,Incorrect Match,0.16926360130310059,True,0.7,640x480,70,1,10,../dataset/Hrithik Roshan/Hrithik Roshan_77.jpg
Roger Federer,Roger Federer,Roger Federer,Correct Match,0.21705269813537598,True,0.7,640x480,70,1,10,../dataset/Roger Federer/Roger Federer_7.jpg
Roger Federer,Tom Cruise,Andy Samberg,Incorrect Match,0.19068264961242676,True,0.7,640x480,70,1,10,../dataset/Tom Cruise/Tom Cruise_16.jpg
Tom Cruise,Andy Samberg,Andy Samberg,Incorrect Match,0.20532631874084473,True,0.7,640x480,70,1,10,../dataset/Andy Samberg/Andy Samberg_57.jpg
Tom Cruise,Anushka Sharma,Anushka Sharma,Incorrect Match,0.18170571327209473,True,0.7,640x480,70,1,10,../dataset/Anushka Sharma/Anushka Sharma_61.jpg
Tom Cruise,Billie Eilish,Billie Eilish,Incorrect Match,0.17465972900390625,True,0.7,640x480,70,1,10,../dataset/Billie Eilish/Billie Eilish_30.jpg
Tom Cruise,Camila Cabello,Anushka Sharma,Incorrect Match,0.16975164413452148,True,0.7,640x480,70,1,10,../dataset/Camila Cabello/Camila Cabello_56.jpg
Tom Cruise,Courtney Cox,,No Face Detected in Test,0.15302610397338867,True,0.7,640x480,70,1,10,../dataset/Courtney Cox/Courtney Cox_23.jpg
Tom Cruise,Courtney Cox,,No Face Detected in Test,0.14246487617492676,True,0.7,640x480,70,1,10,../dataset/Courtney Cox/Courtney Cox_31.jpg
Tom Cruise,Courtney Cox,,No Face Detected in Test,0.1358044147491455,True,0.7,640x480,70,1,10,../dataset/Courtney Cox/Courtney Cox_10.jpg
Tom Cruise,Courtney Cox,,No Face Detected in Test,0.1319730281829834,True,0.7,640x480,70,1,10,../dataset/Courtney Cox/Courtney Cox_76.jpg
Tom Cruise,Courtney Cox,,No Face Detected in Test,0.12797045707702637,True,0.7,640x480,70,1,10,../dataset/Courtney Cox/Courtney Cox_5.jpg
Tom Cruise,Courtney Cox,,No Face Detected in Test,0.1276540756225586,True,0.7,640x480,70,1,10,../dataset/Courtney Cox/Courtney Cox_73.jpg
Tom Cruise,Courtney Cox,,No Face Detected in Test,0.12678170204162598,True,0.7,640x480,70,1,10,../dataset/Courtney Cox/Courtney Cox_9.jpg
Tom Cruise,Courtney Cox,,No Face Detected in Test,0.1260368824005127,True,0.7,640x480,70,1,10,../dataset/Courtney Cox/Courtney Cox_56.jpg
Tom Cruise,Courtney Cox,Courtney Cox,Incorrect Match,0.15228700637817383,True,0.7,640x480,70,1,10,../dataset/Courtney Cox/Courtney Cox_64.jpg
Tom Cruise,Dwayne Johnson,Dwayne Johnson,Incorrect Match,0.17130637168884277,True,0.7,640x480,70,1,10,../dataset/Dwayne Johnson/Dwayne Johnson_59.jpg
Tom Cruise,Ellen Degeneres,,No Face Detected in Test,0.15630030632019043,True,0.7,640x480,70,1,10,../dataset/Ellen Degeneres/Ellen Degeneres_58.jpg
Tom Cruise,Ellen Degeneres,,No Face Detected in Test,0.14302492141723633,True,0.7,640x480,70,1,10,../dataset/Ellen Degeneres/Ellen Degeneres_51.jpg
Tom Cruise,Ellen Degeneres,Courtney Cox,Incorrect Match,0.16221094131469727,True,0.7,640x480,70,1,10,../dataset/Ellen Degeneres/Ellen Degeneres_42.jpg
Tom Cruise,Hrithik Roshan,Hrithik Roshan,Incorrect Match,0.17060399055480957,True,0.7,640x480,70,1,10,../dataset/Hrithik Roshan/Hrithik Roshan_46.jpg
Tom Cruise,Roger Federer,Roger Federer,Incorrect Match,0.22225689888000488,True,0.7,640x480,70,1,10,../dataset/Roger Federer/Roger Federer_22.jpg
Tom Cruise,Tom Cruise,,No Face Detected in Test,0.16417741775512695,True,0.7,640x480,70,1,10,../dataset/Tom Cruise/Tom Cruise_38.jpg
Tom Cruise,Tom Cruise,Andy Samberg,Incorrect Match,0.16988563537597656,True,0.7,640x480,70,1,10,../dataset/Tom Cruise/Tom Cruise_39.jpg
